17.3776054
17.1564064
16.9352074
16.7140083
16.4928093
16.2689247
16.0450382
15.8211536
15.5972681
15.3737669
15.1502647
14.9267635
14.7032623
14.4814529
14.2596445
14.0378361
13.8160267
13.5968466
13.3776665
13.1584864
12.9393063
12.7243242
12.5093422
12.2943602
12.0793781
11.8701305
11.6608820
11.4516335
11.2423859
11.0404959
10.8386059
10.6367149
10.4348249
10.2406940
10.0465622
9.8524313
9.6583004
9.4758072
9.2933149
9.1108227
8.9283295
8.7597237
8.5911179
8.4225130
8.2539072
8.1016245
7.9493423
7.7970600
7.6447773
7.5114160
7.3780546
7.2446933
7.1113319
6.9995861
6.8878407
6.7760954
6.6643496
6.5769877
6.4896259
6.4022646
6.3149028
6.2547798
6.1946564
6.1345329
6.0744100
6.0411530
6.0078955
5.9746385
5.9413815
5.9379091
5.9344368
5.9309640
5.9274917
5.9269943
5.9264965
5.9259987
5.9255013
5.9281578
5.9308138
5.9334702
5.9361267
5.9429183
5.9497099
5.9565020
5.9632936
5.9757552
5.9882169
6.0006785
6.0131402
6.0368595
6.0605788
6.0842981
6.1080174
6.1423798
6.1767426
6.2111049
6.2454672
6.2880793
6.3306913
6.3733039
6.4159160
6.4643393
6.5127621
6.5611854
6.6096087
6.6629705
6.7163324
6.7696948
6.8230567
6.8787131
6.9343691
6.9900255
7.0456820
7.1037388
7.1617956
7.2198520
7.2779088
7.3359728
7.3940363
7.4521003
7.5101643
7.5684738
7.6267834
7.6850924
7.7434020
7.8014588
7.8595152
7.9175720
7.9756289
17.2473526
17.0261536
16.8049545
16.5837555
16.3713531
16.1474686
15.9235830
15.6996984
15.4825611
15.2590599
15.0355577
14.8120565
14.5935917
14.3717823
14.1499739
13.9281654
13.7099800
13.4907999
13.2716198
13.0524397
12.8360882
12.6211052
12.4061241
12.1911411
11.9783230
11.7690754
11.5598269
11.3505783
11.1432667
10.9413767
10.7394867
10.5375957
10.3385277
10.1443968
9.9502649
9.7561340
9.5661430
9.3836498
9.2011576
9.0186653
8.8407402
8.6721344
8.5035286
8.3349237
8.1712122
8.0189295
7.8666468
7.7143650
7.5671897
7.4338284
7.3004670
7.1671057
7.0385685
6.9268227
6.8150778
6.7033319
6.5960789
6.5087171
6.4213552
6.3339939
6.2510257
6.1909027
6.1307793
6.0706558
6.0146680
5.9814110
5.9481535
5.9148965
5.8860788
5.8826065
5.8791342
5.8756614
5.8727980
5.8723006
5.8718028
5.8713050
5.8709841
5.8736401
5.8762960
5.8789530
5.8853097
5.8921013
5.8988929
5.9056849
5.9243550
5.9368167
5.9492784
5.9617400
5.9922600
6.0159793
6.0396986
6.0634179
6.1042714
6.1386337
6.1729965
6.2073588
6.2576780
6.3002901
6.3429022
6.3855147
6.4425092
6.4909325
6.5393553
6.5877786
6.6496067
6.7029686
6.7563305
6.8096924
6.8748565
6.9305129
6.9861689
7.0418253
7.1082625
7.1663194
7.2243762
7.2824326
7.3500471
7.4081111
7.4661746
7.5242386
7.5902357
7.6485453
7.7068548
7.7651639
7.8312502
7.8893070
7.9473634
8.0054197
8.0692263
17.1170998
16.8959007
16.6747017
16.4623013
16.2498989
16.0260143
15.8021278
15.5849915
15.3678541
15.1443529
14.9208508
14.7023859
14.4839211
14.2621117
14.0403032
13.8221188
13.6039333
13.3847532
13.1655731
12.9492216
12.7328691
12.5178871
12.3029051
12.0900860
11.8772678
11.6680202
11.4587727
11.2514601
11.0441475
10.8422575
10.6403675
10.4412975
10.2422295
10.0480995
9.8539677
9.6639767
9.4739857
9.2914925
9.1089993
8.9310741
8.7531509
8.5845451
8.4159393
8.2522278
8.0885162
7.9362340
7.7839518
7.6367769
7.4896021
7.3562403
7.2228794
7.0943422
6.9658055
6.8540597
6.7423143
6.6350613
6.5278082
6.4404469
6.3530846
6.2701168
6.1871481
6.1270256
6.0669022
6.0109138
5.9549265
5.9216690
5.8884115
5.8595943
5.8307762
5.8273039
5.8238316
5.8209677
5.8181038
5.8176069
5.8171091
5.8167877
5.8164663
5.8191228
5.8217788
5.8281355
5.8344927
5.8412838
5.8480759
5.8667459
5.8854170
5.8978786
5.9103403
5.9408598
5.9713793
5.9950991
6.0188179
6.0596714
6.1005249
6.1348877
6.1692505
6.2195692
6.2698889
6.3125010
6.3551130
6.4121075
6.4691029
6.5175257
6.5659485
6.6277766
6.6896043
6.7429662
6.7963281
6.8614922
6.9266567
6.9823132
7.0379686
7.1044064
7.1708431
7.2289000
7.2869568
7.3545713
7.4221849
7.4802494
7.5383129
7.6043100
7.6703072
7.7286167
7.7869263
7.8530121
7.9190979
7.9771547
8.0352116
8.0990181
8.1628237
16.9868488
16.7656498
16.5532494
16.3408470
16.1284447
15.9045591
15.6874208
15.4702845
15.2531471
15.0296459
14.8111801
14.5927153
14.3742504
14.1524410
13.9342566
13.7160721
13.4978867
13.2787066
13.0623550
12.8460026
12.6296501
12.4146690
12.2018509
11.9890318
11.7762136
11.5669661
11.3596535
11.1523409
10.9450283
10.7431383
10.5440693
10.3450003
10.1459322
9.9518013
9.7618103
9.5718184
9.3818274
9.1993341
9.0214100
8.8434849
8.6655607
8.4969549
8.3332443
8.1695328
8.0058212
7.8535385
7.7063642
7.5591888
7.4120140
7.2786527
7.1501160
7.0215788
6.8930426
6.7812967
6.6740437
6.5667911
6.4595380
6.3721762
6.2892075
6.2062392
6.1232710
6.0631480
6.0071602
5.9511724
5.8951845
5.8619275
5.8331089
5.8042912
5.7754731
5.7720008
5.7691369
5.7662735
5.7634101
5.7629128
5.7625914
5.7622700
5.7619486
5.7646055
5.7709618
5.7773185
5.7836752
5.7904668
5.8091373
5.8278079
5.8464785
5.8589401
5.8894596
5.9199796
5.9504991
5.9742184
6.0150719
6.0559254
6.0967789
6.1311412
6.1814604
6.2317801
6.2820992
6.3247113
6.3817062
6.4387012
6.4956961
6.5441194
6.6059465
6.6677742
6.7296019
6.7829638
6.8481283
6.9132924
6.9784565
7.0341129
7.1005502
7.1669869
7.2334242
7.2914810
7.3590951
7.4267092
7.4943233
7.5523872
7.6183844
7.6843815
7.7503786
7.8086882
7.8747740
7.9408603
8.0069466
8.0650034
8.1288090
8.1926155
8.2564211
16.8565960
16.6441936
16.4317932
16.2193909
16.0069885
15.7898512
15.5727139
15.3555775
15.1384401
14.9199753
14.7015095
14.4830446
14.2645798
14.0463943
13.8282099
13.6100254
13.3918400
13.1754875
12.9591360
12.7427845
12.5264320
12.3136139
12.1007957
11.8879766
11.6751585
11.4678459
11.2605343
11.0532217
10.8459091
10.6468410
10.4477720
10.2487030
10.0496349
9.8596439
9.6696529
9.4796610
9.2896700
9.1117458
8.9338207
8.7558956
8.5779715
8.4142599
8.2505493
8.0868378
7.9231262
7.7759514
7.6287766
7.4816012
7.3344264
7.2058897
7.0773525
6.9488158
6.8202791
6.7130260
6.6057730
6.4985204
6.3912673
6.3082991
6.2253304
6.1423621
6.0593939
6.0034060
5.9474182
5.8914304
5.8354425
5.8066244
5.7778063
5.7489886
5.7201705
5.7173071
5.7144432
5.7115798
5.7087164
5.7083950
5.7080736
5.7077527
5.7074313
5.7137880
5.7201447
5.7265015
5.7328582
5.7515287
5.7701988
5.7888694
5.8075399
5.8380594
5.8685794
5.8990993
5.9296188
5.9704723
6.0113258
6.0521793
6.0930328
6.1433520
6.1936712
6.2439909
6.2943101
6.3513050
6.4082994
6.4652944
6.5222893
6.5841169
6.6459446
6.7077723
6.7695999
6.8347640
6.8999281
6.9650922
7.0302563
7.0966935
7.1631308
7.2295675
7.2960048
7.3636189
7.4312334
7.4988475
7.5664616
7.6324587
7.6984558
7.7644529
7.8304501
7.8965359
7.9626222
8.0287085
8.0947943
8.1585999
8.2224064
8.2862129
8.3500185
16.7187729
16.5063705
16.2939720
16.0815697
15.8717823
15.6546450
15.4375076
15.2203712
15.0092916
14.7908268
14.5723610
14.3538961
14.1427650
13.9245796
13.7063951
13.4882107
13.2781944
13.0618420
12.8454914
12.6291389
12.4194775
12.2066593
11.9938412
11.7810211
11.5740175
11.3667049
11.1593933
10.9520807
10.7498198
10.5507517
10.3516827
10.1526136
9.9565983
9.7666073
9.5766163
9.3866253
9.1997585
9.0218334
8.8439083
8.6659832
8.4906750
8.3269634
8.1632519
7.9995408
7.8384204
7.6912456
7.5440707
7.3968954
7.2530775
7.1245408
6.9960036
6.8674669
6.7432060
6.6359529
6.5286999
6.4214473
6.3190775
6.2361093
6.1531405
6.0701723
5.9922266
5.9362392
5.8802509
5.8242636
5.7732453
5.7444272
5.7156091
5.6867914
5.6632433
5.6603799
5.6575160
5.6546526
5.6588287
5.6585073
5.6581860
5.6578650
5.6740398
5.6803966
5.6867533
5.6931100
5.7203803
5.7390509
5.7577209
5.7763915
5.8142023
5.8447218
5.8752422
5.9057617
5.9533038
5.9941573
6.0350108
6.0758643
6.1318603
6.1821795
6.2324986
6.2828183
6.3467770
6.4037719
6.4607663
6.5177612
6.5863466
6.6481743
6.7100019
6.7718296
6.8447661
6.9099302
6.9750943
7.0402584
7.1143475
7.1807847
7.2472219
7.3136587
7.3889074
7.4565215
7.5241361
7.5917501
7.6666193
7.7326164
7.7986135
7.8646107
7.9378276
8.0039139
8.0699997
8.1360855
8.2083998
8.2722054
8.3360119
8.3998184
8.4693613
16.5809517
16.3685493
16.1561489
15.9463615
15.7365761
15.5194387
15.3023014
15.0912228
14.8801441
14.6616783
14.4432125
14.2320824
14.0209503
13.8027649
13.5845804
13.3745651
13.1645498
12.9481974
12.7318459
12.5221834
12.3125219
12.0997038
11.8868856
11.6798801
11.4728756
11.2655640
11.0582523
10.8559914
10.6537304
10.4546623
10.2555933
10.0595779
9.8635626
9.6735716
9.4835806
9.2967129
9.1098461
8.9319220
8.7539968
8.5786867
8.4033775
8.2396660
8.0759554
7.9148350
7.7537146
7.6065397
7.4593649
7.3155470
7.1717286
7.0431919
6.9146547
6.7903938
6.6661329
6.5588799
6.4516268
6.3492575
6.2468877
6.1639194
6.0809507
6.0030055
5.9250598
5.8690720
5.8130841
5.7620659
5.7110481
5.6822300
5.6534119
5.6298637
5.6063161
5.6034527
5.6005888
5.6047649
5.6089411
5.6086197
5.6082983
5.6244736
5.6406488
5.6470051
5.6533623
5.6806316
5.7079020
5.7265730
5.7452431
5.7830539
5.8208652
5.8513846
5.8819046
5.9294472
5.9769888
6.0178423
6.0586958
6.1146917
6.1706877
6.2210064
6.2713261
6.3352852
6.3992443
6.4562387
6.5132332
6.5818186
6.6504040
6.7122316
6.7740593
6.8469954
6.9199324
6.9850960
7.0502605
7.1243496
7.1984386
7.2648759
7.3313131
7.4065619
7.4818106
7.5494242
7.6170387
7.6919079
7.7667770
7.8327742
7.8987713
7.9719887
8.0452051
8.1112909
8.1773777
8.2496910
8.3220053
8.3858109
8.4496174
8.5191612
8.5887041
16.4431305
16.2307281
16.0209427
15.8111553
15.6013699
15.3842325
15.1731539
14.9620743
14.7509956
14.5325308
14.3213987
14.1102676
13.8991356
13.6809502
13.4709358
13.2609196
13.0509052
12.8345528
12.6248913
12.4152279
12.2055664
11.9927483
11.7857437
11.5787392
11.3717346
11.1644220
10.9621620
10.7599020
10.5576410
10.3585730
10.1625576
9.9665413
9.7705269
9.5805359
9.3936691
9.2068005
9.0199337
8.8420105
8.6667004
8.4913902
8.3160801
8.1523685
7.9912496
7.8301291
7.6690092
7.5218344
7.3780160
7.2341981
7.0903797
6.9618430
6.8375816
6.7133207
6.5890594
6.4818063
6.3794370
6.2770677
6.1746979
6.0917296
6.0137844
5.9358387
5.8578930
5.8019047
5.7508864
5.6998687
5.6488504
5.6200323
5.5964847
5.5729365
5.5493889
5.5465255
5.5507011
5.5548773
5.5590529
5.5587316
5.5749068
5.5910821
5.6072574
5.6136141
5.6408839
5.6681538
5.6954241
5.7140946
5.7519054
5.7897167
5.8275280
5.8580475
5.9055896
5.9531322
6.0006742
6.0415277
6.0975232
6.1535192
6.2095146
6.2598338
6.3237929
6.3877521
6.4517112
6.5087061
6.5772910
6.6458759
6.7144613
6.7762890
6.8492255
6.9221616
6.9950981
7.0602622
7.1343517
7.2084408
7.2825298
7.3489671
7.4242158
7.4994645
7.5747132
7.6423273
7.7171965
7.7920661
7.8669353
7.9329324
8.0061493
8.0793667
8.1525822
8.2186680
8.2909832
8.3632965
8.4356108
8.4994164
8.5689602
8.6385040
8.7080469
16.3053074
16.0955219
15.8857355
15.6759491
15.4661636
15.2550850
15.0440054
14.8329258
14.6218472
14.4107151
14.1995840
13.9884529
13.7773209
13.5673056
13.3572903
13.1472750
12.9372597
12.7275982
12.5179358
12.3082733
12.0986118
11.8916073
11.6846027
11.4775982
11.2705936
11.0683327
10.8660727
10.6638126
10.4615517
10.2655363
10.0695210
9.8735056
9.6774902
9.4906235
9.3037567
9.1168890
8.9300222
8.7547131
8.5794029
8.4040928
8.2287836
8.0676632
7.9065437
7.7454233
7.5843034
7.4404850
7.2966671
7.1528492
7.0090308
6.8847694
6.7605085
6.6362476
6.5119863
6.4096165
6.3072472
6.2048779
6.1025081
6.0245624
5.9466171
5.8686714
5.7907257
5.7397075
5.6886892
5.6376715
5.5866532
5.5631056
5.5395575
5.5160093
5.4924617
5.4966373
5.5008135
5.5049896
5.5091653
5.5253406
5.5415154
5.5576906
5.5738659
5.6011362
5.6284060
5.6556759
5.6829462
5.7207575
5.7585683
5.7963791
5.8341904
5.8817325
5.9292746
5.9768171
6.0243592
6.0803547
6.1363506
6.1923466
6.2483420
6.3123012
6.3762598
6.4402189
6.5041780
6.5727634
6.6413484
6.7099333
6.7785187
6.8514552
6.9243917
6.9973278
7.0702643
7.1443534
7.2184429
7.2925320
7.3666210
7.4418697
7.5171185
7.5923672
7.6676159
7.7424850
7.8173542
7.8922238
7.9670930
8.0403099
8.1135263
8.1867437
8.2599602
8.3322744
8.4045887
8.4769020
8.5492163
8.6187592
8.6883030
8.7578468
8.8273897
16.1704559
15.9606705
15.7508831
15.5410976
15.3356609
15.1245823
14.9135036
14.7024231
14.4943409
14.2832088
14.0720778
13.8609467
13.6516571
13.4416409
13.2316265
13.0216103
12.8146801
12.6050186
12.3953562
12.1856937
11.9814415
11.7744370
11.5674324
11.3604279
11.1600170
10.9577560
10.7554970
10.5532360
10.3577480
10.1617336
9.9657173
9.7697029
9.5802784
9.3934116
9.2065449
9.0196772
8.8381948
8.6628857
8.4875755
8.3122654
8.1419735
7.9808531
7.8197336
7.6586132
7.5021529
7.3583345
7.2145166
7.0706987
6.9306307
6.8063693
6.6821084
6.5578475
6.4369068
6.3345370
6.2321677
6.1297984
6.0307827
5.9528370
5.8748922
5.7969465
5.7194958
5.6684771
5.6174593
5.5664415
5.5160942
5.4925466
5.4689984
5.4454503
5.4608741
5.4650497
5.4692259
5.4734020
5.5001321
5.5163074
5.5324821
5.5486574
5.5854673
5.6127377
5.6400075
5.6672773
5.7131548
5.7509661
5.7887769
5.8265877
5.8815174
5.9290595
5.9766016
6.0241442
6.0860090
6.1420045
6.1980004
6.2539964
6.3230195
6.3869786
6.4509373
6.5148964
6.5894208
6.6580062
6.7265911
6.7951760
6.8733873
6.9463234
7.0192604
7.0921965
7.1732006
7.2472897
7.3213792
7.3954682
7.4766674
7.5519161
7.6271648
7.7024136
7.7848129
7.8596821
7.9345512
8.0094213
8.0894480
8.1626644
8.2358809
8.3090982
8.3883495
8.4606638
8.5329781
8.6052914
8.6823664
8.7519093
8.8214531
8.8909969
8.9657898
16.0356026
15.8258181
15.6160316
15.4105959
15.2051592
14.9940805
14.7830009
14.5749178
14.3668346
14.1557026
13.9445715
13.7352819
13.5259924
13.3159771
13.1059618
12.8990307
12.6921005
12.4824390
12.2727766
12.0685234
11.8642702
11.6572657
11.4502611
11.2498512
11.0494413
10.8471804
10.6449203
10.4494333
10.2539454
10.0579300
9.8619146
9.6724911
9.4830666
9.2961998
9.1093330
8.9278488
8.7463665
8.5710583
8.3957481
8.2254562
8.0551634
7.8940430
7.7329235
7.5764627
7.4200029
7.2761841
7.1323662
6.9922981
6.8522301
6.7279692
6.6037083
6.4827671
6.3618269
6.2594576
6.1570883
6.0580730
5.9590578
5.8811121
5.8031669
5.7257161
5.6482654
5.5972471
5.5462289
5.4958820
5.4455347
5.4219875
5.3984394
5.4138627
5.4292865
5.4334621
5.4376383
5.4643688
5.4910984
5.5072737
5.5234489
5.5602589
5.5970688
5.6243391
5.6516085
5.6974859
5.7433634
5.7811747
5.8189859
5.8739147
5.9288445
5.9763861
6.0239286
6.0857935
6.1476588
6.2036543
6.2596502
6.3286734
6.3976965
6.4616556
6.5256147
6.6001387
6.6746635
6.7432489
6.8118334
6.8900447
6.9682555
7.0411921
7.1141286
7.1951332
7.2761374
7.3502264
7.4243155
7.5055146
7.5867133
7.6619620
7.7372108
7.8196101
7.9020104
7.9768796
8.0517483
8.1317759
8.2118025
8.2850199
8.3582363
8.4374876
8.5167389
8.5890532
8.6613674
8.7384415
8.8155174
8.8850594
8.9546032
9.0293961
9.1041889
15.9007511
15.6909657
15.4855289
15.2800941
15.0746574
14.8635788
14.6554947
14.4474115
14.2393284
14.0281963
13.8189068
13.6096172
13.4003277
13.1903133
12.9833822
12.7764511
12.5695210
12.3598595
12.1556053
11.9513531
11.7470989
11.5400944
11.3396854
11.1392746
10.9388657
10.7366047
10.5411167
10.3456306
10.1501427
9.9541264
9.7647028
9.5752792
9.3858547
9.1989880
9.0175047
8.8360214
8.6545391
8.4792299
8.3089380
8.1386461
7.9683537
7.8072333
7.6507730
7.4943128
7.3378525
7.1940341
7.0539660
6.9138980
6.7738299
6.6495686
6.5286283
6.4076877
6.2867475
6.1843777
6.0853624
5.9863482
5.8873329
5.8093872
5.7319365
5.6544857
5.5770350
5.5260172
5.4756699
5.4253230
5.3749757
5.3514280
5.3668518
5.3822751
5.3976989
5.4018745
5.4286051
5.4553351
5.4820652
5.4982405
5.5350504
5.5718598
5.6086698
5.6359401
5.6818175
5.7276950
5.7735724
5.8113837
5.8663125
5.9212418
5.9761710
6.0237131
6.0855784
6.1474433
6.2093086
6.2653041
6.3343277
6.4033508
6.4723740
6.5363331
6.6108575
6.6853814
6.7599058
6.8284912
6.9067020
6.9849129
7.0631237
7.1360607
7.2170649
7.2980695
7.3790736
7.4531627
7.5343618
7.6155605
7.6967592
7.7720079
7.8544083
7.9368076
8.0192080
8.0940771
8.1741047
8.2541313
8.3341579
8.4073744
8.4866257
8.5658770
8.6451283
8.7174425
8.7945175
8.8715925
8.9486675
9.0182104
9.0930033
9.1677961
9.2425890
15.7658997
15.5604630
15.3550272
15.1495914
14.9441547
14.7360716
14.5279884
14.3199053
14.1118221
13.9025326
13.6932430
13.4839535
13.2746639
13.0677338
12.8608027
12.6538715
12.4469414
12.2426882
12.0384350
11.8341818
11.6299286
11.4295187
11.2291088
11.0286989
10.8282890
10.6328011
10.4373140
10.2418270
10.0463390
9.8569145
9.6674910
9.4780674
9.2886429
9.1071606
8.9256773
8.7441940
8.5627117
8.3924198
8.2221279
8.0518360
7.8815436
7.7250834
7.5686226
7.4121623
7.2557020
7.1156340
6.9755659
6.8354979
6.6954298
6.5744896
6.4535489
6.3326082
6.2116680
6.1126528
6.0136375
5.9146228
5.8156075
5.7381568
5.6607065
5.5832558
5.5058050
5.4554577
5.4051108
5.3547640
5.3044167
5.3198404
5.3352642
5.3506875
5.3661113
5.3928413
5.4195719
5.4463019
5.4730320
5.5098419
5.5466518
5.5834613
5.6202712
5.6661487
5.7120261
5.7579036
5.8037810
5.8587103
5.9136395
5.9685688
6.0234981
6.0853634
6.1472282
6.2090931
6.2709584
6.3399816
6.4090052
6.4780283
6.5470514
6.6215758
6.6961002
6.7706242
6.8451486
6.9233594
7.0015707
7.0797815
7.1579924
7.2389965
7.3200011
7.4010057
7.4820099
7.5632086
7.6444077
7.7256069
7.8068056
7.8892055
7.9716053
8.0540047
8.1364050
8.2164316
8.2964592
8.3764858
8.4565125
8.5357637
8.6150150
8.6942663
8.7735176
8.8505926
8.9276676
9.0047426
9.0818176
9.1566105
9.2314034
9.3061962
9.3809891
15.6176929
15.4122562
15.2068214
15.0013847
14.8034515
14.5953693
14.3872852
14.1792030
13.9804983
13.7712088
13.5619192
13.3526297
13.1517410
12.9448109
12.7378807
12.5309486
12.3290977
12.1248446
11.9205914
11.7163382
11.5156555
11.3152447
11.1148357
10.9144249
10.7162571
10.5207691
10.3252821
10.1297951
9.9379244
9.7484999
9.5590763
9.3696527
9.1852760
9.0037937
8.8223104
8.6408272
8.4654713
8.2951794
8.1248875
7.9545956
7.7906551
7.6341949
7.4777341
7.3212738
7.1704779
7.0304098
6.8903418
6.7502737
6.6147919
6.4938517
6.3729110
6.2519703
6.1346846
6.0356693
5.9366541
5.8376393
5.6898737
5.6124229
5.5349727
5.4575219
5.4217205
5.3713732
5.3210263
5.2706795
5.2943931
5.3098168
5.3252406
5.3406639
5.3775778
5.4043074
5.4310379
5.4577684
5.5044684
5.5412784
5.5780883
5.6148977
5.6693897
5.7152672
5.7611446
5.8070221
5.8693008
5.9242301
5.9791594
6.0340886
6.1030755
6.1649408
6.2268057
6.2886705
6.3630857
6.4321089
6.5011325
6.5701556
6.6499801
6.7245045
6.7990289
6.8735528
6.9562478
7.0344586
7.1126699
7.1908808
7.2768226
7.3578267
7.4388313
7.5198359
7.6063452
7.6875439
7.7687426
7.8499422
7.9368362
8.0192356
8.1016359
8.1840353
8.2707958
8.3508224
8.4308510
8.5108776
8.5955868
8.6748371
8.7540894
8.8333397
8.9175844
8.9946594
9.0717344
9.1488094
9.2288980
9.3036909
9.3784838
9.4532766
9.5321350
15.4694872
15.2640505
15.0586147
14.8606825
14.6627493
14.4546661
14.2465830
14.0478783
13.8491745
13.6398849
13.4305954
13.2297077
13.0288191
12.8218889
12.6149578
12.4131060
12.2112541
12.0070009
11.8027477
11.6020651
11.4013815
11.2009716
11.0005617
10.8023930
10.6042252
10.4087372
10.2132502
10.0213795
9.8295097
9.6400852
9.4506617
9.2662849
9.0819092
8.9004269
8.7189445
8.5435867
8.3682308
8.1979389
8.0276470
7.8637066
7.6997662
7.5433064
7.3868456
7.2360497
7.0852537
6.9451857
6.8051176
6.6696358
6.5341539
6.4132137
6.2922735
6.1749878
6.0577011
5.9586859
5.8596706
5.7119055
5.5641394
5.4866886
5.4092388
5.3734369
5.3376360
5.2872887
5.2369418
5.2606554
5.2843695
5.2997932
5.3152170
5.3521304
5.3890438
5.4157739
5.4425044
5.4892044
5.5359049
5.5727148
5.6095247
5.6640167
5.7185087
5.7643862
5.8102636
5.8725419
5.9348207
5.9897499
6.0446792
6.1136665
6.1826534
6.2445183
6.3063831
6.3807983
6.4552135
6.5242367
6.5932598
6.6730843
6.7529087
6.8274336
6.9019575
6.9846525
7.0673466
7.1455574
7.2237692
7.3097105
7.3956528
7.4766569
7.5576615
7.6441708
7.7306800
7.8118787
7.8930779
7.9799728
8.0668669
8.1492672
8.2316666
8.3184271
8.4051876
8.4852142
8.5652418
8.6499510
8.7346601
8.8139114
8.8931627
8.9774075
9.0616512
9.1387253
9.2158012
9.2958908
9.3759785
9.4507713
9.5255642
9.6044235
9.6832819
15.3212814
15.1158447
14.9179115
14.7199802
14.5220470
14.3139629
14.1152601
13.9165554
13.7178516
13.5085621
13.3076744
13.1067848
12.9058971
12.6989670
12.4971142
12.2952623
12.0934105
11.8891573
11.6884747
11.4877911
11.2871075
11.0866985
10.8885298
10.6903610
10.4921932
10.2967052
10.1048355
9.9129648
9.7210951
9.5316706
9.3472958
9.1629190
8.9785433
8.7970610
8.6217031
8.4463463
8.2709894
8.1006975
7.9367576
7.7728176
7.6088777
7.4524174
7.3016214
7.1508255
7.0000296
6.8599615
6.7244797
6.5889983
6.4535165
6.3325763
6.2152901
6.0980043
5.9807181
5.8817029
5.7339368
5.5861712
5.4384055
5.3609548
5.3251538
5.2893524
5.2535515
5.2032042
5.2269187
5.2506323
5.2743464
5.2897701
5.3266830
5.3635969
5.4005098
5.4272404
5.4739404
5.5206409
5.5673413
5.6041512
5.6586432
5.7131352
5.7676272
5.8135047
5.8757834
5.9380617
6.0003405
6.0552697
6.1242571
6.1932440
6.2622309
6.3240962
6.3985109
6.4729257
6.5473409
6.6163640
6.6961884
6.7760134
6.8558378
6.9303622
7.0130568
7.0957513
7.1784458
7.2566566
7.3425989
7.4285407
7.5144830
7.5954871
7.6819963
7.7685061
7.8550148
7.9362135
8.0231085
8.1100035
8.1968975
8.2792969
8.3660583
8.4528179
8.5395794
8.6196060
8.7043152
8.7890244
8.8737335
8.9529858
9.0372286
9.1214733
9.2057171
9.2827921
9.3628817
9.4429712
9.5230598
9.5978527
9.6767120
9.7555695
9.8344288
15.1730747
14.9751415
14.7772093
14.5792770
14.3813438
14.1826401
13.9839363
13.7852316
13.5865278
13.3856392
13.1847515
12.9838629
12.7829742
12.5811224
12.3792706
12.1774187
11.9755669
11.7748833
11.5742006
11.3735180
11.1728344
10.9746666
10.7764978
10.5783291
10.3801613
10.1882915
9.9964209
9.8045502
9.6126804
9.4283047
9.2439289
9.0595522
8.8751764
8.6998196
8.5244627
8.3491058
8.1737490
8.0098095
7.8458691
7.6819291
7.5179892
7.3671932
7.2163973
7.0656013
6.9148054
6.7793236
6.6438417
6.5083604
6.3728786
6.2555923
6.1383066
6.0210209
5.9037347
5.7559690
5.6082029
5.4604373
5.3126717
5.2768707
5.2410693
5.2052679
5.1694670
5.1931810
5.2168951
5.2406087
5.2643228
5.3012362
5.3381495
5.3750629
5.4119763
5.4586768
5.5053768
5.5520773
5.5987778
5.6532698
5.7077618
5.7622538
5.8167458
5.8790245
5.9413033
6.0035815
6.0658603
6.1348472
6.2038345
6.2728214
6.3418083
6.4162235
6.4906383
6.5650530
6.6394682
6.7192926
6.7991171
6.8789420
6.9587665
7.0414610
7.1241560
7.2068505
7.2895451
7.3754873
7.4614291
7.5473709
7.6333132
7.7198224
7.8063316
7.8928409
7.9793501
8.0662441
8.1531391
8.2400341
8.3269281
8.4136887
8.5004492
8.5872097
8.6739702
8.7586794
8.8433895
8.9280987
9.0128078
9.0970516
9.1812954
9.2655401
9.3497839
9.4298725
9.5099621
9.5900517
9.6701403
9.7489986
9.8278580
9.9067163
9.9855747
15.0297470
14.8318138
14.6338825
14.4359493
14.2397594
14.0410557
13.8423519
13.6436472
13.4476089
13.2467213
13.0458336
12.8449440
12.6498909
12.4480391
12.2461872
12.0443354
11.8506165
11.6499329
11.4492502
11.2485676
11.0563345
10.8581667
10.6599979
10.4618292
10.2712126
10.0793428
9.8874722
9.6956015
9.5091972
9.3248215
9.1404457
8.9560690
8.7757578
8.6004009
8.4250441
8.2496872
8.0776682
7.9137287
7.7497883
7.5858483
7.4253187
7.2745228
7.1237268
6.9729309
6.8264236
6.6909418
6.5554600
6.4199786
6.2373810
6.1200948
6.0028090
5.8855233
5.7299204
5.5821543
5.4343882
5.2866230
5.2597690
5.2239680
5.1881666
5.1523652
5.1798134
5.2035275
5.2272415
5.2509556
5.2945652
5.3314781
5.3683920
5.4053049
5.4607716
5.5074720
5.5541720
5.6008725
5.6641064
5.7185984
5.7730904
5.8275824
5.8973331
5.9596119
6.0218906
6.0841689
6.1602330
6.2292199
6.2982073
6.3671942
6.4473591
6.5217743
6.5961890
6.6706038
6.7551880
6.8350124
6.9148369
6.9946613
7.0820737
7.1647682
7.2474632
7.3301578
7.4196606
7.5056028
7.5915451
7.6774864
7.7687426
7.8552513
7.9417610
8.0282698
8.1187773
8.2056713
8.2925663
8.3794613
8.4705877
8.5573483
8.6441088
8.7308693
8.8198261
8.9045353
8.9892464
9.0739555
9.1618328
9.2460766
9.3303204
9.4145660
9.5008421
9.5809307
9.6610203
9.7411098
9.8238964
9.9027548
9.9816141
10.0604725
10.1426516
14.8864202
14.6884871
14.4905548
14.2943649
14.0981750
13.8994713
13.7007675
13.5047293
13.3086910
13.1078024
12.9069147
12.7118607
12.5168076
12.3149567
12.1131039
11.9193859
11.7256660
11.5249825
11.3243008
11.1320677
10.9398346
10.7416668
10.5434980
10.3528805
10.1622639
9.9703941
9.7785234
9.5921192
9.4057140
9.2213383
9.0369625
8.8566494
8.6763382
8.5009823
8.3256245
8.1536064
7.9815874
7.8176479
7.6537075
7.4931779
7.3326478
7.1818519
7.0310559
6.8845491
6.7380419
6.6025600
6.4670782
6.2844810
6.1018829
5.9845972
5.8673115
5.7117085
5.5561056
5.4083400
5.2605739
5.2337208
5.2068663
5.1710653
5.1352644
5.1627121
5.1901603
5.2138743
5.2375884
5.2811975
5.3248072
5.3617206
5.3986340
5.4541006
5.5095673
5.5562677
5.6029673
5.6662016
5.7294350
5.7839270
5.8384190
5.9081697
5.9779205
6.0401993
6.1024780
6.1785421
6.2546053
6.3235922
6.3925800
6.4727449
6.5529099
6.6273251
6.7017393
6.7863235
6.8709073
6.9507318
7.0305562
7.1179686
7.2053814
7.2880754
7.3707705
7.4602733
7.5497766
7.6357188
7.7216606
7.8129163
7.9041715
7.9906807
8.0771904
8.1676960
8.2582035
8.3450985
8.4319935
8.5231199
8.6142473
8.7010078
8.7877684
8.8767252
8.9656830
9.0503922
9.1351023
9.2229805
9.3108587
9.3951025
9.4793463
9.5656242
9.6519012
9.7319889
9.8120785
9.8948660
9.9776525
10.0565109
10.1353703
10.2175493
10.2997284
14.7430935
14.5451603
14.3489704
14.1527796
13.9565897
13.7578859
13.5618477
13.3658104
13.1697731
12.9688835
12.7738314
12.5787783
12.3837252
12.1818733
11.9881544
11.7944355
11.6007166
11.4000330
11.2078009
11.0155678
10.8233347
10.6251669
10.4345493
10.2439318
10.0533152
9.8614454
9.6750393
9.4886351
9.3022299
9.1178541
8.9375420
8.7572308
8.5769196
8.4015627
8.2295437
8.0575256
7.8855066
7.7215672
7.5610371
7.4005070
7.2399769
7.0891809
6.9426746
6.7961674
6.6496606
6.5141788
6.3315806
6.1489830
5.9663854
5.8490992
5.6934967
5.5378942
5.3822908
5.2345257
5.2076716
5.1808181
5.1539640
5.1181631
5.1456108
5.1730585
5.2005072
5.2242212
5.2678308
5.3114395
5.3550491
5.3919630
5.4474292
5.5028958
5.5583625
5.6050630
5.6682968
5.7315302
5.7947640
5.8492560
5.9190068
5.9887576
6.0585084
6.1207871
6.1968508
6.2729144
6.3489780
6.4179649
6.4981298
6.5782952
6.6584601
6.7328753
6.8174591
6.9020433
6.9866266
7.0664511
7.1538639
7.2412763
7.3286886
7.4113832
7.5008860
7.5903893
7.6798925
7.7658348
7.8570900
7.9483452
8.0396004
8.1261101
8.2166166
8.3071232
8.3976307
8.4845247
8.5756531
8.6667795
8.7579069
8.8446674
8.9336243
9.0225811
9.1115398
9.1962490
9.2841282
9.3720055
9.4598846
9.5441284
9.6304054
9.7166824
9.8029594
9.8830481
9.9658346
10.0486221
10.1314087
10.2102671
10.2924471
10.3746262
10.4568052
14.5997658
14.4035759
14.2073860
14.0111952
13.8150053
13.6189671
13.4229298
13.2268925
13.0308542
12.8358011
12.6407480
12.4456949
12.2506418
12.0569229
11.8632040
11.6694851
11.4757662
11.2835331
11.0913010
10.8990679
10.7068348
10.5162182
10.3256006
10.1349831
9.9443665
9.7579613
9.5715561
9.3851519
9.1987467
9.0184355
8.8381233
8.6578121
8.4775009
8.3054819
8.1334629
7.9614449
7.7894258
7.6288958
7.4683661
7.3078365
7.1473064
7.0007997
6.8542929
6.7077856
6.5612788
6.3786812
6.1960831
6.0134854
5.8308878
5.6752849
5.5196819
5.3640795
5.2084765
5.1816225
5.1547689
5.1279154
5.1010613
5.1285095
5.1559572
5.1834054
5.2108536
5.2544632
5.2980728
5.3416820
5.3852916
5.4407582
5.4962244
5.5516911
5.6071577
5.6703916
5.7336254
5.7968588
5.8600926
5.9298434
5.9995942
6.0693450
6.1390958
6.2151594
6.2912235
6.3672872
6.4433508
6.5235157
6.6036806
6.6838460
6.7640109
6.8485947
6.9331789
7.0177627
7.1023464
7.1897588
7.2771711
7.3645835
7.4519958
7.5414991
7.6310019
7.7205048
7.8100080
7.9012632
7.9925189
8.0837746
8.1750298
8.2655373
8.3560438
8.4465504
8.5370579
8.6281853
8.7193127
8.8104391
8.9015665
8.9905243
9.0794811
9.1684380
9.2573957
9.3452740
9.4331532
9.5210314
9.6089096
9.6951866
9.7814636
9.8677406
9.9540176
10.0368042
10.1195908
10.2023783
10.2851648
10.3673439
10.4495239
10.5317030
10.6138821
14.4500580
14.2538681
14.0576782
13.8614864
13.6756458
13.4796076
13.2835703
13.0875330
12.8977079
12.7026548
12.5076017
12.3125486
12.1208668
11.9271479
11.7334290
11.5397100
11.3485003
11.1562672
10.9640350
10.7718019
10.5840826
10.3934660
10.2028484
10.0122309
9.8288860
9.6424809
9.4560757
9.2696724
9.0915680
8.9112568
8.7309446
8.5506334
8.3778372
8.2058182
8.0337992
7.8617811
7.6962786
7.5357485
7.3752193
7.2146893
7.0591774
6.9126706
6.7661638
6.6196566
6.3682957
6.1856980
6.0030999
5.8205023
5.6676722
5.5120697
5.3564663
5.2008638
5.1814480
5.1545944
5.1277409
5.1008873
5.1302676
5.1577158
5.1851635
5.2126117
5.2587161
5.3023257
5.3459353
5.3895445
5.4501748
5.5056415
5.5611076
5.6165743
5.6873565
5.7505903
5.8138242
5.8770576
5.9536133
6.0233641
6.0931149
6.1628656
6.2449403
6.3210039
6.3970680
6.4731317
6.5592489
6.6394138
6.7195787
6.7997441
6.8890386
6.9736223
7.0582066
7.1427903
7.2348728
7.3222847
7.4096975
7.4971094
7.5898228
7.6793261
7.7688289
7.8583317
7.9526844
8.0439396
8.1351948
8.2264509
8.3202400
8.4107475
8.5012550
8.5917606
8.6849813
8.7761087
8.8672361
8.9583626
9.0510349
9.1399927
9.2289495
9.3179064
9.4079971
9.4958754
9.5837545
9.6716328
9.7613668
9.8476439
9.9339209
10.0201979
10.1061716
10.1889582
10.2717447
10.3545322
10.4378977
10.5200768
10.6022568
10.6844358
10.7669430
14.3003492
14.1041594
13.9079695
13.7221279
13.5362864
13.3402481
13.1442108
12.9543858
12.7645617
12.5695086
12.3744555
12.1827736
11.9910908
11.7973728
11.6036530
11.4124432
11.2212334
11.0290012
10.8367691
10.6490498
10.4613304
10.2707138
10.0800972
9.8967514
9.7134066
9.5270014
9.3405962
9.1624928
8.9843893
8.8040781
8.6237659
8.4509697
8.2781734
8.1061535
7.9341350
7.7686334
7.6031318
7.4426017
7.2820721
7.1265602
6.9710484
6.8245411
6.6780348
6.4266729
6.1753120
5.9927149
5.8101168
5.6572871
5.5044570
5.3488541
5.1932511
5.1738358
5.1544199
5.1275659
5.1007123
5.1300936
5.1594744
5.1869221
5.2143698
5.2604742
5.3065786
5.3501883
5.3937979
5.4544277
5.5150576
5.5705242
5.6259909
5.6967731
5.7675552
5.8307891
5.8940229
5.9705782
6.0471344
6.1168852
6.1866360
6.2687101
6.3507853
6.4268484
6.5029125
6.5890298
6.6751471
6.7553120
6.8354769
6.9247718
7.0140662
7.0986500
7.1832342
7.2753162
7.3673987
7.4548111
7.5422235
7.6349363
7.7276497
7.8171530
7.9066558
8.0010071
8.0953598
8.1866150
8.2778711
8.3716612
8.4654512
8.5559587
8.6464653
8.7396851
8.8329048
8.9240322
9.0151596
9.1078320
9.2005043
9.2894611
9.3784180
9.4685097
9.5585995
9.6464767
9.7343559
9.8240900
9.9138241
10.0001011
10.0863781
10.1723518
10.2583256
10.3411121
10.4238987
10.5072651
10.5906315
10.6728096
10.7549896
10.8374968
10.9200048
14.1506405
13.9544506
13.7686090
13.5827684
13.3969269
13.2008886
13.0110645
12.8212395
12.6314154
12.4363623
12.2446795
12.0529976
11.8613157
11.6675968
11.4763870
11.2851772
11.0939674
10.9017344
10.7140169
10.5262976
10.3385792
10.1479626
9.9646168
9.7812710
9.5979271
9.4115219
9.2334185
9.0553141
8.8772106
8.6968994
8.5241022
8.3513060
8.1785088
8.0064898
7.8409882
7.6754866
7.5099850
7.3494549
7.1939430
7.0384307
6.8829188
6.7364120
6.4850507
6.2336898
5.9823289
5.7997313
5.6469011
5.4940720
5.3412418
5.1856384
5.1662226
5.1468077
5.1273918
5.1005373
5.1299191
5.1592999
5.1886806
5.2161288
5.2622333
5.3083372
5.3544416
5.3980513
5.4586811
5.5193110
5.5799408
5.6354074
5.7061896
5.7769718
5.8477540
5.9109879
5.9875436
6.0640993
6.1406550
6.2104058
6.2924805
6.3745551
6.4566298
6.5326934
6.6188107
6.7049279
6.7910452
6.8712101
6.9605045
7.0497994
7.1390939
7.2236776
7.3157597
7.4078426
7.4999247
7.5873375
7.6800504
7.7727633
7.8654766
7.9549799
8.0493317
8.1436834
8.2380362
8.3292913
8.4230824
8.5168724
8.6106625
8.7011700
8.7943888
8.8876085
8.9808283
9.0719557
9.1646280
9.2573004
9.3499727
9.4389305
9.5290203
9.6191111
9.7092009
9.7970791
9.8868132
9.9765472
10.0662813
10.1525583
10.2385321
10.3245058
10.4104795
10.4932661
10.5766325
10.6599979
10.7433643
10.8255434
10.9080505
10.9905586
11.0730667
14.0009327
13.8150911
13.6292496
13.4434090
13.2575674
13.0677433
12.8779182
12.6880932
12.4982691
12.3065872
12.1149044
11.9232225
11.7315407
11.5403309
11.3491211
11.1579113
10.9667015
10.7789831
10.5912647
10.4035454
10.2158270
10.0324821
9.8491364
9.6657915
9.4824467
9.3043432
9.1262398
8.9481354
8.7700319
8.5972347
8.4244385
8.2516422
8.0788450
7.9133434
7.7478414
7.5823393
7.4168377
7.2613258
7.1058140
6.9503016
6.7947898
6.5434289
6.2920675
6.0407066
5.7893457
5.6365156
5.4836860
5.3308563
5.1780262
5.1586103
5.1391945
5.1197791
5.1003633
5.1297441
5.1591253
5.1885061
5.2178869
5.2639914
5.3100958
5.3561997
5.4023042
5.4629340
5.5235643
5.5841942
5.6448240
5.7156062
5.7863884
5.8571706
5.9279528
6.0045085
6.0810642
6.1576200
6.2341757
6.3162503
6.3983250
6.4803996
6.5624743
6.6485915
6.7347088
6.8208261
6.9069433
6.9962378
7.0855322
7.1748271
7.2641215
7.3562040
7.4482861
7.5403686
7.6324511
7.7251644
7.8178773
7.9105902
8.0033035
8.0976562
8.1920080
8.2863598
8.3807125
8.4745026
8.5682926
8.6620827
8.7558727
8.8490925
8.9423122
9.0355320
9.1287518
9.2214241
9.3140965
9.4067688
9.4994411
9.5895309
9.6796217
9.7697124
9.8598022
9.9495363
10.0392704
10.1290045
10.2187386
10.3047123
10.3906860
10.4766598
10.5626335
10.6459999
10.7293653
10.8127308
10.8960972
10.9786053
11.0611124
11.1436195
11.2261276
13.8509216
13.6650810
13.4792385
13.2933979
13.1109171
12.9210930
12.7312679
12.5414429
12.3589449
12.1672630
11.9755802
11.7838984
11.6018209
11.4106112
11.2194014
11.0281916
10.8445816
10.6568642
10.4691448
10.2814255
10.0987492
9.9154043
9.7320585
9.5487137
9.3687706
9.1906672
9.0125637
8.8344593
8.6604071
8.4876099
8.3148136
8.1420174
7.9752793
7.8097777
7.6442757
7.4787736
7.3115029
7.1559911
7.0004792
6.8449669
6.5557766
6.3044157
6.0530548
5.8016939
5.6465192
5.4936891
5.3408594
5.1880298
5.1736097
5.1541939
5.1347780
5.1153626
5.1447816
5.1741624
5.2035437
5.2329245
5.2812195
5.3273239
5.3734283
5.4195318
5.4818330
5.5424628
5.6030931
5.6637230
5.7384276
5.8092098
5.8799920
5.9507742
6.0330000
6.1095562
6.1861115
6.2626677
6.3498392
6.4319139
6.5139885
6.5960631
6.6871243
6.7732410
6.8593588
6.9454756
7.0387850
7.1280794
7.2173738
7.3066692
7.4024615
7.4945440
7.5866261
7.6787086
7.7747917
7.8675051
7.9602175
8.0529308
8.1492958
8.2436485
8.3380003
8.4323521
8.5287590
8.6225491
8.7163391
8.8101292
8.9047308
8.9979506
9.0911703
9.1843901
9.2787132
9.3713856
9.4640579
9.5567303
9.6484213
9.7385111
9.8286018
9.9186926
10.0083179
10.0980520
10.1877861
10.2775202
10.3667860
10.4527597
10.5387335
10.6247072
10.7088814
10.7922478
10.8756132
10.9589787
11.0420609
11.1245689
11.2070761
11.2895832
11.3691998
13.7009115
13.5150700
13.3292284
13.1467476
12.9642658
12.7744427
12.5846176
12.4021187
12.2196217
12.0279388
11.8362560
11.6541786
11.4721012
11.2808914
11.0896816
10.9060717
10.7224627
10.5347443
10.3470259
10.1643486
9.9816723
9.7983265
9.6149807
9.4350376
9.2550945
9.0769911
8.8988876
8.7248344
8.5507822
8.3779850
8.2051888
8.0384512
7.8717136
7.7062120
7.5407095
7.3734388
7.2061682
7.0506563
6.8951445
6.6059537
6.3167639
6.0654030
5.8140416
5.6588678
5.5036926
5.3508625
5.1980333
5.1836138
5.1691933
5.1497774
5.1303616
5.1597815
5.1892004
5.2185812
5.2479620
5.2962565
5.3445516
5.3906560
5.4367604
5.4990606
5.5613613
5.6219912
5.6826220
5.7573261
5.8320312
5.9028134
5.9735956
6.0558219
6.1380477
6.2146034
6.2911592
6.3783312
6.4655027
6.5475774
6.6296520
6.7207131
6.8117738
6.8978910
6.9840083
7.0773177
7.1706271
7.2599216
7.3492160
7.4450088
7.5408015
7.6328840
7.7249660
7.8210492
7.9171319
8.0098457
8.1025581
8.1989231
8.2952881
8.3896408
8.4839935
8.5803995
8.6768055
8.7705956
8.8643856
8.9589882
9.0535889
9.1468086
9.2400284
9.3343515
9.4286747
9.5213470
9.6140194
9.7057114
9.7974014
9.8874912
9.9775829
10.0672073
10.1568336
10.2465668
10.3363018
10.4255676
10.5148335
10.6008072
10.6867809
10.7709551
10.8551292
10.9384956
11.0218611
11.1049423
11.1880245
11.2705326
11.3530397
11.4326553
11.5122719
13.5509014
13.3650589
13.1825781
13.0000973
12.8176155
12.6277914
12.4452934
12.2627954
12.0802975
11.8886156
11.7065372
11.5244589
11.3423815
11.1511717
10.9675617
10.7839527
10.6003437
10.4126244
10.2299480
10.0472708
9.8645945
9.6812496
9.5013056
9.3213615
9.1414185
8.9633150
8.7892628
8.6152096
8.4411573
8.2683601
8.1016235
7.9348850
7.7681475
7.6026459
7.4353747
7.2681041
7.1008329
6.9453211
6.6561308
6.3669405
6.0777512
5.8263903
5.6712155
5.5160413
5.3608665
5.2080364
5.1936169
5.1791973
5.1647773
5.1453614
5.1747808
5.2041998
5.2336187
5.2629995
5.3112946
5.3595886
5.4078836
5.4539881
5.5162888
5.5785894
5.6408901
5.7015200
5.7762251
5.8509297
5.9256349
5.9964170
6.0786428
6.1608696
6.2430954
6.3196507
6.4068227
6.4939947
6.5811663
6.6632409
6.7543020
6.8453627
6.9364233
7.0225410
7.1158504
7.2091599
7.3024693
7.3917637
7.4875565
7.5833488
7.6791415
7.7712240
7.8673067
7.9633894
8.0594721
8.1521854
8.2485504
8.3449163
8.4412813
8.5356340
8.6320400
8.7284460
8.8248520
8.9186420
9.0132437
9.1078463
9.2024479
9.2956676
9.3899899
9.4843130
9.5786362
9.6713085
9.7629995
9.8546915
9.9463825
10.0364723
10.1260977
10.2157230
10.3053484
10.3950825
10.4843493
10.5736151
10.6628819
10.7488556
10.8330288
10.9172029
11.0013771
11.0847435
11.1678247
11.2509060
11.3339882
11.4164963
11.4961119
11.5757275
11.6553440
13.4008904
13.2184086
13.0359278
12.8534470
12.6709652
12.4884672
12.3059692
12.1234713
11.9409733
11.7588959
11.5768175
11.3947392
11.2126617
11.0290527
10.8454428
10.6618328
10.4782238
10.2955475
10.1128702
9.9301929
9.7475166
9.5675735
9.3876295
9.2076855
9.0277424
8.8536901
8.6796379
8.5055847
8.3315325
8.1647949
7.9980574
7.8313193
7.6645818
7.4973106
7.3300400
7.1627693
6.9954982
6.7063084
6.4171181
6.1279278
5.8387380
5.6835632
5.5283890
5.3732147
5.2180400
5.2036200
5.1892004
5.1747808
5.1603608
5.1897798
5.2191992
5.2486181
5.2780371
5.3263321
5.3746266
5.4229212
5.4712162
5.5335169
5.5958176
5.6581182
5.7204189
5.7951241
5.8698287
5.9445333
6.0192385
6.1014643
6.1836905
6.2659168
6.3481426
6.4353142
6.5224862
6.6096582
6.6968298
6.7878904
6.8789515
6.9700127
7.0610733
7.1543827
7.2476921
7.3410015
7.4343109
7.5301037
7.6258965
7.7216887
7.8174815
7.9135642
8.0096474
8.1057301
8.2018127
8.2981777
8.3945427
8.4909086
8.5872736
8.6836796
8.7800865
8.8764925
8.9728985
9.0675001
9.1621017
9.2567043
9.3513060
9.4456291
9.5399513
9.6342745
9.7285976
9.8202887
9.9119797
10.0036716
10.0953627
10.1849880
10.2746134
10.3642387
10.4538641
10.5431309
10.6323967
10.7216625
10.8109293
10.8951035
10.9792767
11.0634508
11.1476250
11.2307072
11.3137884
11.3968697
11.4799519
11.5595684
11.6391840
11.7187996
11.7984161
13.2549953
13.0725136
12.8900328
12.7075520
12.5313015
12.3488035
12.1663055
11.9838076
11.8041220
11.6220446
11.4399662
11.2578878
11.0788689
10.8952599
10.7116489
10.5280399
10.3513393
10.1686630
9.9859848
9.8033085
9.6293926
9.4494495
9.2695065
9.0895615
8.9180546
8.7440023
8.5699501
8.3958969
8.2277212
8.0609837
7.8942461
7.7275085
7.5451703
7.3778992
7.2106285
7.0433578
6.7317333
6.4425435
6.1533532
5.8641629
5.7043653
5.5491905
5.3940163
5.2388420
5.2283525
5.2139330
5.1995134
5.1850939
5.2147446
5.2441635
5.2735829
5.3030019
5.3531151
5.4014101
5.4497051
5.4979992
5.5617437
5.6240444
5.6863451
5.7486458
5.8250751
5.8997803
5.9744849
6.0491896
6.1342349
6.2164607
6.2986870
6.3809133
6.4720745
6.5592461
6.6464176
6.7335901
6.8283839
6.9194446
7.0105057
7.1015668
7.1978598
7.2911692
7.3844786
7.4777880
7.5758224
7.6716151
7.7674079
7.8632002
7.9618464
8.0579290
8.1540127
8.2500954
8.3480291
8.4443941
8.5407591
8.6371250
8.7351418
8.8315477
8.9279547
9.0243607
9.1197395
9.2143412
9.3089428
9.4035454
9.4974470
9.5917702
9.6860924
9.7804155
9.8737383
9.9654293
10.0571203
10.1488123
10.2380028
10.3276281
10.4172535
10.5068789
10.5954533
10.6847210
10.7739868
10.8632526
10.9481869
11.0323610
11.1165342
11.2007084
11.2816677
11.3647499
11.4478312
11.5309124
11.6124163
11.6920328
11.7716484
11.8512640
11.9253149
13.1091003
12.9266186
12.7441378
12.5678883
12.3916378
12.2091398
12.0266418
11.8469563
11.6672707
11.4851933
11.3031139
11.1240950
10.9450750
10.7614660
10.5778561
10.4011545
10.2244539
10.0417776
9.8591003
9.6851854
9.5112696
9.3313265
9.1513824
8.9798756
8.8083668
8.6343155
8.4602623
8.2920856
8.1239109
7.9571729
7.7904353
7.6080971
7.4257584
7.2584877
7.0912170
6.7795925
6.4679680
6.1787786
5.8895884
5.7297897
5.5699921
5.4148178
5.2596436
5.2491546
5.2386656
5.2242455
5.2098260
5.2394772
5.2691283
5.2985473
5.3279667
5.3780799
5.4281936
5.4764886
5.5247831
5.5885272
5.6522708
5.7145715
5.7768722
5.8533020
5.9297314
6.0044365
6.0791407
6.1641865
6.2492313
6.3314571
6.4136839
6.5048447
6.5960059
6.6831775
6.7703495
6.8651438
6.9599380
7.0509987
7.1420593
7.2383533
7.3346467
7.4279561
7.5212655
7.6192999
7.7173338
7.8131266
7.9089193
8.0075655
8.1062117
8.2022943
8.2983770
8.3963108
8.4942455
8.5906105
8.6869755
8.7849922
8.8830090
8.9794159
9.0758228
9.1712017
9.2665806
9.3611832
9.4557838
9.5496864
9.6435890
9.7379112
9.8322334
9.9255562
10.0188789
10.1105690
10.2022610
10.2914524
10.3806419
10.4702682
10.5598927
10.6484680
10.7370434
10.8263102
10.9155760
11.0005112
11.0854454
11.1696186
11.2537918
11.3347511
11.4157104
11.4987926
11.5818739
11.6633778
11.7448807
11.8244972
11.9041138
11.9781628
12.0522137
12.9632053
12.7807236
12.6044741
12.4282246
12.2519741
12.0694761
11.8897905
11.7101040
11.5304184
11.3483410
11.1693211
10.9903011
10.8112812
10.6276722
10.4509716
10.2742691
10.0975685
9.9148922
9.7409763
9.5670624
9.3931465
9.2132034
9.0416946
8.8701878
8.6986799
8.5246277
8.3564510
8.1882753
8.0200996
7.8533621
7.6710234
7.4886851
7.3063469
7.1390758
6.8274517
6.5158277
6.2042031
5.9150133
5.7552152
5.5954170
5.4356194
5.2804446
5.2699556
5.2594671
5.2489786
5.2345581
5.2642097
5.2938609
5.3235121
5.3529310
5.4030447
5.4531584
5.5032721
5.5515671
5.6153107
5.6790543
5.7427979
5.8050985
5.8815279
5.9579577
6.0343871
6.1090922
6.1941376
6.2791829
6.3642282
6.4464540
6.5376148
6.6287766
6.7199373
6.8071089
6.9019036
6.9966974
7.0914917
7.1825523
7.2788467
7.3751402
7.4714336
7.5647430
7.6627769
7.7608113
7.8588452
7.9546380
8.0532837
8.1519299
8.2505760
8.3466587
8.4445925
8.5425272
8.6404610
8.7368259
8.8348436
8.9328604
9.0308771
9.1272831
9.2226639
9.3180428
9.4134226
9.5080242
9.6019268
9.6958284
9.7897301
9.8840532
9.9773741
10.0706968
10.1640186
10.2557096
10.3449011
10.4340916
10.5232821
10.6129074
10.7014828
10.7900581
10.8786335
10.9678993
11.0528345
11.1377687
11.2227030
11.3068771
11.3878355
11.4687939
11.5497532
11.6328354
11.7143393
11.7958422
11.8773460
11.9569626
12.0310116
12.1050615
12.1791115
12.8173103
12.6410599
12.4648104
12.2885609
12.1123104
11.9326248
11.7529392
11.5732527
11.3935671
11.2145472
11.0355282
10.8565083
10.6774883
10.5007877
10.3240862
10.1473846
9.9706841
9.7967682
9.6228533
9.4489384
9.2750225
9.1035147
8.9320068
8.7605000
8.5889921
8.4208164
8.2526398
8.0844641
7.9162884
7.7339501
7.5516119
7.3692737
7.1869354
6.8753109
6.5636868
6.2520628
5.9404383
5.7806406
5.6208425
5.4610443
5.3012466
5.2907577
5.2802687
5.2697802
5.2592912
5.2889423
5.3185935
5.3482447
5.3778958
5.4280095
5.4781227
5.5282364
5.5783501
5.6420937
5.7058377
5.7695818
5.8333254
5.9097548
5.9861841
6.0626140
6.1390433
6.2240887
6.3091340
6.3941793
6.4792247
6.5703859
6.6615467
6.7527080
6.8438692
6.9386635
7.0334578
7.1282516
7.2230458
7.3193393
7.4156332
7.5119267
7.6082201
7.7062540
7.8042884
7.9023228
8.0003567
8.0990028
8.1976490
8.2962952
8.3949413
8.4928751
8.5908089
8.6887436
8.7866774
8.8846941
8.9827118
9.0807285
9.1787453
9.2741251
9.3695049
9.4648838
9.5602636
9.6541653
9.7480679
9.8419695
9.9358711
10.0291929
10.1225147
10.2158375
10.3091593
10.3983498
10.4875412
10.5767317
10.6659222
10.7544975
10.8430729
10.9316473
11.0202227
11.1051569
11.1900921
11.2750263
11.3599606
11.4409199
11.5218782
11.6028366
11.6837959
11.7652998
11.8468037
11.9283066
12.0098104
12.0838604
12.1579103
12.2319603
12.3060102
12.6682425
12.4919920
12.3157425
12.1394930
11.9699059
11.7902203
11.6105347
11.4308491
11.2611876
11.0821676
10.9031487
10.7241287
10.5512981
10.3745975
10.1978970
10.0211945
9.8478184
9.6739025
9.4999876
9.3260727
9.1557827
8.9842758
8.8127670
8.6412601
8.4757500
8.3075752
8.1393986
7.9712224
7.7860203
7.6036816
7.4213438
7.2390051
6.9133172
6.6016927
6.2900686
5.9784446
5.8111005
5.6513028
5.4915047
5.3317065
5.3210864
5.3105974
5.3001084
5.2896199
5.3197532
5.3494043
5.3790555
5.4087067
5.4586835
5.5087972
5.5589104
5.6090240
5.6760015
5.7397451
5.8034892
5.8672333
5.9449301
6.0213594
6.0977888
6.1742182
6.2615786
6.3466239
6.4316692
6.5167146
6.6095572
6.7007184
6.7918792
6.8830404
6.9801793
7.0749736
7.1697679
7.2645617
7.3630075
7.4593010
7.5555949
7.6518884
7.7509041
7.8489380
7.9469728
8.0450068
8.1446915
8.2433376
8.3419838
8.4406300
8.5389643
8.6368980
8.7348318
8.8327665
8.9304647
9.0284815
9.1264992
9.2245159
9.3212891
9.4166689
9.5120487
9.6074276
9.7007523
9.7946539
9.8885565
9.9824581
10.0756578
10.1689796
10.2623014
10.3556242
10.4434795
10.5326710
10.6218624
10.7110519
10.7964449
10.8850203
10.9735956
11.0621700
11.1475687
11.2325029
11.3174381
11.4023724
11.4812365
11.5621958
11.6431541
11.7241125
11.8004408
11.8819447
11.9634485
12.0449514
12.1202612
12.1943111
12.2683611
12.3424110
12.4110880
12.5191746
12.3429241
12.1666756
11.9970884
11.8275023
11.6478167
11.4681311
11.2984695
11.1288071
10.9497871
10.7707691
10.5979385
10.4251089
10.2484083
10.0717068
9.8983297
9.7249527
9.5510368
9.3771219
9.2068329
9.0365438
8.8650360
8.6935282
8.5280190
8.3625088
8.1943331
8.0261564
7.8409543
7.6557517
7.4734135
7.2910752
6.9653873
6.6396990
6.3280745
6.0164504
5.8491068
5.6817627
5.5219650
5.3621669
5.3515463
5.3409262
5.3304372
5.3199482
5.3500824
5.3802156
5.4098663
5.4395180
5.4894943
5.5394707
5.5895844
5.6396980
5.7066755
5.7736530
5.8373966
5.9011412
5.9788375
6.0565343
6.1329637
6.2093930
6.2967534
6.3841138
6.4691591
6.5542045
6.6470470
6.7398891
6.8310509
6.9222116
7.0193510
7.1164894
7.2112837
7.3060780
7.4045238
7.5029688
7.5992622
7.6955566
7.7945724
7.8935885
7.9916224
8.0896568
8.1893425
8.2890263
8.3876724
8.4863186
8.5846519
8.6829872
8.7809200
8.8788548
8.9765530
9.0742512
9.1722679
9.2702866
9.3670597
9.4638329
9.5592117
9.6545925
9.7479172
9.8412418
9.9351425
10.0290451
10.1222439
10.2154446
10.3087654
10.4020882
10.4899445
10.5778008
10.6669912
10.7561827
10.8415737
10.9269676
11.0155430
11.1041183
11.1895161
11.2749157
11.3598499
11.4447842
11.5236473
11.6025124
11.6834717
11.7644291
11.8407574
11.9170856
11.9985895
12.0800934
12.1554022
12.2307119
12.3047619
12.3788118
12.4474888
12.5161657
12.3701077
12.1938572
12.0242710
11.8546848
11.6850986
11.5054131
11.3357506
11.1660891
10.9964275
10.8174076
10.6445789
10.4717484
10.2989197
10.1222191
9.9488411
9.7754641
9.6020870
9.4281712
9.2578831
9.0875931
8.9173050
8.7457962
8.5802860
8.4147778
8.2492676
8.0810909
7.8958883
7.7106857
7.5254831
7.3431454
7.0174570
6.6917691
6.3660808
6.0544562
5.8871126
5.7197690
5.5524249
5.3926272
5.3820066
5.3713861
5.3607659
5.3502769
5.3804107
5.4105444
5.4406776
5.4703288
5.5203052
5.5702820
5.6202583
5.6703720
5.7373495
5.8043275
5.8713050
5.9350486
6.0127449
6.0904417
6.1681385
6.2445679
6.3319287
6.4192886
6.5066490
6.5916944
6.6845365
6.7773790
6.8702216
6.9613829
7.0585217
7.1556611
7.2528000
7.3475943
7.4460397
7.5444851
7.6429305
7.7392240
7.8382406
7.9372568
8.0362730
8.1343069
8.2339916
8.3336773
8.4333620
8.5320082
8.6303415
8.7286749
8.8270092
8.9249430
9.0226421
9.1203403
9.2180386
9.3160553
9.4128284
9.5096025
9.6063757
9.7017555
9.7950811
9.8884058
9.9817305
10.0756321
10.1688318
10.2620306
10.3552303
10.4485521
10.5364094
10.6242657
10.7121220
10.8013115
10.8867044
10.9720964
11.0574894
11.1460648
11.2314644
11.3168631
11.4022617
11.4871960
11.5660601
11.6449232
11.7237873
11.8047466
11.8810740
11.9574022
12.0337305
12.1152344
12.1905441
12.2658529
12.3411627
12.4152126
12.4838896
12.5525665
12.6212435
12.2210398
12.0514536
11.8818665
11.7122803
11.5426941
11.3730326
11.2033710
11.0337095
10.8640480
10.6912184
10.5183887
10.3455591
10.1727295
9.9993525
9.8259754
9.6525984
9.4792213
9.3089323
9.1386433
8.9683542
8.7980652
8.6325550
8.4670448
8.3015356
8.1360254
7.9508228
7.7656202
7.5804176
7.3952150
7.0695267
6.7438388
6.4181509
6.0924625
5.9251184
5.7577748
5.5904312
5.4230871
5.4124670
5.4018464
5.3912258
5.3806057
5.4107389
5.4408727
5.4710064
5.5011396
5.5511160
5.6010928
5.6510696
5.7010460
5.7680235
5.8350010
5.9019790
5.9689565
6.0466533
6.1243496
6.2020464
6.2797432
6.3671036
6.4544640
6.5418239
6.6291842
6.7220268
6.8148689
6.9077115
7.0005541
7.0976930
7.1948318
7.2919712
7.3891101
7.4875555
7.5860014
7.6844468
7.7828922
7.8819084
7.9809246
8.0799408
8.1789570
8.2786417
8.3783264
8.4780121
8.5776968
8.6760311
8.7743645
8.8726978
8.9710321
9.0687304
9.1664295
9.2641277
9.3618259
9.4585991
9.5553722
9.6521463
9.7489195
9.8422441
9.9355698
10.0288944
10.1222191
10.2154188
10.3086185
10.4018173
10.4950171
10.5828733
10.6707296
10.7585859
10.8464422
10.9318352
11.0172272
11.1026192
11.1880121
11.2734108
11.3588104
11.4442091
11.5296078
11.6084719
11.6873360
11.7661991
11.8450632
11.9213915
11.9977188
12.0740471
12.1503754
12.2256851
12.3009949
12.3763037
12.4516134
12.5202904
12.5889673
12.6576443
12.7263212
12.0802870
11.9107008
11.7411137
11.5715275
11.4055691
11.2359076
11.0662460
10.8965845
10.7295885
10.5567589
10.3839293
10.2110996
10.0450134
9.8716364
9.6982594
9.5248823
9.3606567
9.1903677
9.0200787
8.8497896
8.6856670
8.5201569
8.3546467
8.1891375
8.0059414
7.8207388
7.6355362
7.4503336
7.1099782
6.7842898
6.4586020
6.1329141
5.9591718
5.7918277
5.6244841
5.4571404
5.4454980
5.4348779
5.4242573
5.4136367
5.4433718
5.4735050
5.5036392
5.5337725
5.5839729
5.6339493
5.6839261
5.7339029
5.8024340
5.8694115
5.9363890
6.0033674
6.0828810
6.1605778
6.2382741
6.3159709
6.4059634
6.4933238
6.5806842
6.6680441
6.7620206
6.8548632
6.9477053
7.0405478
7.1392207
7.2363596
7.3334985
7.4306378
7.5299587
7.6284041
7.7268500
7.8252954
7.9244385
8.0234547
8.1224709
8.2214870
8.3207998
8.4204845
8.5201693
8.6198549
8.7179403
8.8162746
8.9146080
9.0129414
9.1096039
9.2073021
9.3050013
9.4026995
9.4992790
9.5960522
9.6928253
9.7895994
9.8817530
9.9750776
10.0684032
10.1617279
10.2510719
10.3442717
10.4374714
10.5306702
10.6189766
10.7068329
10.7946892
10.8825455
10.9651785
11.0505714
11.1359634
11.2213554
11.3041315
11.3895302
11.4749298
11.5603285
11.6361017
11.7149658
11.7938299
11.8726931
11.9449291
12.0212574
12.0975847
12.1739130
12.2461882
12.3214979
12.3968077
12.4721165
12.5368385
12.6055155
12.6741924
12.7428694
12.8043804
11.9395342
11.7699480
11.6003609
11.4344025
11.2684441
11.0987816
10.9291210
10.7621250
10.5951290
10.4222984
10.2494698
10.0833836
9.9172974
9.7439203
9.5705433
9.4063177
9.2420921
9.0718031
8.9015141
8.7373905
8.5732689
8.4077587
8.2422485
8.0590534
7.8758574
7.6906548
7.5054522
7.1650963
6.8247414
6.4990530
6.1733646
5.9996233
5.8258810
5.6585369
5.4911938
5.4795513
5.4679089
5.4572887
5.4466677
5.4764032
5.5061383
5.5362716
5.5664053
5.6166058
5.6668062
5.7167826
5.7667594
5.8352909
5.9038224
5.9707999
6.0377774
6.1172915
6.1968055
6.2745023
6.3521986
6.4421911
6.5321836
6.6195440
6.7069044
6.8008804
6.8948565
6.9876995
7.0805416
7.1792145
7.2778873
7.3750262
7.4721651
7.5714865
7.6708078
7.7692528
7.8676987
7.9668422
8.0659847
8.1650009
8.2640171
8.3633308
8.4626427
8.5623283
8.6620121
8.7600985
8.8581839
8.9565182
9.0548515
9.1515141
9.2481766
9.3458748
9.4435730
9.5401516
9.6367321
9.7335052
9.8302784
9.9224319
10.0145855
10.1079102
10.2012367
10.2905807
10.3799248
10.4731245
10.5663242
10.6546307
10.7429371
10.8307934
10.9186497
11.0012817
11.0839138
11.1693077
11.2546997
11.3374748
11.4202499
11.5056496
11.5910492
11.6668224
11.7425957
11.8214598
11.9003239
11.9725590
12.0447950
12.1211233
12.1974506
12.2697258
12.3420010
12.4173107
12.4926205
12.5573406
12.6220627
12.6907406
12.7594166
12.8209286
12.8824406
11.7987814
11.6291952
11.4632359
11.2972775
11.1313181
10.9616566
10.7946606
10.6276646
10.4606686
10.2878389
10.1217537
9.9556675
9.7895813
9.6162043
9.4519787
9.2877531
9.1235275
8.9532385
8.7891159
8.6249924
8.4608698
8.2953596
8.1121645
7.9289689
7.7457733
7.5605707
7.2202153
6.8798594
6.5395041
6.2138157
6.0400743
5.8663325
5.6925907
5.5252466
5.5136042
5.5019617
5.4903193
5.4796991
5.5094347
5.5391693
5.5689049
5.5990381
5.6492386
5.6994390
5.7496395
5.7996159
5.8681479
5.9366789
6.0052109
6.0721884
6.1517024
6.2312160
6.3107300
6.3884268
6.4784193
6.5684118
6.6584044
6.7457647
6.8397408
6.9337168
7.0276928
7.1205354
7.2192082
7.3178811
7.4165540
7.5136929
7.6130142
7.7123351
7.8116565
7.9101019
8.0092449
8.1083889
8.2075319
8.3065481
8.4058609
8.5051737
8.6044865
8.7041712
8.8022566
8.9003420
8.9984274
9.0967617
9.1934233
9.2900858
9.3867483
9.4844465
9.5810261
9.6776047
9.7741842
9.8709574
9.9631119
10.0552654
10.1474190
10.2407436
10.3300886
10.4194336
10.5087776
10.6019773
10.6902838
10.7785902
10.8668966
10.9547529
11.0373850
11.1200180
11.2026501
11.2880430
11.3708181
11.4535942
11.5363693
11.6217680
11.6975422
11.7733164
11.8490896
11.9279537
12.0001898
12.0724249
12.1446609
12.2209892
12.2932634
12.3655386
12.4378128
12.5131226
12.5778437
12.6425657
12.7072878
12.7759647
12.8374767
12.8989887
12.9605007
11.6580286
11.4920692
11.3261108
11.1601524
10.9941931
10.8271971
10.6602011
10.4932051
10.3262091
10.1601229
9.9940376
9.8279514
9.6618652
9.4976397
9.3334141
9.1691885
9.0049629
8.8408403
8.6767178
8.5125942
8.3484716
8.1652756
7.9820805
7.7988849
7.6156893
7.2753339
6.9349785
6.5946226
6.2542672
6.0805254
5.9067836
5.7330418
5.5592999
5.5476575
5.5360150
5.5243726
5.5127301
5.5424652
5.5722008
5.6019359
5.6316710
5.6818714
5.7320719
5.7822723
5.8324728
5.9010043
5.9695358
6.0380673
6.1065989
6.1861129
6.2656269
6.3451405
6.4246545
6.5146470
6.6046395
6.6946321
6.7846246
6.8786006
6.9725771
7.0665531
7.1605291
7.2592020
7.3578749
7.4565477
7.5552206
7.6545420
7.7538629
7.8531837
7.9525051
8.0516481
8.1507912
8.2499352
8.3490782
8.4483910
8.5477037
8.6470165
8.7463293
8.8444147
8.9425001
9.0405855
9.1386709
9.2353334
9.3319950
9.4286575
9.5253201
9.6218996
9.7184792
9.8150578
9.9116373
10.0037909
10.0959454
10.1880989
10.2802525
10.3695965
10.4589415
10.5482864
10.6376305
10.7259369
10.8142433
10.9025497
10.9908562
11.0734882
11.1561213
11.2387543
11.3213863
11.4041615
11.4869375
11.5697136
11.6524887
11.7282619
11.8040361
11.8798103
11.9555836
12.0278196
12.1000557
12.1722908
12.2445269
12.3168011
12.3890762
12.4613514
12.5336256
12.5983477
12.6630688
12.7277908
12.7925129
12.8540249
12.9155369
12.9770479
13.0385599
11.5179043
11.3519449
11.1859865
11.0200281
10.8611536
10.6941576
10.5271616
10.3601656
10.1993170
10.0332308
9.8671455
9.7010593
9.5376654
9.3734398
9.2092142
9.0449886
8.8849249
8.7208023
8.5566797
8.3925562
8.2242146
8.0410185
7.8578234
7.6746278
7.3260460
6.9856911
6.6453352
6.3049793
6.1222615
5.9485197
5.7747779
5.6010361
5.5835171
5.5718746
5.5602322
5.5485897
5.5754919
5.6052270
5.6349626
5.6646976
5.7150588
5.7652593
5.8154597
5.8656602
5.9334297
6.0019612
6.0704927
6.1390243
6.2205338
6.3000479
6.3795619
6.4590755
6.5492487
6.6392412
6.7292337
6.8192263
6.9161906
7.0101666
7.1041431
7.1981192
7.2966242
7.3952971
7.4939699
7.5926428
7.6938229
7.7931442
7.8924651
7.9917860
8.0904837
8.1896267
8.2887697
8.3879137
8.4860220
8.5853348
8.6846476
8.7839603
8.8814707
8.9795561
9.0776415
9.1757269
9.2705708
9.3672333
9.4638958
9.5605583
9.6547890
9.7513685
9.8479481
9.9445267
10.0351963
10.1273499
10.2195044
10.3116579
10.3985510
10.4878950
10.5772400
10.6665850
10.7521563
10.8404627
10.9287691
11.0170755
11.0961218
11.1787539
11.2613869
11.3440199
11.4193878
11.5021629
11.5849390
11.6677151
11.7422905
11.8180637
11.8938370
11.9696121
12.0373421
12.1095781
12.1818142
12.2540493
12.3196516
12.3919258
12.4642010
12.5364761
12.5974636
12.6621857
12.7269068
12.7916288
12.8475323
12.9090443
12.9705563
13.0320683
13.0877895
11.3777790
11.2118206
11.0458622
10.8869877
10.7281132
10.5611172
10.3941212
10.2332745
10.0724258
9.9063396
9.7402534
9.5768595
9.4134655
9.2492399
9.0850143
8.9249516
8.7648869
8.6007652
8.4366417
8.2683001
8.0999575
7.9167614
7.7335663
7.3849850
7.0364032
6.6960478
6.3556924
6.1729736
5.9902554
5.8165140
5.6427717
5.6252537
5.6077347
5.5960922
5.5844498
5.6113520
5.6382542
5.6679888
5.6977243
5.7480855
5.7984467
5.8486471
5.8988476
5.9666176
6.0343866
6.1029186
6.1714497
6.2529593
6.3344688
6.4139829
6.4934969
6.5836697
6.6738434
6.7638359
6.8538284
6.9507923
7.0477571
7.1417332
7.2357092
7.3342142
7.4327192
7.5313921
7.6300650
7.7312450
7.8324251
7.9317465
8.0310669
8.1297646
8.2284622
8.3276043
8.4267483
8.5248566
8.6229649
8.7222786
8.8215904
8.9191017
9.0166111
9.1146965
9.2127819
9.3076267
9.4024715
9.4991341
9.5957956
9.6900272
9.7842579
9.8808374
9.9774170
10.0680866
10.1587563
10.2509098
10.3430634
10.4299564
10.5168495
10.6061935
10.6955376
10.7811108
10.8666821
10.9549885
11.0432949
11.1223412
11.2013874
11.2840195
11.3666515
11.4420204
11.5173893
11.6001644
11.6829395
11.7575159
11.8320913
11.9078646
11.9836388
12.0513706
12.1191006
12.1913376
12.2635727
12.3291740
12.3947754
12.4670506
12.5393257
12.6003132
12.6613016
12.7260237
12.7907448
12.8466492
12.9025526
12.9640646
13.0255766
13.0812969
13.1370182
11.2376547
11.0716953
10.9128218
10.7539482
10.5950737
10.4280777
10.2672300
10.1063824
9.9455338
9.7794476
9.6160536
9.4526596
9.2892656
9.1250401
8.9649763
8.8049135
8.6448498
8.4807272
8.3123846
8.1440430
7.9757009
7.7925048
7.4439240
7.0953417
6.7467604
6.4064045
6.2236862
6.0409679
5.8582497
5.6845078
5.6669893
5.6494708
5.6319518
5.6203094
5.6472116
5.6741138
5.7010159
5.7307510
5.7811122
5.8314734
5.8818345
5.9320350
5.9998045
6.0675745
6.1353440
6.2038755
6.2853847
6.3668942
6.4484038
6.5279179
6.6180911
6.7082644
6.7984376
6.8884301
6.9853945
7.0823588
7.1793232
7.2732992
7.3718042
7.4703093
7.5688143
7.6674871
7.7686672
7.8698473
7.9710274
8.0703487
8.1690454
8.2677431
8.3664398
8.4655828
8.5636921
8.6618004
8.7599087
8.8592215
8.9567318
9.0542421
9.1517525
9.2498379
9.3446827
9.4395275
9.5343723
9.6310349
9.7252655
9.8194962
9.9137268
10.0103064
10.1009760
10.1916456
10.2823153
10.3744688
10.4613619
10.5482540
10.6351471
10.7244911
10.8100643
10.8956366
10.9812088
11.0695152
11.1485605
11.2276068
11.3066521
11.3892841
11.4646530
11.5400219
11.6153898
11.6981649
11.7727413
11.8473167
11.9218922
11.9976654
12.0653973
12.1331291
12.2008600
12.2730961
12.3386974
12.4042988
12.4699001
12.5421743
12.6031637
12.6641512
12.7251396
12.7898617
12.8457661
12.9016685
12.9575729
13.0190849
13.0748053
13.1305265
13.1862478
11.0975304
10.9386559
10.7797823
10.6209087
10.4620342
10.3011856
10.1403379
9.9794903
9.8186417
9.6552477
9.4918537
9.3284597
9.1650658
9.0050020
8.8449383
8.6848755
8.5248117
8.3564701
8.1881275
8.0197859
7.8514438
7.5028620
7.1542807
6.8056989
6.4571171
6.2743988
6.0916805
5.9089622
5.7262440
5.7087250
5.6912065
5.6736879
5.6561689
5.6830711
5.7099733
5.7368755
5.7637777
5.8141389
5.8645000
5.9148612
5.9652224
6.0329919
6.1007614
6.1685314
6.2363009
6.3178105
6.3993196
6.4808292
6.5623388
6.6525121
6.7426853
6.8328586
6.9230318
7.0199962
7.1169605
7.2139249
7.3108892
7.4093943
7.5078993
7.6064043
7.7049093
7.8060894
7.9072695
8.0084496
8.1096296
8.2083263
8.3070240
8.4057217
8.5044184
8.6025267
8.7006359
8.7987442
8.8968525
8.9943628
9.0918732
9.1893835
9.2868938
9.3817387
9.4765835
9.5714273
9.6662722
9.7605028
9.8547344
9.9489651
10.0431957
10.1338654
10.2245350
10.3152046
10.4058743
10.4927673
10.5796604
10.6665525
10.7534456
10.8390179
10.9245901
11.0101624
11.0957346
11.1747799
11.2538261
11.3328724
11.4119177
11.4872856
11.5626545
11.6380234
11.7133913
11.7879667
11.8625431
11.9371185
12.0116940
12.0794249
12.1471558
12.2148876
12.2826185
12.3482199
12.4138222
12.4794235
12.5450249
12.6060133
12.6670017
12.7279892
12.7889776
12.8448811
12.9007854
12.9566889
13.0125923
13.0683136
13.1240349
13.1797562
13.2354774
10.9625912
10.8037167
10.6448431
10.4859695
10.3298225
10.1689739
10.0081263
9.8472786
9.6919422
9.5285482
9.3651543
9.2017603
9.0471926
8.8871288
8.7270651
8.5670023
8.4103327
8.2419910
8.0736485
7.9053068
7.5552959
7.2067142
6.8581328
6.5095510
6.3189025
6.1361842
5.9534659
5.7707477
5.7465391
5.7290201
5.7115016
5.6939831
5.7172213
5.7441235
5.7710257
5.7979279
5.8465457
5.8969069
5.9472680
5.9976292
6.0631456
6.1309152
6.1986847
6.2664547
6.3476005
6.4291101
6.5106192
6.5921288
6.6815138
6.7716875
6.8618603
6.9520340
7.0500393
7.1470032
7.2439680
7.3409319
7.4399710
7.5384760
7.6369810
7.7354860
7.8373098
7.9384899
8.0396700
8.1408501
8.2406759
8.3393726
8.4380703
8.5367680
8.6343956
8.7325039
8.8306141
8.9287224
9.0250349
9.1225452
9.2200556
9.3175659
9.4103069
9.5051517
9.5999966
9.6948414
9.7848387
9.8790693
9.9733009
10.0675316
10.1561613
10.2468309
10.3375006
10.4281702
10.5118351
10.5987282
10.6856213
10.7725134
10.8542385
10.9398108
11.0253830
11.1109552
11.1862202
11.2652655
11.3443117
11.4233580
11.4939642
11.5693321
11.6447010
11.7200699
11.7889767
11.8635521
11.9381285
12.0127039
12.0745478
12.1422787
12.2100096
12.2777414
12.3353605
12.4009619
12.4665642
12.5321655
12.5878439
12.6488323
12.7098207
12.7708082
12.8195839
12.8754873
12.9313917
12.9872952
13.0321808
13.0879021
13.1436234
13.1993446
13.2430573
10.8276520
10.6687775
10.5099049
10.3537579
10.1976109
10.0367622
9.8759146
9.7205791
9.5652428
9.4018478
9.2384548
9.0838871
8.9293194
8.7692556
8.6091919
8.4525242
8.2958546
8.1275120
7.9591699
7.6091585
7.2591476
6.9105663
6.5619850
6.3713360
6.1806879
5.9979696
5.8152514
5.7910433
5.7668343
5.7493153
5.7317972
5.7550354
5.7782741
5.8051763
5.8320785
5.8806963
5.9293137
5.9796753
6.0300360
6.0955524
6.1610689
6.2288380
6.2966080
6.3777542
6.4588995
6.5404091
6.6219187
6.7113042
6.8006892
6.8908625
6.9810357
7.0790410
7.1770463
7.2740107
7.3709750
7.4700136
7.5690527
7.6675577
7.7660627
7.8678870
7.9697108
8.0708904
8.1720715
8.2718964
8.3717213
8.4704189
8.5691166
8.6667452
8.7643738
8.8624821
8.9605913
9.0569038
9.1532173
9.2507286
9.3482380
9.4409800
9.5337210
9.6285658
9.7234106
9.8134079
9.9034052
9.9976358
10.0918674
10.1804962
10.2691269
10.3597965
10.4504662
10.5341301
10.6177959
10.7046890
10.7915821
10.8733063
10.9550314
11.0406036
11.1261759
11.2014408
11.2767048
11.3557510
11.4347973
11.5054035
11.5760117
11.6513786
11.7267475
11.7956562
11.8645630
11.9391384
12.0137138
12.0755577
12.1374016
12.2051334
12.2728634
12.3304825
12.3881016
12.4537029
12.5193062
12.5749836
12.6306629
12.6916523
12.7526398
12.8014145
12.8501902
12.9060936
12.9619980
13.0068836
13.0517702
13.1074915
13.1632128
13.2069244
13.2506371
10.6927137
10.5338392
10.3776932
10.2215462
10.0653992
9.9045506
9.7492142
9.5938787
9.4385424
9.2751484
9.1205816
8.9660139
8.8114462
8.6513824
8.4947138
8.3380451
8.1813755
8.0130339
7.6630220
7.3130107
6.9629998
6.6144180
6.4237700
6.2331214
6.0424733
5.8597550
5.8355465
5.8113384
5.7871299
5.7696109
5.7928495
5.8160877
5.8393269
5.8662291
5.9148469
5.9634643
6.0120821
6.0624433
6.1279593
6.1934757
6.2589917
6.3267612
6.4079075
6.4890532
6.5701990
6.6517086
6.7410936
6.8304796
6.9198647
7.0100374
7.1080427
7.2060480
7.3040533
7.4010181
7.5000567
7.5990953
7.6981344
7.7966394
7.8984642
8.0002880
8.1021118
8.2032919
8.3031168
8.4029427
8.5027676
8.6014643
8.6990929
8.7967224
8.8943520
8.9924603
9.0887737
9.1850872
9.2814007
9.3789110
9.4716530
9.5643940
9.6571350
9.7519798
9.8419762
9.9319744
10.0219717
10.1162024
10.2048321
10.2934618
10.3820915
10.4727612
10.5564260
10.6400909
10.7237558
10.8106489
10.8923740
10.9740992
11.0558243
11.1413965
11.2166605
11.2919254
11.3671904
11.4462357
11.5168438
11.5874510
11.6580582
11.7334261
11.8023338
11.8712416
11.9401484
12.0147238
12.0765676
12.1384125
12.2002563
12.2679873
12.3256054
12.3832245
12.4408436
12.5064449
12.5621252
12.6178036
12.6734829
12.7344713
12.7832460
12.8320208
12.8807964
12.9366999
12.9815865
13.0264721
13.0713596
13.1270809
13.1707926
13.2145042
13.2582169
10.5577745
10.4016275
10.2454815
10.0893345
9.9331875
9.7778511
9.6225147
9.4671793
9.3118429
9.1572752
9.0027084
8.8481407
8.6935730
8.5369034
8.3802347
8.2235661
8.0668964
7.7168856
7.3668742
7.0168629
6.6668520
6.4762039
6.2855554
6.0949068
5.9042587
5.8800502
5.8558416
5.8316336
5.8074250
5.8306637
5.8539019
5.8771405
5.9003792
5.9489970
5.9976149
6.0462322
6.0948501
6.1603661
6.2258825
6.2913990
6.3569150
6.4380608
6.5192070
6.6003528
6.6814985
6.7708836
6.8602691
6.9496546
7.0390396
7.1370449
7.2350502
7.3330555
7.4310608
7.5300999
7.6291385
7.7281771
7.8272161
7.9290400
8.0308647
8.1326885
8.2345123
8.3343372
8.4341631
8.5339890
8.6338139
8.7314425
8.8290710
8.9267006
9.0243292
9.1206427
9.2169561
9.3132696
9.4095831
9.5023241
9.5950661
9.6878071
9.7805481
9.8705454
9.9605427
10.0505409
10.1405382
10.2291679
10.3177977
10.4064274
10.4950571
10.5787220
10.6623869
10.7460518
10.8297167
10.9114418
10.9931669
11.0748920
11.1566172
11.2318821
11.3071461
11.3824110
11.4576759
11.5282831
11.5988903
11.6694975
11.7401047
11.8090115
11.8779192
11.9468269
12.0157337
12.0775776
12.1394215
12.2012663
12.2631102
12.3207293
12.3783474
12.4359665
12.4935856
12.5492649
12.6049442
12.6606226
12.7163019
12.7650776
12.8138523
12.8626270
12.9114027
12.9562893
13.0011749
13.0460615
13.0909481
13.1346607
13.1783724
13.2220840
13.2657967
10.4265928
10.2704458
10.1142998
9.9581528
9.8091755
9.6538391
9.4985027
9.3431664
9.1905880
9.0360203
8.8814535
8.7268858
8.5763798
8.4197102
8.2630415
8.1063728
7.7750916
7.4250808
7.0750694
6.7250581
6.5236640
6.3330159
6.1423674
5.9517188
5.9180107
5.8938017
5.8695936
5.8453856
5.8644009
5.8876395
5.9108777
5.9341164
5.9781790
6.0267973
6.0754147
6.1240320
6.1871157
6.2526321
6.3181486
6.3836651
6.4622145
6.5433602
6.6245065
6.7056522
6.7942533
6.8836384
6.9730239
7.0624094
7.1584954
7.2565007
7.3545060
7.4525113
7.5534911
7.6525302
7.7515688
7.8506074
7.9515934
8.0534172
8.1552420
8.2570658
8.3597860
8.4596109
8.5594368
8.6592627
8.7558308
8.8534584
8.9510880
9.0487175
9.1456184
9.2419319
9.3382454
9.4345589
9.5231056
9.6158466
9.7085896
9.8013306
9.8880186
9.9780159
10.0680132
10.1580114
10.2425957
10.3312254
10.4198551
10.5084848
10.5873575
10.6710224
10.7546873
10.8383522
10.9133110
10.9950361
11.0767612
11.1584864
11.2308874
11.3061523
11.3814163
11.4566813
11.5220413
11.5926495
11.6632557
11.7338638
11.7956181
11.8645248
11.9334326
12.0023403
12.0584908
12.1203346
12.1821785
12.2440233
12.2943287
12.3519478
12.4095669
12.4671860
12.5143166
12.5699959
12.6256752
12.6813536
12.7215824
12.7703581
12.8191328
12.8679075
12.9066629
12.9515495
12.9964352
13.0413218
13.0821915
13.1259041
13.1696157
13.2133274
13.2535477
10.2954121
10.1392651
9.9831181
9.8341398
9.6851625
9.5298262
9.3744898
9.2219124
9.0693340
8.9147663
8.7601986
8.6096935
8.4591866
8.3025169
8.1458492
7.8145676
7.4832869
7.1332760
6.7832651
6.5818706
6.3804760
6.1898279
5.9991794
5.9654708
5.9317622
5.9075537
5.8833451
5.9023609
5.9213772
5.9446154
5.9678535
6.0119166
6.0559793
6.1045971
6.1532149
6.2162981
6.2793818
6.3448977
6.4104142
6.4889641
6.5675144
6.6486597
6.7298059
6.8184071
6.9070082
6.9963932
7.0857792
7.1818657
7.2779512
7.3759565
7.4739618
7.5749416
7.6759214
7.7749605
7.8739996
7.9749851
8.0759706
8.1777945
8.2796192
8.3823395
8.4850597
8.5848846
8.6847105
8.7812786
8.8778467
8.9754753
9.0731039
9.1700058
9.2669067
9.3632202
9.4595337
9.5480814
9.6366291
9.7293701
9.8221121
9.9088001
9.9954891
10.0854855
10.1754837
10.2600689
10.3446541
10.4332829
10.5219135
10.6007843
10.6796570
10.7633228
10.8469868
10.9219475
10.9969063
11.0786304
11.1603565
11.2327576
11.3051586
11.3804226
11.4556866
11.5210476
11.5864077
11.6570148
11.7276220
11.7893772
11.8511314
11.9200382
11.9889469
12.0450974
12.1012478
12.1630917
12.2249355
12.2752419
12.3255482
12.3831673
12.4407854
12.4879169
12.5350475
12.5907269
12.6464062
12.6866341
12.7268639
12.7756386
12.8244133
12.8631687
12.9019222
12.9468098
12.9916954
13.0325642
13.0734348
13.1171474
13.1608582
13.2010784
13.2412977
10.1642303
10.0080833
9.8591061
9.7101269
9.5611496
9.4058132
9.2532358
9.1006575
8.9480791
8.7935114
8.6430054
8.4925003
8.3419943
8.1853247
7.8540444
7.5227633
7.1914825
6.8414717
6.6400771
6.4386826
6.2372880
6.0466399
6.0129309
5.9792223
5.9455137
5.9213057
5.9403214
5.9593372
5.9783530
6.0015917
6.0456543
6.0897169
6.1337795
6.1823969
6.2454805
6.3085642
6.3716478
6.4371634
6.5157142
6.5942640
6.6728139
6.7539597
6.8425608
6.9311624
7.0197635
7.1091485
7.2052350
7.3013215
7.3974075
7.4954128
7.5963926
7.6973724
7.7983522
7.8973913
7.9983768
8.0993624
8.2003479
8.3021717
8.4048929
8.5076132
8.6103334
8.7101583
8.8067265
8.9032955
8.9998627
9.0974922
9.1943932
9.2912941
9.3881950
9.4845085
9.5730572
9.6616039
9.7501526
9.8428936
9.9295816
10.0162706
10.1029587
10.1929560
10.2775412
10.3621264
10.4467115
10.5353413
10.6142130
10.6930847
10.7719574
10.8556223
10.9305820
11.0055418
11.0805006
11.1622257
11.2346268
11.3070278
11.3794289
11.4546938
11.5200539
11.5854130
11.6507740
11.7213802
11.7831364
11.8448906
11.9066458
11.9755526
12.0317039
12.0878544
12.1440048
12.2058487
12.2561550
12.3064613
12.3567677
12.4143867
12.4615173
12.5086479
12.5557785
12.6114578
12.6516867
12.6919155
12.7321444
12.7809200
12.8196735
12.8584280
12.8971825
12.9420691
12.9829388
13.0238075
13.0646772
13.1083899
13.1486092
13.1888294
13.2290478
10.0330486
9.8840714
9.7350931
9.5861149
9.4371376
9.2845592
9.1319809
8.9794025
8.8268242
8.6763182
8.5258121
8.3753071
8.2248011
7.8935204
7.5622396
7.2309585
6.8996778
6.6982832
6.4968891
6.2954946
6.0941000
6.0603914
6.0266829
5.9929743
5.9592657
5.9782815
5.9972973
6.0163131
6.0353289
6.0793915
6.1234541
6.1675167
6.2115793
6.2746630
6.3377466
6.4008298
6.4639134
6.5424633
6.6210136
6.6995635
6.7781134
6.8667145
6.9553156
7.0439172
7.1325183
7.2286043
7.3246908
7.4207773
7.5168633
7.6178432
7.7188230
7.8198028
7.9207826
8.0217686
8.1227541
8.2237396
8.3247252
8.4274454
8.5301666
8.6328869
8.7356071
8.8321753
8.9287434
9.0253115
9.1218796
9.2187805
9.3156815
9.4125834
9.5094843
9.5980320
9.6865797
9.7751274
9.8636751
9.9503632
10.0370522
10.1237411
10.2104292
10.2950144
10.3795986
10.4641838
10.5487690
10.6276417
10.7065134
10.7853851
10.8642578
10.9392166
11.0141764
11.0891361
11.1640949
11.2364960
11.3088970
11.3812981
11.4536991
11.5190592
11.5844193
11.6497793
11.7151394
11.7768946
11.8386497
11.9004040
11.9621592
12.0183096
12.0744610
12.1306114
12.1867619
12.2370682
12.2873745
12.3376799
12.3879862
12.4351168
12.4822483
12.5293789
12.5765095
12.6167383
12.6569672
12.6971960
12.7374249
12.7761793
12.8149338
12.8536882
12.8924427
12.9333124
12.9741821
13.0150509
13.0559206
13.0961399
13.1363602
13.1765795
13.2167988
9.9066219
9.7576447
9.6086655
9.4596882
9.3144932
9.1619148
9.0093365
8.8567581
8.6979237
8.5474176
8.3969116
8.2464066
7.9551678
7.6238871
7.2926064
6.9613247
6.7444773
6.5430832
6.3416891
6.1402941
6.0976572
6.0639486
6.0302401
5.9965315
6.0103784
6.0293941
6.0484099
6.0674257
6.1068172
6.1508799
6.1949425
6.2390051
6.2989721
6.3620558
6.4251394
6.4882231
6.5634255
6.6419754
6.7205257
6.7990756
6.8860250
6.9746261
7.0632272
7.1518288
7.2454119
7.3414979
7.4375844
7.5336709
7.6343718
7.7353516
7.8363314
7.9373112
8.0378284
8.1388149
8.2398005
8.3407860
8.4445372
8.5472574
8.6499786
8.7526989
8.8491726
8.9457407
9.0423088
9.1388769
9.2333078
9.3302088
9.4271097
9.5240116
9.6128101
9.7013578
9.7899055
9.8784533
9.9600744
10.0467625
10.1334515
10.2201405
10.2998619
10.3844471
10.4690323
10.5536175
10.6269131
10.7057858
10.7846565
10.8635292
10.9320526
11.0070114
11.0819702
11.1569309
11.2227097
11.2951107
11.3675117
11.4399128
11.4989090
11.5642700
11.6296291
11.6949902
11.7486830
11.8104382
11.8721933
11.9339476
11.9837437
12.0398941
12.0960445
12.1521950
12.1945801
12.2448864
12.2951927
12.3454981
12.3842325
12.4313631
12.4784946
12.5256252
12.5655975
12.6058264
12.6460552
12.6862841
12.7249374
12.7636929
12.8024464
12.8412018
12.8808041
12.9216738
12.9625435
13.0034122
13.0404081
13.0806274
13.1208477
13.1610670
13.2013550
9.7801943
9.6312170
9.4822388
9.3370438
9.1918488
9.0392704
8.8866920
8.7278576
8.5690231
8.4185162
8.2680111
7.9767728
7.6855340
7.3542533
7.0229726
6.8061247
6.5892773
6.3878827
6.1864886
6.1438513
6.1012144
6.0675058
6.0337973
6.0476441
6.0614910
6.0805068
6.0995226
6.1389146
6.1783061
6.2223687
6.2664313
6.3263984
6.3863654
6.4494491
6.5125327
6.5877352
6.6629372
6.7414875
6.8200378
6.9069872
6.9939365
7.0825377
7.1711388
7.2647223
7.3583055
7.4543915
7.5504780
7.6511793
7.7518806
7.8528605
7.9538403
8.0543575
8.1548748
8.2558603
8.3568459
8.4605980
8.5643501
8.6670704
8.7697906
8.8662643
8.9627380
9.0593052
9.1558743
9.2503052
9.3447361
9.4416370
9.5385380
9.6273365
9.7161369
9.8046837
9.8932323
9.9748516
10.0564728
10.1431618
10.2298508
10.3095732
10.3892956
10.4738808
10.5584650
10.6317606
10.7050562
10.7839289
10.8628006
10.9313231
10.9998465
11.0748053
11.1497650
11.2155447
11.2813234
11.3537245
11.4261255
11.4851227
11.5441198
11.6094799
11.6748400
11.7285328
11.7822266
11.8439808
11.9057369
11.9555311
12.0053272
12.0614777
12.1176291
12.1600132
12.2023983
12.2527046
12.3030109
12.3417454
12.3804798
12.4276104
12.4747410
12.5147133
12.5546856
12.5949144
12.6351433
12.6737967
12.7124510
12.7512054
12.7899599
12.8295631
12.8691654
12.9100361
12.9509048
12.9878998
13.0248947
13.0651150
13.1053352
13.1456232
13.1859121
9.6537666
9.5047894
9.3595943
9.2143993
9.0692043
8.9166260
8.7577915
8.5989561
8.4401217
8.2896156
7.9983778
7.7071390
7.4159002
7.0846195
6.8677721
6.6509247
6.4340773
6.2326822
6.1900458
6.1474090
6.1047721
6.0710635
6.0849099
6.0987568
6.1126037
6.1316195
6.1710110
6.2104034
6.2497950
6.2938576
6.3538246
6.4137917
6.4737587
6.5368423
6.6120443
6.6872468
6.7624493
6.8409991
6.9279490
7.0148988
7.1018481
7.1904492
7.2840323
7.3776159
7.4711990
7.5672851
7.6679864
7.7686877
7.8693891
7.9703689
8.0708857
8.1714029
8.2719202
8.3729067
8.4766579
8.5804100
8.6841621
8.7868824
8.8833561
8.9798288
9.0763025
9.1728706
9.2673016
9.3617325
9.4561634
9.5530643
9.6418638
9.7306633
9.8194628
9.9080105
9.9896307
10.0712509
10.1528721
10.2395601
10.3192825
10.3990059
10.4787292
10.5633144
10.6366081
10.7099037
10.7831993
10.8620720
10.9305954
10.9991169
11.0676403
11.1425991
11.2083797
11.2741585
11.3399372
11.4123383
11.4713364
11.5303326
11.5893307
11.6546898
11.7083826
11.7620764
11.8157692
11.8775244
11.9273205
11.9771156
12.0269108
12.0830612
12.1254473
12.1678324
12.2102175
12.2605238
12.2992573
12.3379917
12.3767262
12.4238567
12.4638290
12.5038013
12.5437737
12.5840025
12.6226559
12.6613102
12.6999645
12.7387180
12.7783222
12.8179245
12.8575277
12.8983974
12.9353924
12.9723873
13.0093822
13.0496016
13.0898914
13.1301804
13.1704693
9.5273399
9.3821449
9.2369499
9.0917549
8.9465599
8.7877254
8.6288910
8.4700556
8.3112211
8.0199823
7.7287440
7.4375057
7.1462669
6.9294195
6.7125721
6.4957242
6.2788768
6.2362399
6.1936030
6.1509662
6.1083293
6.1221762
6.1360226
6.1498694
6.1637163
6.2031078
6.2424998
6.2818918
6.3212833
6.3812504
6.4412174
6.5011845
6.5611515
6.6363540
6.7115564
6.7867589
6.8619614
6.9489107
7.0358605
7.1228104
7.2097597
7.3033428
7.3969259
7.4905095
7.5840926
7.6847939
7.7854948
7.8861961
7.9868975
8.0874147
8.1879320
8.2884493
8.3889666
8.4927187
8.5964699
8.7002220
8.8039742
8.9004478
8.9969215
9.0933943
9.1898680
9.2842989
9.3787298
9.4731607
9.5675917
9.6563911
9.7451897
9.8339891
9.9227886
10.0044098
10.0860300
10.1676502
10.2492714
10.3289938
10.4087162
10.4884396
10.5681620
10.6414576
10.7147522
10.7880478
10.8613434
10.9298668
10.9983892
11.0669117
11.1354351
11.2012138
11.2669935
11.3327732
11.3985519
11.4575491
11.5165462
11.5755434
11.6345406
11.6882334
11.7419262
11.7956200
11.8493128
11.8991089
11.9489040
11.9986992
12.0484953
12.0908804
12.1332655
12.1756506
12.2180357
12.2567701
12.2955036
12.3342381
12.3729725
12.4129448
12.4529171
12.4928894
12.5328617
12.5715160
12.6101694
12.6488228
12.6874771
12.7270803
12.7666836
12.8062859
12.8458891
12.8828840
12.9198799
12.9568748
12.9938698
13.0341587
13.0744476
13.1147366
13.1550255
9.4077530
9.2625580
9.1173630
8.9721680
8.7810240
8.6221895
8.4633551
8.3045197
8.0233955
7.7321568
7.4409184
7.1496801
6.9753461
6.7584987
6.5416512
6.3248034
6.2716856
6.2290487
6.1864119
6.1437750
6.1522717
6.1661186
6.1799650
6.1938119
6.2286310
6.2680225
6.3074145
6.3468065
6.4036455
6.4636126
6.5235796
6.5835466
6.6551752
6.7303777
6.8055801
6.8807826
6.9650917
7.0520411
7.1389904
7.2259407
7.3167396
7.4103227
7.5039058
7.5974894
7.6959209
7.7966223
7.8973231
7.9980245
8.0967169
8.1972342
8.2977514
8.3982687
8.4985876
8.6023397
8.7060909
8.8098431
8.9087086
9.0051823
9.1016560
9.1981287
9.2900391
9.3844700
9.4789009
9.5733318
9.6637497
9.7525501
9.8413486
9.9301472
10.0075579
10.0891790
10.1707993
10.2524195
10.3280697
10.4077911
10.4875145
10.5672379
10.6322498
10.7055454
10.7788410
10.8521366
10.9134407
10.9819641
11.0504866
11.1190090
11.1762085
11.2419872
11.3077669
11.3735466
11.4241858
11.4831829
11.5421801
11.6011772
11.6465063
11.7001991
11.7538919
11.8075857
11.8488617
11.8986578
11.9484529
11.9982481
12.0376701
12.0800552
12.1224403
12.1648254
12.2044754
12.2432098
12.2819433
12.3206778
12.3609629
12.4009352
12.4409075
12.4808798
12.5180960
12.5567503
12.5954037
12.6340570
12.6722260
12.7118282
12.7514324
12.7910347
12.8330221
12.8700171
12.9070129
12.9440079
12.9771528
13.0174417
13.0577307
13.0980196
13.1454124
9.2881670
9.1429720
8.9977770
8.8066330
8.6154881
8.4566536
8.2978191
8.0166941
7.7355700
7.4443312
7.1530929
6.9787588
6.8044252
6.5875778
6.3707304
6.3176117
6.2644939
6.2218571
6.1792202
6.1877174
6.1962142
6.2100611
6.2239075
6.2587266
6.2935457
6.3329372
6.3723292
6.4291687
6.4860077
6.5459747
6.6059418
6.6775703
6.7491989
6.8244014
6.8996038
6.9839129
7.0682216
7.1551709
7.2421207
7.3329201
7.4237194
7.5173025
7.6108856
7.7093172
7.8077488
7.9084501
8.0091515
8.1078434
8.2065353
8.3070526
8.4075699
8.5078907
8.6082096
8.7119617
8.8157120
8.9145775
9.0134430
9.1099167
9.2063904
9.2982998
9.3902102
9.4846411
9.5790720
9.6694899
9.7599087
9.8487082
9.9375067
10.0149174
10.0923271
10.1739483
10.2555695
10.3312178
10.4068670
10.4865894
10.5663118
10.6313257
10.6963387
10.7696342
10.8429289
10.9042339
10.9655380
11.0340614
11.1025848
11.1597824
11.2169819
11.2827606
11.3485394
11.3991795
11.4498196
11.5088158
11.5678139
11.6131420
11.6584721
11.7121639
11.7658577
11.8071346
11.8484097
11.8982067
11.9480019
11.9874239
12.0268459
12.0692310
12.1116161
12.1512661
12.1909142
12.2296486
12.2683830
12.3086681
12.3489532
12.3889256
12.4288979
12.4661140
12.5033302
12.5419846
12.5806379
12.6188059
12.6569738
12.6965771
12.7361803
12.7781677
12.8201542
12.8571491
12.8941460
12.9272900
12.9604359
13.0007248
13.0410137
13.0884066
13.1358004
9.1685810
9.0233860
8.8322411
8.6410971
8.4499521
8.2911177
8.0099926
7.7288685
7.4477444
7.1565056
6.9821715
6.8078380
6.6335039
6.4166565
6.3635383
6.3104205
6.2573028
6.2146659
6.2231627
6.2316599
6.2401567
6.2540035
6.2888222
6.3236413
6.3584604
6.3978519
6.4546914
6.5115309
6.5683699
6.6283369
6.6999655
6.7715940
6.8432226
6.9184251
7.0027342
7.0870428
7.1713514
7.2583008
7.3491006
7.4399004
7.5306997
7.6242828
7.7227139
7.8211455
7.9195771
8.0202789
8.1189709
8.2176628
8.3163548
8.4168720
8.5171919
8.6175117
8.7178307
8.8215828
8.9204473
9.0193119
9.1181774
9.2146511
9.3065615
9.3984709
9.4903812
9.5848122
9.6752300
9.7656479
9.8560677
9.9448662
10.0222769
10.0996866
10.1770973
10.2587185
10.3343658
10.4100151
10.4856644
10.5653877
10.6303997
10.6954136
10.7604275
10.8337231
10.8950272
10.9563313
11.0176363
11.0861597
11.1433573
11.2005558
11.2577543
11.3235331
11.3741732
11.4248133
11.4754524
11.5344496
11.5797787
11.6251078
11.6704369
11.7241297
11.7654066
11.8066826
11.8479586
11.8977547
11.9371758
11.9765987
12.0160217
12.0584068
12.0980558
12.1377048
12.1773539
12.2160883
12.2563734
12.2966595
12.3369446
12.3769169
12.4141321
12.4513483
12.4885645
12.5272188
12.5653858
12.6035538
12.6417217
12.6813259
12.7233124
12.7652998
12.8072872
12.8442822
12.8774281
12.9105730
12.9437189
12.9840078
13.0314007
13.0787945
13.1261883
9.0489941
8.8578491
8.6667051
8.4755611
8.2844162
8.0032921
7.7221675
7.4410429
7.1599188
6.9855847
6.8112507
6.6369171
6.4625831
6.4094653
6.3563471
6.3032293
6.2501116
6.2586083
6.2671051
6.2756023
6.2840991
6.3189182
6.3537369
6.3885560
6.4233751
6.4802141
6.5370536
6.5938931
6.6507320
6.7223606
6.7939892
6.8656178
6.9372463
7.0215549
7.1058640
7.1901731
7.2744818
7.3652811
7.4560804
7.5468802
7.6376796
7.7361112
7.8345423
7.9329739
8.0314054
8.1300974
8.2287903
8.3274822
8.4261742
8.5264931
8.6268129
8.7271328
8.8274517
8.9263172
9.0251818
9.1240463
9.2229118
9.3148222
9.4067326
9.4986420
9.5905523
9.6809711
9.7713890
9.8618069
9.9522257
10.0296364
10.1070461
10.1844559
10.2618666
10.3375158
10.4131641
10.4888134
10.5644627
10.6294756
10.6944885
10.7595024
10.8245153
10.8858204
10.9471245
11.0084286
11.0697336
11.1269321
11.1841307
11.2413292
11.2985277
11.3491669
11.3998070
11.4504471
11.5010862
11.5464153
11.5917444
11.6370735
11.6824026
11.7236786
11.7649555
11.8062315
11.8475075
11.8869295
11.9263515
11.9657745
12.0051966
12.0448456
12.0844955
12.1241446
12.1637936
12.2040787
12.2443638
12.2846498
12.3249350
12.3621511
12.3993664
12.4365826
12.4737988
12.5119667
12.5501347
12.5883026
12.6264706
12.6684580
12.7104454
12.7524328
12.7944202
12.8275661
12.8607111
12.8938560
12.9270020
12.9743958
13.0217886
13.0691814
13.1165752
8.8398199
8.6486750
8.4575310
8.2663870
8.0142202
7.7330961
7.4519711
7.1708469
7.0191159
6.8447819
6.6704478
6.4961143
6.4408236
6.3877058
6.3345876
6.2814698
6.2853484
6.2938452
6.3023419
6.3108392
6.3417344
6.3765535
6.4113722
6.4461913
6.4996905
6.5565295
6.6133690
6.6702085
6.7386599
6.8102884
6.8819170
6.9535456
7.0348830
7.1191916
7.2035007
7.2878098
7.3759389
7.4667382
7.5575376
7.6483374
7.7419233
7.8403549
7.9387860
8.0372171
8.1348333
8.2335253
8.3322182
8.4309101
8.5275097
8.6278286
8.7281475
8.8284683
8.9266319
9.0254974
9.1243610
9.2232265
9.3132896
9.4052000
9.4971104
9.5890198
9.6776981
9.7681170
9.8585348
9.9489527
10.0246248
10.1020355
10.1794453
10.2568550
10.3253069
10.4009562
10.4766045
10.5522537
10.6135073
10.6785202
10.7435331
10.8085470
10.8607178
10.9220228
10.9833269
11.0446310
11.0925894
11.1497879
11.2069864
11.2641850
11.3048248
11.3554649
11.4061050
11.4567451
11.4934168
11.5387459
11.5840750
11.6294041
11.6683302
11.7096062
11.7508831
11.7921591
11.8316612
11.8710833
11.9105053
11.9499283
11.9901142
12.0297642
12.0694141
12.1090622
12.1419744
12.1822596
12.2225447
12.2628307
12.3109055
12.3481216
12.3853378
12.4225540
12.4571972
12.4953651
12.5335331
12.5717010
12.6147785
12.6567650
12.6987534
12.7407398
12.7809925
12.8141384
12.8472834
12.8804283
12.9208574
12.9682512
13.0156441
13.0630369
13.1034098
8.6306458
8.4395008
8.2483559
7.9961901
7.7440238
7.4628997
7.1817751
7.0300446
6.8783131
6.7039795
6.5296450
6.4743547
6.4190640
6.3659463
6.3128281
6.3167067
6.3205853
6.3290820
6.3375788
6.3684740
6.3993692
6.4341888
6.4690075
6.5225067
6.5760059
6.6328449
6.6896844
6.7581363
6.8265882
6.8982167
6.9698453
7.0511827
7.1325197
7.2168283
7.3011374
7.3892670
7.4773960
7.5681953
7.6589947
7.7525806
7.8461666
7.9445982
8.0430298
8.1406460
8.2382603
8.3369522
8.4356461
8.5322447
8.6288443
8.7291632
8.8294830
8.9276476
9.0258112
9.1246767
9.2235413
9.3136044
9.4036674
9.4955769
9.5874882
9.6761646
9.7648430
9.8552628
9.9456806
10.0213518
10.0970240
10.1744347
10.2518444
10.3202953
10.3887482
10.4643974
10.5400448
10.6012993
10.6625519
10.7275639
10.7925777
10.8447495
10.8969212
10.9582253
11.0195293
11.0674877
11.1154451
11.1726437
11.2298422
11.2704821
11.3111229
11.3617620
11.4124022
11.4490747
11.4857473
11.5310764
11.5764055
11.6153316
11.6542568
11.6955338
11.7368107
11.7763119
11.8158150
11.8552370
11.8946590
11.9348459
11.9750328
12.0146818
12.0543318
12.0872440
12.1201553
12.1604404
12.2007256
12.2488012
12.2968769
12.3340931
12.3713083
12.4059515
12.4405947
12.4787626
12.5169306
12.5600080
12.6030855
12.6450729
12.6870604
12.7273121
12.7675648
12.8007107
12.8338556
12.8742847
12.9147129
12.9621067
13.0094986
13.0498714
13.0902443
8.4214706
8.2303257
7.9781599
7.7259941
7.4738274
7.1927032
7.0409722
6.8892417
6.7375107
6.5631766
6.5078859
6.4525952
6.3973045
6.3441868
6.3480649
6.3519435
6.3558221
6.3643188
6.3952141
6.4261093
6.4570045
6.4918237
6.5453229
6.5988221
6.6523213
6.7091603
6.7776127
6.8460646
6.9145164
6.9861450
7.0674820
7.1488194
7.2301564
7.3144650
7.4025946
7.4907241
7.5788531
7.6696525
7.7632384
7.8568244
7.9504104
8.0488424
8.1464577
8.2440729
8.3416882
8.4403801
8.5369797
8.6335793
8.7301788
8.8304977
8.9286633
9.0268269
9.1249905
9.2238560
9.3139191
9.4039812
9.4940443
9.5859547
9.6746321
9.7633104
9.8519888
9.9424076
10.0180798
10.0937510
10.1694231
10.2468338
10.3152847
10.3837366
10.4521885
10.5278378
10.5890894
10.6503429
10.7115955
10.7766085
10.8287802
10.8809519
10.9331236
10.9944286
11.0423851
11.0903435
11.1383009
11.1954994
11.2361393
11.2767792
11.3174210
11.3680592
11.4047327
11.4414053
11.4780779
11.5234070
11.5623322
11.6012583
11.6401844
11.6814604
11.7209635
11.7604656
11.7999687
11.8393908
11.8795776
11.9197636
11.9599514
11.9995995
12.0325127
12.0654249
12.0983372
12.1386223
12.1866970
12.2347717
12.2828484
12.3200645
12.3547058
12.3893490
12.4239922
12.4621601
12.5052376
12.5483150
12.5913925
12.6333809
12.6736326
12.7138844
12.7541370
12.7872829
12.8277102
12.8681393
12.9085674
12.9559612
12.9963341
13.0367069
13.0770798
8.2122965
7.9601302
7.7079639
7.4557977
7.2036314
7.0519004
6.9001694
6.7484388
6.5967078
6.5414171
6.4861264
6.4308357
6.3755450
6.3794236
6.3833017
6.3871803
6.3910589
6.4219542
6.4528494
6.4837446
6.5146399
6.5681391
6.6216383
6.6751375
6.7286367
6.7970886
6.8655405
6.9339924
7.0024443
7.0837812
7.1651187
7.2464561
7.3277931
7.4159222
7.5040517
7.5921812
7.6803102
7.7738962
7.8674822
7.9610682
8.0546541
8.1522694
8.2498856
8.3475008
8.4451160
8.5417156
8.6383152
8.7349148
8.8315144
8.9296780
9.0278425
9.1260071
9.2241707
9.3142338
9.4042969
9.4943590
9.5844221
9.6731005
9.7617779
9.8504562
9.9391346
10.0148067
10.0904789
10.1661501
10.2418222
10.3102741
10.3787251
10.4471769
10.5156288
10.5768814
10.6381340
10.6993876
10.7606401
10.8128119
10.8649826
10.9171543
10.9693260
11.0172834
11.0652409
11.1131992
11.1611567
11.2017975
11.2424374
11.2830772
11.3237181
11.3603907
11.3970633
11.4337358
11.4704084
11.5093346
11.5482597
11.5871859
11.6261120
11.6656151
11.7051172
11.7446194
11.7841225
11.8243093
11.8644962
11.9046822
11.9448690
11.9777813
12.0106936
12.0436058
12.0765181
12.1245937
12.1726685
12.2207432
12.2688189
12.3034620
12.3381042
12.3727474
12.4073906
12.4504681
12.4935455
12.5366230
12.5797005
12.6199532
12.6602049
12.7004566
12.7407093
12.7811375
12.8215656
12.8619947
12.9024229
12.9427958
12.9831686
13.0235415
13.0639143
7.9683971
7.7162309
7.4640646
7.2118983
7.0835476
6.9318161
6.7800856
6.6283550
6.5834937
6.5282030
6.4729123
6.4176216
6.4038763
6.4077549
6.4116330
6.4155116
6.4420919
6.4729872
6.5038824
6.5347776
6.5842781
6.6377773
6.6912766
6.7447758
6.8109179
6.8793697
6.9478216
7.0162735
7.0941796
7.1755166
7.2568541
7.3381915
7.4247708
7.5128999
7.6010294
7.6891589
7.7795091
7.8730950
7.9666810
8.0602665
8.1548004
8.2524166
8.3500328
8.4476471
8.5402374
8.6368370
8.7334366
8.8300362
8.9242697
9.0224333
9.1205978
9.2187624
9.3055868
9.3956499
9.4857130
9.5757751
9.6607809
9.7494593
9.8381367
9.9268150
9.9992485
10.0749207
10.1505928
10.2262630
10.2897463
10.3581982
10.4266491
10.4951010
10.5523844
10.6136370
10.6748896
10.7361431
10.7797470
10.8319187
10.8840885
10.9362602
10.9748077
11.0227652
11.0707226
11.1186810
11.1511278
11.1917686
11.2324085
11.2730484
11.3077621
11.3444347
11.3811073
11.4177799
11.4547081
11.4936342
11.5325594
11.5714855
11.6078281
11.6473312
11.6868334
11.7263355
11.7673073
11.8074942
11.8476810
11.8878670
11.9290752
11.9619865
11.9948997
12.0278111
12.0637493
12.1118259
12.1599007
12.2079754
12.2537966
12.2884398
12.3230820
12.3577251
12.3968801
12.4399576
12.4830351
12.5261126
12.5658789
12.6061316
12.6463833
12.6866350
12.7268066
12.7672348
12.8076630
12.8480921
12.8872375
12.9276104
12.9679832
13.0083561
13.0477886
7.7244978
7.4723315
7.2201653
7.0918145
6.9634633
6.8117323
6.6600013
6.6151400
6.5702791
6.5149889
6.4596977
6.4459534
6.4322081
6.4360867
6.4399643
6.4665451
6.4931254
6.5240207
6.5549159
6.6044164
6.6539168
6.7074161
6.7609153
6.8270569
6.8931985
6.9616504
7.0301023
7.1080084
7.1859150
7.2672520
7.3485894
7.4351692
7.5217485
7.6098776
7.6980066
7.7883573
7.8787079
7.9722939
8.0658798
8.1604137
8.2549477
8.3525629
8.4501791
8.5427685
8.6353579
8.7319574
8.8285570
8.9227905
9.0170250
9.1151886
9.2133532
9.3001785
9.3870029
9.4770660
9.5671291
9.6521339
9.7371397
9.8258181
9.9144955
9.9869289
10.0593615
10.1350336
10.2107058
10.2741871
10.3376694
10.4061222
10.4745731
10.5318565
10.5891399
10.6503925
10.7116451
10.7552500
10.7988529
10.8510246
10.9031954
10.9417419
10.9802895
11.0282459
11.0762043
11.1086521
11.1410980
11.1817398
11.2223797
11.2570934
11.2918072
11.3284798
11.3651524
11.4020805
11.4390068
11.4779339
11.5168591
11.5532017
11.5895443
11.6290474
11.6685505
11.7095203
11.7504921
11.7906780
11.8308659
11.8720732
11.9132805
11.9461927
11.9791050
12.0150433
12.0509815
12.0990572
12.1471319
12.1929531
12.2387753
12.2734184
12.3080597
12.3472157
12.3863697
12.4294472
12.4725246
12.5122910
12.5520573
12.5923100
12.6325617
12.6727333
12.7129040
12.7533321
12.7937603
12.8329067
12.8720512
12.9124241
12.9527969
12.9922304
13.0316639
7.4805984
7.2284322
7.1000814
6.9717302
6.8433790
6.6916485
6.6467872
6.6019258
6.5570650
6.5017743
6.4880295
6.4742846
6.4605393
6.4644179
6.4909983
6.5175781
6.5441589
6.5750542
6.6245546
6.6740551
6.7235556
6.7770548
6.8431959
6.9093380
6.9754791
7.0439310
7.1218376
7.1997437
7.2776504
7.3589873
7.4455667
7.5321465
7.6187258
7.7068548
7.7972054
7.8875561
7.9779067
8.0714931
8.1660271
8.2605610
8.3550949
8.4527092
8.5452995
8.6378899
8.7304783
8.8270779
8.9213123
9.0155458
9.1097803
9.2079439
9.2947693
9.3815947
9.4684191
9.5584822
9.6434879
9.7284927
9.8134985
9.9021769
9.9746094
10.0470428
10.1194744
10.1951466
10.2586288
10.3221111
10.3855934
10.4540453
10.5113287
10.5686131
10.6258965
10.6871490
10.7307529
10.7743568
10.8179588
10.8701305
10.9086771
10.9472237
10.9857702
11.0337276
11.0661755
11.0986223
11.1310692
11.1717100
11.2064228
11.2411385
11.2758522
11.3125248
11.3494520
11.3863792
11.4233065
11.4622326
11.4985752
11.5349188
11.5712614
11.6107645
11.6517344
11.6927052
11.7336760
11.7738628
11.8150711
11.8562794
11.8974857
11.9303989
11.9663372
12.0022755
12.0382137
12.0862885
12.1321106
12.1779318
12.2237530
12.2583961
12.2975492
12.3367043
12.3758583
12.4189358
12.4587030
12.4984694
12.5382357
12.5784883
12.6186590
12.6588306
12.6990013
12.7394295
12.7785749
12.8177204
12.8568659
12.8972387
12.9366722
12.9761047
13.0155392
7.2366991
7.1083479
6.9799972
6.8516464
6.7232952
6.6784344
6.6335731
6.5887117
6.5438509
6.5301056
6.5163608
6.5026159
6.4888706
6.5154510
6.5420313
6.5686116
6.5951920
6.6446924
6.6941929
6.7436934
6.7931938
6.8593354
6.9254770
6.9916186
7.0577602
7.1356668
7.2135730
7.2914791
7.3693857
7.4559650
7.5425444
7.6291242
7.7157035
7.8060541
7.8964043
7.9867549
8.0771055
8.1716394
8.2661734
8.3607073
8.4552412
8.5478306
8.6404209
8.7330103
8.8255997
8.9198341
9.0140676
9.1083012
9.2025356
9.2893600
9.3761854
9.4630108
9.5498352
9.6348410
9.7198467
9.8048515
9.8898573
9.9622898
10.0347233
10.1071558
10.1795883
10.2430706
10.3065529
10.3700352
10.4335175
10.4908009
10.5480843
10.6053686
10.6626520
10.7062550
10.7498589
10.7934628
10.8370657
10.8756123
10.9141588
10.9527054
10.9912519
11.0236988
11.0561466
11.0885935
11.1210403
11.1557541
11.1904678
11.2251825
11.2598963
11.2968235
11.3337517
11.3706789
11.4076061
11.4439487
11.4802914
11.5166349
11.5529776
11.5939484
11.6349192
11.6758900
11.7168608
11.7580681
11.7992764
11.8404846
11.8816919
11.9176302
11.9535685
11.9895067
12.0254450
12.0712662
12.1170883
12.1629095
12.2087307
12.2478848
12.2870388
12.3261938
12.3653479
12.4051142
12.4448814
12.4846478
12.5244141
12.5645847
12.6047564
12.6449280
12.6850986
12.7242441
12.7633896
12.8025351
12.8416805
12.8811140
12.9205475
12.9599800
12.9994135
7.1455779
7.0172267
6.8888760
6.7605252
6.7212062
6.6763453
6.6314840
6.5866227
6.5651608
6.5514154
6.5376701
6.5239258
6.5345602
6.5611401
6.5877209
6.6143007
6.6594129
6.7089133
6.7584138
6.8079143
6.8706980
6.9368401
7.0029812
7.0691233
7.1444864
7.2223930
7.3002987
7.3782053
7.4627066
7.5492859
7.6358652
7.7224445
7.8106117
7.9009624
7.9913125
8.0816631
8.1734095
8.2679434
8.3624773
8.4570112
8.5455847
8.6381741
8.7307644
8.8233538
8.9125700
9.0068045
9.1010380
9.1952715
9.2766781
9.3635025
9.4503279
9.5371532
9.6139889
9.6989956
9.7840004
9.8690052
9.9385509
10.0109844
10.0834179
10.1558495
10.2139339
10.2774162
10.3408985
10.4043808
10.4552631
10.5125465
10.5698299
10.6271143
10.6637144
10.7073174
10.7509212
10.7945251
10.8255911
10.8641376
10.9026842
10.9412308
10.9743795
11.0068264
11.0392742
11.0717211
11.1047287
11.1394424
11.1741562
11.2088709
11.2366219
11.2735491
11.3104773
11.3474045
11.3914146
11.4277573
11.4640999
11.5004425
11.5348854
11.5758562
11.6168270
11.6577978
11.7017174
11.7429237
11.7841320
11.8253403
11.8661289
11.9020672
11.9380054
11.9739437
12.0151405
12.0609617
12.1067839
12.1526051
12.1935997
12.2327538
12.2719078
12.3110619
12.3503122
12.3900785
12.4298458
12.4696121
12.5075226
12.5476933
12.5878649
12.6280365
12.6613131
12.7004585
12.7396040
12.7787495
12.8061371
12.8455706
12.8850040
12.9244366
12.9518290
7.0544567
6.9261055
6.7977552
6.7584362
6.7191172
6.6742563
6.6293950
6.6079326
6.5864701
6.5727248
6.5589800
6.5696149
6.5802493
6.6068296
6.6334100
6.6785221
6.7236338
6.7731342
6.8226347
6.8854184
6.9482026
7.0143442
7.0804858
7.1558490
7.2312121
7.3091187
7.3870249
7.4715257
7.5560269
7.6426063
7.7291856
7.8173523
7.9055195
7.9958706
8.0862207
8.1779671
8.2697124
8.3642464
8.4587803
8.5473557
8.6359291
8.7285175
8.8211079
8.9103241
8.9995403
9.0937748
9.1880083
9.2694149
9.3508205
9.4376450
9.5244713
9.6013069
9.6781435
9.7631493
9.8481550
9.9176998
9.9872456
10.0596781
10.1321115
10.1901951
10.2482786
10.3117609
10.3752432
10.4261265
10.4770088
10.5342922
10.5915756
10.6281757
10.6647758
10.7083797
10.7519836
10.7830496
10.8141165
10.8526630
10.8912096
10.9243584
10.9575071
10.9899540
11.0224018
11.0554094
11.0884171
11.1231308
11.1578445
11.1855965
11.2133465
11.2502747
11.2872028
11.3312120
11.3752222
11.4115648
11.4479074
11.4823513
11.5167942
11.5577641
11.5987358
11.6426544
11.6865730
11.7277803
11.7689886
11.8097782
11.8505669
11.8865051
11.9224434
11.9636402
12.0048370
12.0506573
12.0964794
12.1374731
12.1784678
12.2176218
12.2567759
12.2960262
12.3352757
12.3750420
12.4148102
12.4527206
12.4906311
12.5308018
12.5709724
12.6042500
12.6375275
12.6766729
12.7158184
12.7432060
12.7705936
12.8100281
12.8494606
12.8768520
12.9042444
6.9633360
6.8349848
6.7956662
6.7563472
6.7170281
6.6721673
6.6507044
6.6292419
6.6077795
6.5940342
6.6046696
6.6153040
6.6259384
6.6525192
6.6976309
6.7427430
6.7878547
6.8373551
6.9001389
6.9629230
7.0257072
7.0918484
7.1672115
7.2425747
7.3179379
7.3958445
7.4803457
7.5648460
7.6493473
7.7359266
7.8240938
7.9122605
8.0004282
8.0907784
8.1825237
8.2742701
8.3660164
8.4605503
8.5491247
8.6376991
8.7262726
8.8188620
8.9080782
8.9972944
9.0865107
9.1807451
9.2621517
9.3435574
9.4249640
9.5117884
9.5886250
9.6654606
9.7422981
9.8273029
9.8968487
9.9663944
10.0359402
10.1083717
10.1664562
10.2245407
10.2826233
10.3461056
10.3969879
10.4478712
10.4987535
10.5560369
10.5926380
10.6292381
10.6658382
10.7094412
10.7405090
10.7715750
10.8026419
10.8411884
10.8743372
10.9074860
10.9406347
10.9730816
11.0060902
11.0390978
11.0721054
11.1068192
11.1345701
11.1623211
11.1900721
11.2269993
11.2710094
11.3150196
11.3590298
11.3953724
11.4298162
11.4642591
11.4987020
11.5396729
11.5835915
11.6275101
11.6714287
11.7126369
11.7534266
11.7942152
11.8350039
11.8709421
11.9121389
11.9533358
11.9945326
12.0403538
12.0813484
12.1223412
12.1633358
12.2024899
12.2417402
12.2809906
12.3202400
12.3600063
12.3979168
12.4358282
12.4737387
12.5139093
12.5471869
12.5804644
12.6137419
12.6528873
12.6802750
12.7076635
12.7350512
12.7744846
12.8018761
12.8292675
12.8566599
6.8722148
6.8328958
6.7935772
6.7542582
6.7149391
6.6934767
6.6720142
6.6505518
6.6290894
6.6397238
6.6503587
6.6609936
6.6716280
6.7167397
6.7618518
6.8069639
6.8520756
6.9148598
6.9776435
7.0404272
7.1032114
7.1785746
7.2539377
7.3293009
7.4046640
7.4891653
7.5736661
7.6581669
7.7426682
7.8308353
7.9190021
8.0071688
8.0953360
8.1870823
8.2788277
8.3705740
8.4623203
8.5508938
8.6394682
8.7280426
8.8166161
8.9058323
8.9950485
9.0842648
9.1734810
9.2548876
9.3362942
9.4176998
9.4991064
9.5759430
9.6527786
9.7296152
9.8064518
9.8759975
9.9455433
10.0150881
10.0846338
10.1427174
10.2008018
10.2588854
10.3169689
10.3678513
10.4187336
10.4696169
10.5204992
10.5570993
10.5937004
10.6303005
10.6669006
10.6979675
10.7290344
10.7601004
10.7911673
10.8243160
10.8574648
10.8906136
10.9237623
10.9567699
10.9897785
11.0227861
11.0557938
11.0835447
11.1112957
11.1390467
11.1667976
11.2108078
11.2548180
11.2988281
11.3428383
11.3772812
11.4117241
11.4461670
11.4806099
11.5245285
11.5684471
11.6123667
11.6562853
11.6970739
11.7378635
11.7786522
11.8194408
11.8606377
11.9018345
11.9430313
11.9842281
12.0252228
12.0662165
12.1072102
12.1482048
12.1874542
12.2267046
12.2659550
12.3052044
12.3431149
12.3810253
12.4189367
12.4568472
12.4901247
12.5234013
12.5566788
12.5899563
12.6173439
12.6447315
12.6721201
12.6995077
12.7269001
12.7542915
12.7816830
12.8090754
6.8662224
6.8269033
6.7875848
6.7482657
6.7311759
6.7097135
6.6882510
6.6667886
6.6664267
6.6770611
6.6876965
6.6983309
6.7297783
6.7748899
6.8200021
6.8651142
6.9241676
6.9869518
7.0497355
7.1125193
7.1852531
7.2606163
7.3359795
7.4113426
7.4937038
7.5782051
7.6627059
7.7472067
7.8338900
7.9220572
8.0102234
8.0983906
8.1872740
8.2790203
8.3707657
8.4625120
8.5482159
8.6367893
8.7253637
8.8139381
8.8977814
8.9869976
9.0762138
9.1654301
9.2410660
9.3224726
9.4038792
9.4852848
9.5540199
9.6308565
9.7076921
9.7845287
9.8476982
9.9172440
9.9867897
10.0563345
10.1069260
10.1650105
10.2230949
10.2811775
10.3236637
10.3745461
10.4254284
10.4763117
10.5078316
10.5444317
10.5810328
10.6176329
10.6487331
10.6798000
10.7108669
10.7419329
10.7748671
10.8080158
10.8411646
10.8743134
10.8977985
10.9308071
10.9638157
10.9968224
11.0393448
11.0670967
11.0948467
11.1225986
11.1492882
11.1932983
11.2373085
11.2813187
11.3266821
11.3611250
11.3955679
11.4300108
11.4687033
11.5126219
11.5565405
11.6004601
11.6400023
11.6807909
11.7215805
11.7623692
11.8034134
11.8446102
11.8858070
11.9270039
11.9676495
12.0086441
12.0496387
12.0906315
12.1241455
12.1633949
12.2026453
12.2418957
12.2709608
12.3088713
12.3467817
12.3846931
12.4091282
12.4424057
12.4756823
12.5089598
12.5271339
12.5545216
12.5819092
12.6092978
12.6275148
12.6549072
12.6822987
12.7096901
12.7262306
6.8602304
6.8209114
6.7815924
6.7645025
6.7474127
6.7259502
6.7044878
6.7041259
6.7037644
6.7143989
6.7250338
6.7564812
6.7879286
6.8330402
6.8781524
6.9372063
6.9962597
7.0590439
7.1218276
7.1945610
7.2672949
7.3426580
7.4180212
7.5003824
7.5827436
7.6672449
7.7517452
7.8384285
7.9251118
8.0132790
8.1014462
8.1903286
8.2792120
8.3709583
8.4627037
8.5484066
8.6341114
8.7226849
8.8112583
8.8951015
8.9789467
9.0681629
9.1573792
9.2330151
9.3086510
9.3900576
9.4714642
9.5401993
9.6089344
9.6857700
9.7626057
9.8257751
9.8889446
9.9584904
10.0280361
10.0786276
10.1292191
10.1873026
10.2453871
10.2878723
10.3303585
10.3812408
10.4321232
10.4636440
10.4951630
10.5317631
10.5683651
10.5994644
10.6305656
10.6616325
10.6926994
10.7256336
10.7585678
10.7917156
10.8248653
10.8483505
10.8718357
10.9048433
10.9378519
10.9803743
11.0228968
11.0506477
11.0783987
11.1050892
11.1317797
11.1757898
11.2198000
11.2651634
11.3105259
11.3449688
11.3794117
11.4181042
11.4567966
11.5007153
11.5446339
11.5841770
11.6237202
11.6645088
11.7052975
11.7463417
11.7873859
11.8285828
11.8697796
11.9104261
11.9510717
11.9920664
12.0330601
12.0665741
12.1000862
12.1393356
12.1785870
12.2076511
12.2367172
12.2746277
12.3125381
12.3369732
12.3614082
12.3946857
12.4279633
12.4461374
12.4643116
12.4916992
12.5190868
12.5373039
12.5555210
12.5829144
12.6103058
12.6268463
12.6433868
6.8542380
6.8149190
6.7978292
6.7807388
6.7636490
6.7421865
6.7418251
6.7414637
6.7411022
6.7517366
6.7831841
6.8146315
6.8460789
6.8911905
6.9502444
7.0092983
7.0683517
7.1311359
7.2038693
7.2766027
7.3493366
7.4246998
7.5070610
7.5894217
7.6717830
7.7562842
7.8429670
7.9296503
8.0163336
8.1045008
8.1933842
8.2822666
8.3711500
8.4628963
8.5485992
8.6343021
8.7200060
8.8085794
8.8924236
8.9762669
9.0601110
9.1493273
9.2249641
9.3006001
9.3762360
9.4576426
9.5263777
9.5951128
9.6638479
9.7406845
9.8038521
9.8670216
9.9301901
9.9997358
10.0503273
10.1009197
10.1515121
10.2095947
10.2520819
10.2945681
10.3370543
10.3879366
10.4194555
10.4509754
10.4824953
10.5190954
10.5501976
10.5812979
10.6123991
10.6434660
10.6763992
10.7093334
10.7422676
10.7754164
10.7989006
10.8223877
10.8458729
10.8788795
10.9214039
10.9639263
11.0064487
11.0341988
11.0608902
11.0875797
11.1142712
11.1582813
11.2036428
11.2490063
11.2943687
11.3288116
11.3675051
11.4061975
11.4448910
11.4888096
11.5283527
11.5678949
11.6074371
11.6482258
11.6892700
11.7303152
11.7713594
11.8125563
11.8532028
11.8938484
11.9344940
11.9754887
12.0090008
12.0425148
12.0760279
12.1152773
12.1443424
12.1734076
12.2024727
12.2403831
12.2648191
12.2892542
12.3136892
12.3469667
12.3651409
12.3833151
12.4014893
12.4288769
12.4470940
12.4653111
12.4835281
12.5109205
12.5274611
12.5440016
12.5605421
6.8482456
6.8311558
6.8140659
6.7969756
6.7798858
6.7795243
6.7791624
6.7788010
6.7784395
6.8098869
6.8413343
6.8727818
6.9042292
6.9632826
7.0223365
7.0813904
7.1404438
7.2131777
7.2859111
7.3586445
7.4313784
7.5137396
7.5961008
7.6784616
7.7608228
7.8475060
7.9341888
8.0208721
8.1075554
8.1964388
8.2853222
8.3742046
8.4630880
8.5487919
8.6344948
8.7201977
8.8059015
8.8897457
8.9735889
9.0574322
9.1412764
9.2169123
9.2925491
9.3681850
9.4438210
9.5125561
9.5812912
9.6500263
9.7187614
9.7819300
9.8450985
9.9082680
9.9714365
10.0220280
10.0726204
10.1232128
10.1738043
10.2162905
10.2587767
10.3012629
10.3437490
10.3752689
10.4067879
10.4383078
10.4698277
10.5009289
10.5320301
10.5631304
10.5942316
10.6271658
10.6600990
10.6930332
10.7259674
10.7494526
10.7729378
10.7964239
10.8199091
10.8624315
10.9049549
10.9474773
10.9899998
11.0166903
11.0433807
11.0700712
11.0967617
11.1421242
11.1874866
11.2328501
11.2782125
11.3169060
11.3555984
11.3942909
11.4329844
11.4725266
11.5120697
11.5516119
11.5911541
11.6321983
11.6732426
11.7142878
11.7553320
11.7959776
11.8366241
11.8772697
11.9179153
11.9514284
11.9849415
12.0184555
12.0519686
12.0810337
12.1100988
12.1391640
12.1682291
12.1926641
12.2171001
12.2415352
12.2659702
12.2841444
12.3023186
12.3204927
12.3386669
12.3568840
12.3751011
12.3933182
12.4115353
12.4280758
12.4446163
12.4611568
12.4776974
6.8585997
6.8415098
6.8244200
6.8073297
6.8100886
6.8097272
6.8093653
6.8090038
6.8270979
6.8585453
6.8899927
6.9214401
6.9703150
7.0293684
7.0884228
7.1474762
7.2169991
7.2897329
7.3624663
7.4351997
7.5158491
7.5982103
7.6805716
7.7629318
7.8470917
7.9337749
8.0204582
8.1071415
8.1945963
8.2834797
8.3723631
8.4612455
8.5438166
8.6295204
8.7152233
8.8009262
8.8795509
8.9633951
9.0472383
9.1310816
9.2022886
9.2779245
9.3535614
9.4291973
9.4908895
9.5596247
9.6283598
9.6970949
9.7517281
9.8148966
9.8780651
9.9412346
9.9830427
10.0336342
10.0842266
10.1348190
10.1680927
10.2105789
10.2530651
10.2955513
10.3253498
10.3568707
10.3883896
10.4199085
10.4506922
10.4817934
10.5128946
10.5439949
10.5684757
10.6014099
10.6343422
10.6672764
10.7073727
10.7308578
10.7543430
10.7778292
10.8027630
10.8452854
10.8878098
10.9303322
10.9726963
10.9993868
11.0260773
11.0527678
11.0885611
11.1339235
11.1792860
11.2246494
11.2613239
11.3000174
11.3387098
11.3774023
11.4151878
11.4547300
11.4942732
11.5338154
11.5711813
11.6122255
11.6532698
11.6943150
11.7260027
11.7666483
11.8072948
11.8479404
11.8724422
11.9059544
11.9394684
11.9729824
11.9937630
12.0228281
12.0518932
12.0809584
12.0970697
12.1215048
12.1459408
12.1703758
12.1804523
12.1986256
12.2168007
12.2349739
12.2451611
12.2633781
12.2815952
12.2998123
12.3078051
12.3243456
12.3408861
12.3574266
12.3605909
6.8689537
6.8518639
6.8347740
6.8375330
6.8402910
6.8399296
6.8395681
6.8576622
6.8757563
6.9072037
6.9386511
6.9875264
7.0364013
7.0954547
7.1545086
7.2240314
7.2935543
7.3662882
7.4390221
7.5196705
7.6003194
7.6826806
7.7650418
7.8492012
7.9333611
8.0200443
8.1067266
8.1941814
8.2816372
8.3705196
8.4594040
8.5419750
8.6245461
8.7102489
8.7959518
8.8745766
8.9531994
9.0370445
9.1208878
9.1920938
9.2633009
9.3389368
9.4145737
9.4762669
9.5379581
9.6066933
9.6754284
9.7300625
9.7846947
9.8478642
9.9110317
9.9528408
9.9946489
10.0452404
10.0958328
10.1291075
10.1623821
10.2048683
10.2473545
10.2771530
10.3069515
10.3384714
10.3699903
10.4007740
10.4315567
10.4626579
10.4937592
10.5182390
10.5427189
10.5756531
10.6085863
10.6486835
10.6887779
10.7122631
10.7357483
10.7606840
10.7856178
10.8281403
10.8706636
10.9130287
10.9553928
10.9820843
11.0087738
11.0445671
11.0803604
11.1257229
11.1710854
11.2077618
11.2444363
11.2831287
11.3218212
11.3596067
11.3973913
11.4369335
11.4764767
11.5138435
11.5512085
11.5922527
11.6332970
11.6649857
11.6966724
11.7373180
11.7779655
11.8024664
11.8269682
11.8604813
11.8939943
11.9147758
11.9355564
11.9646225
11.9936867
12.0097990
12.0259104
12.0503454
12.0747814
12.0848570
12.0949335
12.1131077
12.1312819
12.1414680
12.1516552
12.1698723
12.1880894
12.1960831
12.2040749
12.2206154
12.2371559
12.2403202
12.2434845
6.8793082
6.8622184
6.8649769
6.8677354
6.8704939
6.8701324
6.8882265
6.9063206
6.9244146
6.9558620
7.0047369
7.0536127
7.1024876
7.1615410
7.2310638
7.3005872
7.3701100
7.4428439
7.5234919
7.6041412
7.6847897
7.7671509
7.8513107
7.9354701
8.0196295
8.1063128
8.1937675
8.2812223
8.3686771
8.4575605
8.5401325
8.6227036
8.7052746
8.7909784
8.8696012
8.9482250
9.0268488
9.1106930
9.1819000
9.2531061
9.3243132
9.3999491
9.4616423
9.5233355
9.5850277
9.6537628
9.7083960
9.7630291
9.8176622
9.8808308
9.9226389
9.9644470
10.0062551
10.0568466
10.0901222
10.1233959
10.1566715
10.1991577
10.2289562
10.2587547
10.2885532
10.3200722
10.3508558
10.3816385
10.4124222
10.4435234
10.4680023
10.4924831
10.5169621
10.5498962
10.5899925
10.6300888
10.6701841
10.6936693
10.7186031
10.7435379
10.7684727
10.8109951
10.8533602
10.8957253
10.9380903
10.9647808
11.0005741
11.0363674
11.0721607
11.1175232
11.1541986
11.1908731
11.2275476
11.2662411
11.3040247
11.3418102
11.3795948
11.4191370
11.4565039
11.4938707
11.5312366
11.5722809
11.6039677
11.6356554
11.6673431
11.7079887
11.7324905
11.7569923
11.7814941
11.8150082
11.8357887
11.8565702
11.8773508
11.9064159
11.9225273
11.9386396
11.9547510
11.9791861
11.9892616
11.9993382
12.0094147
12.0275898
12.0377769
12.0479631
12.0581503
12.0763674
12.0843601
12.0923529
12.1003456
12.1168861
12.1200495
12.1232138
12.1263781
6.8896623
6.8924208
6.8951797
6.8979383
6.9006968
6.9187908
6.9368849
6.9549789
6.9730730
7.0219479
7.0708232
7.1196985
7.1685734
7.2380962
7.3076191
7.3771424
7.4466653
7.5273142
7.6079626
7.6886115
7.7692604
7.8534203
7.9375796
8.0217390
8.1058989
8.1933537
8.2808084
8.3682632
8.4557180
8.5382891
8.6208611
8.7034321
8.7860031
8.8646269
8.9432507
9.0218744
9.1004982
9.1717052
9.2429123
9.3141184
9.3853254
9.4470177
9.5087109
9.5704041
9.6320963
9.6867294
9.7413626
9.7959957
9.8506289
9.8924370
9.9342451
9.9760532
10.0178614
10.0511360
10.0844107
10.1176853
10.1509600
10.1807585
10.2105570
10.2403555
10.2701540
10.3009377
10.3317204
10.3625031
10.3932867
10.4177666
10.4422464
10.4667263
10.4912062
10.5313015
10.5713978
10.6114941
10.6515894
10.6765232
10.7014580
10.7263927
10.7513266
10.7936916
10.8360567
10.8784218
10.9207869
10.9565802
10.9923735
11.0281668
11.0639601
11.1006346
11.1373100
11.1739845
11.2106590
11.2484436
11.2862282
11.3240137
11.3617983
11.3991642
11.4365311
11.4738979
11.5112638
11.5429516
11.5746384
11.6063261
11.6380138
11.6625156
11.6870174
11.7115192
11.7360210
11.7568016
11.7775831
11.7983646
11.8191452
11.8352566
11.8513680
11.8674803
11.8835917
11.8936682
11.9037437
11.9138203
11.9238968
11.9340839
11.9442711
11.9544573
11.9646444
11.9726372
11.9806299
11.9886227
11.9966154
11.9997797
12.0029430
12.0061073
12.0092716
6.9124427
6.9152012
6.9179602
6.9207187
6.9405708
6.9586649
6.9767590
6.9948530
7.0299768
7.0788517
7.1277266
7.1766024
7.2387538
7.3082767
7.3777995
7.4473228
7.5257978
7.6064467
7.6870952
7.7677441
7.8499699
7.9341297
8.0182896
8.1024485
8.1881313
8.2755871
8.3630409
8.4504967
8.5302801
8.6128511
8.6954231
8.7779942
8.8530712
8.9316950
9.0103188
9.0889425
9.1553068
9.2265139
9.2977209
9.3689270
9.4245481
9.4862404
9.5479336
9.6096268
9.6554518
9.7100849
9.7647181
9.8193512
9.8522053
9.8940125
9.9358215
9.9776287
10.0047817
10.0380573
10.0713310
10.1046066
10.1322250
10.1620235
10.1918221
10.2216206
10.2495146
10.2802982
10.3110809
10.3418636
10.3742418
10.3987217
10.4232016
10.4476814
10.4716129
10.5117073
10.5518036
10.5918999
10.6313963
10.6563301
10.6812649
10.7061996
10.7396326
10.7819977
10.8243628
10.8667278
10.9015255
10.9373188
10.9731121
11.0089054
11.0442305
11.0809050
11.1175804
11.1542549
11.1846733
11.2224579
11.2602425
11.2980289
11.3238773
11.3612442
11.3986111
11.4359779
11.4571285
11.4888153
11.5205021
11.5521908
11.5673752
11.5918770
11.6163788
11.6408806
11.6535778
11.6743584
11.6951389
11.7159214
11.7246666
11.7407780
11.7568893
11.7730017
11.7759218
11.7859983
11.7960739
11.8061504
11.8096409
11.8198280
11.8300152
11.8402014
11.8417683
11.8497610
11.8577538
11.8657465
11.8654966
11.8686609
11.8718243
11.8749886
11.8708296
6.9352231
6.9379816
6.9407406
6.9605927
6.9804454
6.9985394
7.0166335
7.0517569
7.0868802
7.1357551
7.1846304
7.2467823
7.3089342
7.3784571
7.4479799
7.5264549
7.6049299
7.6855793
7.7662277
7.8484540
7.9306798
8.0148392
8.0989990
8.1846819
8.2703648
8.3578196
8.4452744
8.5250587
8.6048412
8.6874123
8.7699852
8.8450623
8.9201393
8.9987621
9.0773869
9.1437511
9.2101154
9.2813225
9.3525295
9.4081497
9.4637718
9.5254631
9.5871563
9.6329823
9.6788063
9.7334404
9.7880726
9.8209267
9.8537807
9.8955889
9.9373970
9.9645500
9.9917030
10.0249777
10.0582523
10.0858707
10.1134892
10.1432877
10.1730862
10.2009811
10.2288761
10.2596588
10.2904415
10.3228188
10.3551960
10.3796768
10.4041557
10.4280872
10.4520187
10.4921141
10.5322104
10.5717068
10.6112022
10.6361370
10.6610718
10.6945047
10.7279387
10.7703037
10.8126688
10.8474655
10.8822632
10.9180565
10.9538498
10.9891758
11.0245018
11.0611763
11.0978508
11.1282701
11.1586885
11.1964731
11.2342577
11.2601080
11.2859573
11.3233232
11.3606901
11.3818407
11.4029922
11.4346800
11.4663668
11.4815512
11.4967356
11.5212374
11.5457392
11.5584364
11.5711336
11.5919142
11.6126957
11.6214428
11.6301880
11.6462994
11.6624107
11.6653309
11.6682510
11.6783276
11.6884041
11.6918945
11.6953850
11.7055721
11.7157593
11.7173252
11.7188921
11.7268848
11.7348776
11.7346277
11.7343779
11.7375422
11.7407055
11.7365456
11.7323875
6.9580035
6.9607620
6.9806147
7.0004673
7.0203199
7.0384140
7.0735369
7.1086607
7.1437836
7.1926584
7.2548108
7.3169622
7.3791142
7.4486370
7.5271125
7.6055875
7.6840625
7.7647114
7.8469372
7.9291639
8.0113897
8.0955496
8.1812325
8.2669144
8.3525982
8.4400520
8.5198364
8.5996199
8.6794033
8.7619743
8.8370514
8.9121294
8.9872065
9.0658302
9.1321955
9.1985598
9.2649250
9.3361320
9.3917522
9.4473734
9.5029945
9.5646868
9.6105118
9.6563368
9.7021618
9.7567949
9.7896500
9.8225021
9.8553562
9.8971653
9.9243183
9.9514713
9.9786243
10.0118980
10.0395174
10.0671358
10.0947542
10.1245527
10.1524477
10.1803417
10.2082367
10.2390203
10.2713966
10.3037739
10.3361511
10.3606310
10.3845634
10.4084930
10.4324245
10.4725208
10.5120163
10.5515127
10.5910091
10.6159430
10.6493778
10.6828108
10.7162447
10.7586098
10.7934065
10.8282042
10.8630018
10.8987951
10.9341211
10.9694462
11.0047722
11.0414467
11.0718651
11.1022854
11.1327038
11.1704884
11.1963367
11.2221870
11.2480373
11.2854023
11.3065548
11.3277054
11.3488560
11.3805447
11.3957272
11.4109116
11.4260960
11.4505978
11.4632950
11.4759922
11.4886894
11.5094700
11.5182171
11.5269642
11.5357103
11.5518217
11.5547409
11.5576611
11.5605812
11.5706577
11.5741482
11.5776386
11.5811291
11.5913162
11.5928831
11.5944490
11.5960159
11.6040087
11.6037588
11.6035089
11.6032591
11.6064234
11.6022635
11.5981035
11.5939445
6.9807839
7.0006366
7.0204887
7.0403414
7.0601940
7.0953174
7.1304407
7.1655641
7.2006874
7.2628393
7.3249912
7.3871427
7.4492946
7.5277696
7.6062450
7.6847200
7.7631950
7.8454208
7.9276471
8.0098734
8.0920992
8.1777821
8.2634649
8.3491478
8.4348307
8.5146141
8.5943985
8.6741819
8.7539654
8.8290424
8.9041195
8.9791975
9.0542746
9.1206398
9.1870041
9.2533684
9.3197336
9.3753548
9.4309750
9.4865961
9.5422173
9.5880423
9.6338673
9.6796923
9.7255173
9.7583714
9.7912254
9.8240786
9.8569326
9.8840857
9.9112387
9.9383917
9.9655447
9.9931631
10.0207825
10.0484009
10.0760193
10.1039143
10.1318083
10.1597023
10.1875973
10.2199745
10.2523518
10.2847290
10.3171062
10.3410378
10.3649693
10.3888998
10.4128313
10.4523277
10.4918232
10.5313196
10.5708160
10.6042500
10.6376839
10.6711168
10.7045507
10.7393484
10.7741451
10.8089428
10.8437405
10.8790665
10.9143915
10.9497166
10.9850426
11.0154610
11.0458803
11.0762997
11.1067181
11.1325674
11.1584167
11.1842670
11.2101164
11.2312679
11.2524185
11.2735691
11.2947206
11.3099051
11.3250885
11.3402729
11.3554573
11.3681545
11.3808517
11.3935490
11.4062462
11.4149923
11.4237385
11.4324856
11.4412317
11.4441519
11.4470711
11.4499912
11.4529114
11.4564018
11.4598923
11.4633827
11.4668732
11.4684401
11.4700069
11.4715729
11.4731398
11.4728899
11.4726400
11.4723902
11.4721403
11.4679813
11.4638214
11.4596615
11.4555025
7.0124669
7.0323195
7.0521717
7.0720243
7.1070242
7.1421475
7.1772709
7.2123942
7.2617073
7.3238592
7.3860111
7.4481621
7.5205059
7.5989809
7.6774559
7.7559309
7.8377461
7.9199719
8.0021982
8.0844250
8.1662416
8.2519245
8.3376074
8.4232903
8.5032606
8.5830441
8.6628284
8.7426119
8.8133125
8.8883896
8.9634666
9.0385437
9.1024952
9.1688595
9.2352238
9.3015881
9.3503084
9.4059296
9.4615498
9.5171709
9.5560408
9.6018658
9.6476908
9.6935158
9.7174606
9.7503147
9.7831688
9.8160219
9.8399429
9.8670959
9.8942490
9.9214020
9.9466057
9.9742241
10.0018444
10.0294628
10.0514832
10.0793781
10.1072731
10.1351662
10.1687889
10.2011662
10.2335434
10.2659206
10.2968302
10.3207617
10.3446932
10.3686237
10.3984232
10.4379196
10.4774151
10.5169115
10.5474348
10.5808687
10.6143026
10.6477356
10.6787033
10.7135010
10.7482977
10.7830954
10.8090010
10.8443270
10.8796520
10.9149771
10.9315891
10.9620075
10.9924269
11.0228462
11.0364838
11.0623322
11.0881824
11.1140327
11.1230459
11.1441975
11.1653481
11.1864986
11.1916819
11.2068663
11.2220497
11.2372341
11.2414770
11.2541742
11.2668715
11.2795687
11.2818556
11.2906017
11.2993479
11.3080950
11.3061647
11.3090849
11.3120041
11.3149242
11.3135300
11.3170204
11.3205109
11.3240013
11.3215075
11.3230743
11.3246412
11.3262072
11.3226042
11.3223543
11.3221045
11.3218546
11.3147354
11.3105764
11.3064165
11.3022566
11.2959061
7.0441494
7.0640020
7.0838547
7.1188545
7.1538544
7.1889782
7.2241011
7.2734141
7.3227267
7.3848786
7.4470305
7.5193734
7.5917168
7.6701918
7.7486672
7.8304820
7.9122972
7.9945230
8.0767498
8.1585674
8.2403851
8.3260670
8.4117508
8.4917202
8.5716915
8.6514740
8.7312584
8.8019590
8.8726587
8.9477358
9.0228128
9.0867643
9.1507149
9.2170801
9.2834444
9.3321648
9.3808842
9.4365044
9.4921246
9.5309944
9.5698643
9.6156893
9.6615143
9.6854591
9.7094040
9.7422581
9.7751122
9.7990322
9.8229542
9.8501072
9.8772602
9.9024639
9.9276676
9.9552860
9.9829054
10.0049267
10.0269480
10.0548429
10.0827370
10.1163588
10.1499796
10.1823568
10.2147341
10.2456436
10.2765541
10.3004856
10.3244171
10.3542156
10.3840151
10.4235115
10.4630070
10.4935303
10.5240536
10.5574875
10.5909214
10.6218891
10.6528568
10.6876545
10.7224503
10.7483559
10.7742615
10.8095875
10.8449116
10.8615236
10.8781357
10.9085541
10.9389734
10.9526110
10.9662485
10.9920979
11.0179472
11.0269613
11.0359755
11.0571270
11.0782776
11.0834599
11.0886431
11.1038275
11.1190109
11.1232529
11.1274967
11.1401939
11.1528912
11.1551781
11.1574650
11.1662121
11.1749573
11.1730289
11.1710987
11.1740189
11.1769371
11.1755428
11.1741486
11.1776390
11.1811295
11.1786366
11.1761417
11.1777096
11.1792755
11.1756725
11.1720676
11.1718178
11.1715679
11.1644497
11.1573315
11.1531715
11.1490116
11.1426611
11.1363096
7.0758324
7.0956850
7.1306849
7.1656852
7.2006850
7.2358084
7.2851210
7.3344336
7.3837461
7.4458981
7.5182419
7.5905848
7.6629276
7.7414026
7.8232179
7.9050331
7.9868484
8.0690746
8.1508923
8.2327099
8.3145275
8.4002104
8.4801807
8.5601511
8.6401215
8.7199049
8.7906055
8.8613052
8.9320049
9.0070820
9.0710335
9.1349850
9.1989346
9.2653008
9.3140202
9.3627396
9.4114590
9.4670801
9.5059490
9.5448179
9.5836878
9.6295128
9.6534576
9.6774035
9.7013483
9.7342024
9.7581224
9.7820435
9.8059645
9.8331175
9.8583202
9.8835258
9.9087296
9.9363480
9.9583702
9.9803905
10.0024128
10.0303078
10.0639286
10.0975494
10.1311703
10.1635475
10.1944590
10.2253685
10.2562790
10.2802105
10.3100090
10.3398075
10.3696070
10.4091034
10.4396267
10.4701500
10.5006733
10.5341072
10.5650740
10.5960417
10.6270094
10.6618071
10.6877108
10.7136164
10.7395210
10.7748470
10.7914581
10.8080702
10.8246822
10.8551006
10.8687382
10.8823757
10.8960133
10.9218636
10.9308777
10.9398909
10.9489050
10.9700565
10.9752388
10.9804211
10.9856043
11.0007887
11.0050306
11.0092726
11.0135155
11.0262127
11.0285006
11.0307875
11.0330753
11.0418215
11.0398922
11.0379620
11.0360317
11.0389519
11.0375557
11.0361614
11.0347662
11.0382566
11.0357637
11.0332708
11.0307770
11.0323439
11.0287399
11.0251360
11.0215321
11.0212822
11.0141640
11.0070448
10.9999266
10.9957676
10.9894152
10.9830647
10.9767132
7.1075153
7.1425152
7.1775150
7.2125154
7.2475152
7.2968278
7.3461409
7.3954535
7.4447660
7.5171094
7.5894527
7.6617956
7.7341390
7.8159542
7.8977690
7.9795842
8.0613995
8.1432171
8.2250347
8.3068523
8.3886700
8.4686403
8.5486107
8.6285810
8.7085514
8.7792511
8.8499517
8.9206524
8.9913521
9.0553026
9.1192532
9.1832047
9.2471552
9.2958746
9.3445950
9.3933144
9.4420338
9.4809036
9.5197725
9.5586414
9.5975113
9.6214561
9.6454010
9.6693468
9.6932917
9.7172127
9.7411327
9.7650537
9.7889748
9.8141785
9.8393822
9.8645868
9.8897905
9.9118118
9.9338341
9.9558554
9.9778767
10.0114975
10.0451193
10.0787411
10.1123619
10.1432724
10.1741829
10.2050924
10.2360029
10.2658024
10.2956009
10.3253994
10.3551989
10.3857222
10.4162455
10.4467688
10.4772921
10.5082598
10.5392265
10.5701942
10.6011620
10.6270666
10.6529713
10.6788769
10.7047815
10.7213936
10.7380047
10.7546167
10.7712288
10.7848663
10.7985039
10.8121414
10.8257790
10.8347931
10.8438072
10.8528204
10.8618345
10.8670177
10.8722000
10.8773823
10.8825655
10.8868084
10.8910503
10.8952923
10.8995352
10.9018230
10.9041100
10.9063969
10.9086847
10.9067545
10.9048252
10.9028950
10.9009647
10.8995695
10.8981743
10.8967800
10.8953848
10.8928909
10.8903980
10.8879051
10.8854113
10.8818073
10.8782043
10.8746004
10.8709965
10.8638783
10.8567591
10.8496399
10.8425217
10.8361702
10.8298187
10.8234682
10.8171167
7.1452904
7.1802902
7.2152901
7.2502904
7.2983537
7.3476663
7.3969793
7.4462919
7.5058808
7.5782242
7.6505675
7.7229104
7.8021750
7.8839903
7.9658051
8.0476208
8.1273308
8.2091484
8.2909660
8.3727837
8.4522657
8.5322361
8.6122065
8.6921768
8.7602940
8.8309937
8.9016943
8.9723949
9.0337381
9.0976887
9.1616392
9.2255907
9.2696371
9.3183565
9.3670769
9.4157963
9.4474506
9.4863205
9.5251894
9.5640583
9.5826807
9.6066256
9.6305704
9.6545162
9.6749077
9.6988297
9.7227497
9.7466698
9.7685738
9.7937775
9.8189812
9.8441849
9.8707781
9.8927994
9.9148216
9.9368429
9.9567223
9.9903431
10.0239658
10.0575867
10.0921183
10.1230288
10.1539392
10.1848488
10.2100706
10.2398701
10.2696686
10.2994671
10.3223934
10.3529167
10.3834400
10.4139633
10.4317760
10.4627438
10.4937105
10.5246782
10.5271168
10.5530214
10.5789261
10.6048317
10.6051445
10.6217556
10.6383667
10.6549797
10.6514645
10.6651020
10.6787395
10.6923771
10.6862373
10.6952515
10.7042656
10.7132788
10.7074461
10.7126293
10.7178116
10.7229939
10.7174721
10.7217150
10.7259569
10.7301989
10.7260532
10.7283401
10.7306271
10.7329140
10.7283344
10.7264042
10.7244759
10.7225456
10.7198868
10.7184916
10.7170963
10.7157021
10.7133112
10.7108173
10.7083244
10.7058315
10.7039986
10.7003946
10.6967916
10.6931877
10.6889534
10.6818352
10.6747160
10.6675968
10.6635571
10.6572056
10.6508541
10.6445036
10.6377964
7.1830654
7.2180653
7.2530651
7.3011293
7.3491926
7.3985052
7.4478178
7.5074062
7.5669956
7.6393385
7.7116823
7.7909470
7.8702116
7.9520264
8.0338411
8.1135521
8.1932631
8.2750807
8.3568983
8.4363804
8.5158615
8.5958328
8.6758022
8.7439194
8.8120365
8.8827362
8.9534359
9.0147800
9.0761242
9.1400738
9.2040253
9.2480717
9.2921181
9.3408375
9.3895588
9.4212132
9.4528675
9.4917374
9.5306053
9.5492287
9.5678501
9.5917950
9.6157398
9.6361322
9.6565247
9.6804457
9.7043657
9.7262688
9.7481718
9.7733755
9.7985792
9.8251724
9.8517647
9.8737869
9.8958092
9.9156885
9.9355688
9.9691896
10.0028114
10.0373440
10.0718746
10.1027851
10.1336956
10.1589165
10.1841383
10.2139378
10.2437363
10.2666626
10.2895880
10.3201113
10.3506346
10.3684473
10.3862600
10.4172277
10.4481945
10.4506330
10.4530716
10.4789762
10.5048809
10.5051937
10.5055065
10.5221186
10.5387297
10.5352154
10.5317001
10.5453377
10.5589752
10.5528355
10.5466957
10.5557098
10.5647240
10.5588913
10.5530586
10.5582409
10.5634232
10.5579014
10.5523777
10.5566216
10.5608635
10.5567169
10.5525703
10.5548582
10.5571451
10.5525656
10.5479851
10.5460548
10.5441256
10.5414658
10.5388088
10.5374126
10.5360184
10.5336285
10.5312366
10.5287437
10.5262508
10.5244179
10.5225849
10.5189819
10.5153790
10.5111446
10.5069103
10.4997921
10.4926720
10.4886322
10.4845924
10.4782410
10.4718895
10.4651833
10.4584751
7.2208405
7.2558403
7.3039041
7.3519678
7.4000311
7.4493437
7.5089326
7.5685210
7.6281099
7.7004533
7.7797184
7.8589830
7.9382477
8.0200624
8.0997734
8.1794834
8.2591953
8.3410130
8.4204950
8.4999762
8.5794582
8.6594286
8.7275448
8.7956619
8.8637781
8.9344778
8.9958220
9.0571661
9.1185093
9.1824598
9.2265072
9.2705536
9.3146000
9.3633194
9.3949738
9.4266291
9.4582834
9.4971533
9.5157757
9.5343981
9.5530205
9.5769653
9.5973568
9.6177483
9.6381416
9.6620617
9.6839638
9.7058678
9.7277699
9.7529736
9.7795668
9.8061600
9.8327522
9.8547735
9.8746548
9.8945351
9.9144154
9.9480362
9.9825678
10.0171003
10.0516319
10.0825424
10.1077633
10.1329842
10.1582060
10.1880054
10.2109308
10.2338572
10.2567825
10.2873058
10.3051186
10.3229313
10.3407440
10.3717117
10.3741493
10.3765879
10.3790264
10.4049311
10.4052448
10.4055557
10.4058685
10.4224815
10.4189663
10.4154510
10.4119358
10.4255733
10.4194336
10.4132929
10.4071531
10.4161673
10.4103355
10.4045029
10.3986702
10.4038534
10.3983297
10.3928070
10.3872843
10.3915272
10.3873806
10.3832340
10.3790874
10.3813763
10.3767948
10.3722153
10.3676357
10.3657055
10.3630466
10.3603878
10.3577299
10.3563347
10.3539448
10.3515539
10.3491631
10.3466692
10.3448372
10.3430052
10.3411722
10.3375683
10.3333340
10.3291006
10.3248663
10.3177481
10.3137074
10.3096676
10.3056269
10.2992754
10.2925692
10.2858620
10.2791548
7.2586155
7.3066788
7.3547425
7.4028063
7.4508696
7.5104585
7.5700474
7.6296358
7.6892247
7.7684894
7.8477545
7.9270191
8.0062838
8.0859947
8.1657047
8.2454157
8.3251266
8.4046087
8.4840908
8.5635719
8.6430540
8.7111702
8.7792873
8.8474045
8.9155207
8.9768639
9.0382080
9.0995522
9.1608953
9.2049417
9.2489891
9.2930355
9.3370819
9.3687363
9.4003906
9.4320459
9.4637003
9.4823227
9.5009451
9.5195675
9.5381899
9.5585823
9.5789738
9.5993652
9.6197577
9.6416607
9.6635628
9.6854658
9.7073689
9.7339611
9.7605543
9.7871475
9.8137398
9.8336201
9.8535004
9.8733807
9.8932610
9.9277925
9.9623241
9.9968567
10.0313883
10.0566101
10.0818310
10.1070518
10.1322737
10.1551991
10.1781254
10.2010517
10.2239771
10.2417898
10.2596025
10.2774153
10.2952280
10.2976665
10.3001041
10.3025427
10.3049812
10.3052940
10.3056068
10.3059187
10.3062315
10.3027163
10.2992020
10.2956867
10.2921715
10.2860317
10.2798920
10.2737513
10.2676115
10.2617788
10.2559471
10.2501144
10.2442818
10.2387590
10.2332363
10.2277136
10.2221909
10.2180443
10.2138977
10.2097521
10.2056055
10.2010250
10.1964455
10.1918659
10.1872854
10.1846275
10.1819687
10.1793098
10.1766520
10.1742611
10.1718712
10.1694803
10.1670895
10.1652565
10.1634245
10.1615925
10.1597595
10.1555252
10.1512909
10.1470575
10.1428232
10.1387825
10.1347427
10.1307030
10.1266623
10.1199551
10.1132488
10.1065416
10.0998344
7.2999325
7.3479958
7.3960595
7.4441233
7.5012417
7.5608311
7.6204195
7.6800079
7.7478294
7.8270941
7.9063592
7.9856238
8.0639935
8.1437044
8.2234144
8.3031254
8.3798990
8.4593811
8.5388632
8.6183443
8.6865635
8.7546797
8.8227968
8.8909140
8.9479141
9.0092573
9.0706015
9.1319456
9.1757975
9.2198439
9.2638912
9.3079376
9.3342438
9.3658981
9.3975525
9.4292068
9.4465008
9.4651232
9.4837456
9.5023680
9.5198193
9.5402117
9.5606031
9.5809946
9.5941544
9.6160583
9.6379604
9.6598625
9.6939211
9.7205133
9.7471066
9.7736998
9.8020153
9.8218956
9.8417759
9.8616562
9.8885012
9.9230328
9.9575644
9.9920969
10.0062094
10.0314312
10.0566521
10.0818729
10.0893440
10.1122694
10.1351957
10.1581221
10.1441622
10.1619749
10.1797876
10.1976004
10.1783323
10.1807709
10.1832085
10.1856470
10.1562748
10.1565876
10.1569004
10.1572132
10.1326456
10.1291304
10.1256161
10.1221008
10.0889826
10.0828428
10.0767031
10.0705624
10.0539474
10.0481148
10.0422831
10.0364504
10.0163507
10.0108280
10.0053053
9.9997826
9.9853563
9.9812098
9.9770632
9.9729176
9.9626446
9.9580650
9.9534855
9.9489059
9.9431458
9.9404879
9.9378290
9.9351702
9.9347067
9.9323158
9.9299259
9.9275351
9.9316616
9.9298286
9.9279976
9.9261646
9.9310589
9.9268246
9.9225903
9.9183569
9.9247026
9.9206619
9.9166222
9.9125824
9.9180050
9.9112978
9.9045916
9.8978844
9.8983097
7.3412495
7.3893127
7.4373765
7.4944954
7.5516143
7.6112032
7.6707921
7.7386131
7.8064346
7.8856993
7.9649639
8.0433331
8.1217041
8.2014141
8.2811241
8.3578987
8.4346714
8.5141544
8.5936356
8.6618538
8.7300739
8.7981892
8.8663063
8.9233074
8.9803066
9.0416508
9.1029949
9.1468468
9.1906996
9.2347460
9.2787933
9.3050985
9.3314047
9.3630590
9.3947134
9.4120073
9.4293013
9.4479237
9.4665461
9.4839973
9.5014477
9.5218410
9.5422325
9.5553923
9.5685520
9.5904551
9.6123571
9.6464157
9.6804733
9.7070656
9.7336597
9.7619753
9.7902908
9.8101711
9.8300514
9.8568954
9.8837414
9.9182720
9.9528046
9.9669170
9.9810305
10.0062523
10.0314732
10.0389442
10.0464144
10.0693398
10.0922661
10.0783062
10.0643482
10.0821609
10.0999737
10.0807056
10.0614376
10.0638752
10.0663128
10.0369415
10.0075693
10.0078821
10.0081949
9.9836273
9.9590588
9.9555435
9.9520302
9.9189110
9.8857937
9.8796539
9.8735142
9.8568993
9.8402824
9.8344498
9.8286190
9.8085194
9.7884197
9.7828960
9.7773743
9.7629480
9.7485218
9.7443752
9.7402287
9.7299566
9.7196846
9.7151041
9.7105246
9.7047653
9.6990070
9.6963482
9.6936893
9.6932259
9.6927605
9.6903706
9.6879807
9.6921072
9.6962347
9.6944017
9.6925697
9.6974640
9.7023582
9.6981239
9.6938896
9.7002373
9.7065830
9.7025414
9.6985016
9.7039261
9.7093487
9.7026405
9.6959343
9.6963587
9.6967840
7.3825665
7.4306297
7.4877491
7.5448675
7.6019869
7.6615753
7.7293968
7.7972178
7.8650393
7.9443040
8.0226736
8.1010437
8.1794138
8.2591248
8.3358984
8.4126711
8.4894447
8.5689268
8.6371450
8.7053642
8.7735834
8.8416996
8.8986998
8.9556999
9.0127001
9.0740433
9.1178970
9.1617489
9.2056017
9.2496481
9.2759533
9.3022594
9.3285656
9.3602200
9.3775148
9.3948078
9.4121017
9.4307241
9.4481745
9.4656258
9.4830770
9.5034695
9.5166283
9.5297890
9.5429497
9.5648518
9.5989103
9.6329679
9.6670265
9.6936188
9.7219353
9.7502508
9.7785664
9.7984467
9.8252916
9.8521357
9.8789806
9.9135122
9.9276257
9.9417381
9.9558516
9.9810734
9.9885435
9.9960146
10.0034847
10.0264101
10.0124512
9.9984922
9.9845333
10.0023460
9.9830780
9.9638100
9.9445419
9.9469805
9.9176083
9.8882351
9.8588638
9.8591766
9.8346081
9.8100405
9.7854729
9.7819576
9.7488413
9.7157230
9.6826057
9.6764660
9.6598501
9.6432343
9.6266184
9.6207857
9.6006861
9.5805874
9.5604877
9.5549650
9.5405397
9.5261135
9.5116873
9.5075407
9.4972687
9.4869957
9.4767246
9.4721432
9.4663858
9.4606266
9.4548674
9.4522095
9.4517441
9.4512796
9.4508152
9.4484243
9.4525528
9.4566803
9.4608078
9.4589748
9.4638691
9.4687643
9.4736586
9.4694242
9.4757710
9.4821167
9.4884624
9.4844217
9.4898453
9.4952688
9.5006914
9.4939842
9.4944096
9.4948330
9.4952583
7.4238834
7.4810023
7.5381212
7.5952401
7.6523590
7.7201805
7.7880015
7.8558226
7.9236441
8.0020142
8.0803833
8.1587534
8.2371235
8.3138971
8.3906708
8.4674435
8.5442171
8.6124363
8.6806545
8.7488737
8.8170929
8.8740931
8.9310932
8.9880934
9.0450935
9.0889463
9.1327991
9.1766510
9.2205038
9.2468100
9.2731152
9.2994213
9.3257275
9.3430214
9.3603153
9.3776083
9.3949022
9.4123535
9.4298038
9.4472551
9.4647064
9.4778662
9.4910259
9.5041866
9.5173464
9.5514050
9.5854626
9.6195202
9.6535788
9.6818943
9.7102108
9.7385263
9.7668419
9.7936869
9.8205318
9.8473759
9.8742208
9.8883343
9.9024467
9.9165592
9.9306726
9.9381428
9.9456139
9.9530849
9.9605551
9.9465961
9.9326363
9.9186773
9.9047184
9.8854504
9.8661823
9.8469143
9.8276463
9.7982740
9.7689018
9.7395296
9.7101574
9.6855898
9.6610222
9.6364546
9.6118870
9.5787697
9.5456524
9.5125341
9.4794168
9.4628010
9.4461861
9.4295702
9.4129543
9.3928547
9.3727551
9.3526564
9.3325567
9.3181305
9.3037052
9.2892790
9.2748528
9.2645807
9.2543087
9.2440357
9.2337637
9.2280045
9.2222462
9.2164869
9.2107277
9.2102633
9.2097988
9.2093344
9.2088699
9.2129974
9.2171249
9.2212524
9.2253799
9.2302742
9.2351685
9.2400637
9.2449579
9.2513037
9.2576504
9.2639961
9.2703419
9.2757645
9.2811880
9.2866116
9.2920341
9.2924595
9.2928839
9.2933083
9.2937336
7.4654055
7.5225244
7.5796432
7.6367621
7.6994243
7.7672458
7.8350668
7.9028878
7.9744201
8.0527897
8.1311588
8.2095299
8.2828560
8.3596306
8.4364033
8.5131760
8.5815392
8.6497583
8.7179766
8.7861958
8.8412638
8.8982639
8.9552641
9.0122643
9.0548353
9.0986881
9.1425409
9.1863928
9.2101936
9.2364998
9.2628050
9.2891111
9.3080654
9.3253593
9.3426533
9.3599453
9.3777437
9.3951950
9.4126453
9.4300966
9.4539490
9.4671087
9.4802685
9.4934292
9.5239906
9.5580502
9.5921078
9.6261654
9.6794405
9.7077560
9.7360725
9.7643881
9.7999439
9.8267889
9.8536339
9.8804779
9.8853455
9.8994598
9.9135723
9.9276848
9.9143658
9.9218369
9.9293079
9.9367790
9.9213724
9.9074135
9.8934536
9.8794947
9.8633995
9.8441315
9.8248634
9.8055954
9.7753792
9.7460060
9.7166348
9.6872616
9.6572609
9.6326923
9.6081257
9.5835571
9.5343142
9.5011969
9.4680796
9.4349613
9.3877583
9.3711424
9.3545275
9.3379116
9.2691088
9.2490091
9.2289095
9.2088108
9.1376905
9.1232643
9.1088390
9.0944128
9.0196171
9.0093441
8.9990730
8.9888000
8.9626818
8.9569225
8.9511642
8.9454050
8.9321613
8.9316969
8.9312325
8.9307680
8.9258575
8.9299850
8.9341125
8.9382401
8.9418154
8.9467096
8.9516039
8.9564991
8.9696045
8.9759502
8.9822960
8.9886417
9.0088539
9.0142765
9.0196991
9.0251236
9.0462036
9.0466290
9.0470533
9.0474777
9.0655785
7.5069275
7.5640464
7.6211653
7.6838274
7.7464895
7.8143110
7.8821321
7.9536638
8.0251961
8.1035662
8.1819353
8.2552624
8.3285894
8.4053631
8.4821367
8.5504990
8.6188602
8.6870804
8.7552986
8.8103666
8.8654346
8.9224348
8.9794350
9.0220070
9.0645771
9.1084309
9.1522827
9.1760826
9.1998844
9.2261906
9.2524948
9.2714491
9.2904024
9.3076963
9.3249903
9.3427877
9.3605852
9.3780365
9.3954868
9.4193392
9.4431915
9.4563513
9.4695110
9.5000734
9.5306358
9.5646944
9.5987520
9.6520271
9.7053032
9.7336178
9.7619343
9.7974911
9.8330460
9.8598919
9.8867359
9.8916035
9.8964710
9.9105844
9.9246969
9.9113779
9.8980598
9.9055300
9.9130011
9.8975954
9.8821898
9.8682308
9.8542709
9.8381758
9.8220806
9.8028126
9.7835445
9.7533274
9.7231112
9.6937389
9.6643667
9.6343651
9.6043634
9.5797958
9.5552282
9.5059853
9.4567413
9.4236240
9.3905067
9.3433037
9.2961006
9.2794838
9.2628689
9.1940670
9.1252632
9.1051636
9.0850639
9.0139446
8.9428234
8.9283981
8.9139729
8.8391762
8.7643805
8.7541084
8.7438364
8.7177181
8.6915998
8.6858406
8.6800823
8.6668377
8.6535950
8.6531296
8.6526661
8.6477556
8.6428461
8.6469736
8.6511011
8.6546764
8.6582508
8.6631451
8.6680393
8.6811447
8.6942501
8.7005959
8.7069426
8.7271538
8.7473650
8.7527876
8.7582111
8.7792921
8.8003731
8.8007984
8.8012228
8.8193226
8.8374233
7.5484495
7.6055684
7.6682305
7.7308927
7.7935548
7.8613763
7.9329081
8.0044403
8.0759716
8.1543427
8.2276688
8.3009949
8.3743229
8.4510956
8.5194578
8.5878201
8.6561823
8.7244015
8.7794695
8.8345375
8.8896055
8.9466057
8.9891768
9.0317488
9.0743198
9.1181726
9.1419725
9.1657734
9.1895742
9.2158804
9.2348328
9.2537861
9.2727394
9.2900333
9.3078308
9.3256292
9.3434267
9.3608780
9.3847294
9.4085817
9.4324341
9.4455938
9.4761562
9.5067177
9.5372810
9.5713387
9.6246147
9.6778898
9.7311649
9.7594805
9.7950363
9.8305931
9.8661489
9.8929939
9.8978615
9.9027290
9.9075966
9.9217091
9.9083900
9.8950710
9.8817539
9.8892231
9.8738184
9.8584127
9.8430071
9.8290482
9.8129520
9.7968569
9.7807617
9.7614937
9.7312775
9.7010593
9.6708431
9.6414719
9.6114693
9.5814686
9.5514660
9.5268993
9.4776564
9.4284124
9.3791695
9.3460522
9.2988482
9.2516451
9.2044420
9.1878262
9.1190233
9.0502214
8.9814186
8.9613190
8.8901978
8.8190775
8.7479572
8.7335310
8.6587353
8.5839405
8.5091438
8.4988728
8.4727535
8.4466362
8.4205179
8.4147587
8.4015150
8.3882713
8.3750277
8.3745632
8.3696537
8.3647442
8.3598347
8.3639622
8.3675365
8.3711119
8.3746862
8.3795805
8.3926868
8.4057903
8.4188957
8.4252415
8.4454536
8.4656658
8.4858761
8.4912987
8.5123806
8.5334616
8.5545425
8.5549679
8.5730677
8.5911674
8.6092682
7.5899715
7.6526337
7.7152958
7.7779579
7.8406200
7.9121523
7.9836841
8.0552158
8.1267481
8.2000751
8.2734013
8.3467283
8.4200554
8.4884176
8.5567799
8.6251421
8.6935043
8.7485723
8.8036404
8.8587084
8.9137764
8.9563475
8.9989185
9.0414906
9.0840616
9.1078625
9.1316624
9.1554632
9.1792641
9.1982174
9.2171707
9.2361240
9.2550774
9.2728748
9.2906723
9.3084707
9.3262682
9.3501205
9.3739719
9.3978243
9.4216766
9.4522390
9.4828014
9.5133629
9.5439253
9.5972004
9.6504765
9.7037516
9.7570267
9.7925825
9.8281384
9.8636951
9.8992510
9.9041185
9.9089861
9.9138536
9.9187212
9.9054031
9.8920841
9.8787651
9.8654470
9.8500414
9.8346357
9.8192301
9.8038244
9.7877293
9.7716331
9.7555380
9.7394428
9.7092266
9.6790094
9.6487923
9.6185760
9.5885744
9.5585728
9.5285711
9.4985695
9.4493265
9.4000835
9.3508396
9.3015966
9.2543936
9.2071896
9.1599865
9.1127834
9.0439806
8.9751778
8.9063759
8.8375731
8.7664528
8.6953316
8.6242113
8.5530910
8.4782953
8.4034996
8.3287039
8.2539082
8.2277899
8.2016716
8.1755543
8.1494360
8.1361923
8.1229486
8.1097050
8.0964613
8.0915518
8.0866413
8.0817318
8.0768223
8.0803967
8.0839720
8.0875473
8.0911217
8.1042271
8.1173325
8.1304369
8.1435423
8.1637535
8.1839657
8.2041769
8.2243881
8.2454691
8.2665501
8.2876310
8.3087120
8.3268127
8.3449125
8.3630123
8.3811131
7.6285591
7.6912212
7.7538834
7.8165455
7.8826356
7.9541678
8.0256996
8.0972309
8.1654568
8.2387829
8.3121090
8.3854370
8.4518032
8.5201664
8.5885277
8.6568909
8.7105408
8.7656097
8.8206768
8.8757458
8.9168911
8.9594622
9.0020332
9.0446053
9.0679398
9.0917406
9.1155405
9.1393414
9.1607246
9.1796780
9.1986313
9.2175846
9.2392817
9.2570791
9.2748766
9.2926750
9.3285179
9.3523703
9.3762217
9.4000740
9.4554176
9.4859800
9.5165424
9.5471039
9.6138687
9.6671429
9.7204189
9.7736950
9.8079300
9.8434849
9.8790417
9.9145985
9.9189653
9.9238329
9.9287004
9.9335680
9.9206161
9.9072981
9.8939791
9.8806601
9.8555479
9.8401423
9.8247366
9.8093309
9.7865992
9.7705040
9.7544079
9.7383127
9.7163467
9.6861305
9.6559134
9.6256962
9.6009550
9.5709534
9.5409517
9.5109501
9.4869013
9.4376583
9.3884153
9.3391714
9.3025961
9.2553930
9.2081890
9.1609859
9.1113949
9.0425920
8.9737892
8.9049873
8.8373556
8.7662354
8.6951141
8.6239939
8.5544300
8.4796352
8.4048386
8.3300438
8.2388535
8.2127352
8.1866169
8.1604996
8.0741110
8.0608673
8.0476236
8.0343800
7.9294534
7.9245439
7.9196334
7.9147239
7.8107796
7.8143539
7.8179293
7.8215046
7.8130970
7.8262024
7.8393078
7.8524122
7.8574638
7.8776751
7.8978872
7.9180984
7.9357386
7.9568195
7.9779005
7.9989815
8.0282135
8.0463142
8.0644140
8.0825138
8.1202698
7.6671462
7.7298083
7.7924705
7.8585606
7.9246511
7.9961834
8.0677147
8.1359396
8.2041645
8.2774916
8.3508177
8.4171848
8.4835520
8.5519142
8.6202765
8.6739273
8.7275782
8.7826462
8.8377142
8.8788605
8.9200058
8.9625769
9.0051479
9.0284834
9.0518179
9.0756187
9.0994186
9.1208029
9.1421862
9.1611395
9.1800928
9.2017899
9.2234859
9.2412834
9.2590809
9.2949247
9.3307676
9.3546200
9.3784714
9.4338150
9.4891586
9.5197201
9.5502834
9.6170473
9.6838112
9.7370863
9.7903624
9.8245974
9.8588324
9.8943882
9.9299440
9.9343109
9.9386787
9.9435463
9.9484138
9.9354630
9.9225111
9.9091930
9.8958740
9.8707619
9.8456488
9.8302431
9.8148375
9.7921047
9.7693729
9.7532787
9.7371826
9.7152166
9.6932507
9.6630344
9.6328173
9.6080761
9.5833340
9.5533323
9.5233307
9.4992809
9.4752331
9.4259892
9.3767471
9.3401718
9.3035965
9.2563934
9.2091885
9.1595974
9.1100063
9.0412035
8.9724007
8.9047699
8.8371372
8.7660179
8.6948967
8.6253328
8.5557699
8.4809742
8.4061785
8.3149891
8.2237988
8.1976805
8.1715622
8.0851746
7.9987860
7.9855423
7.9722986
7.8673725
7.7624454
7.7575359
7.7526255
7.6486816
7.5447373
7.5483117
7.5518870
7.5434794
7.5350718
7.5481772
7.5612826
7.5663338
7.5713854
7.5915966
7.6118088
7.6294489
7.6470895
7.6681705
7.6892514
7.7184830
7.7477150
7.7658157
7.7839155
7.8216710
7.8594260
7.7057333
7.7683954
7.8344860
7.9005761
7.9666667
8.0381985
8.1064243
8.1746483
8.2428722
8.3162003
8.3825665
8.4489326
8.5153008
8.5836620
8.6373138
8.6909637
8.7446156
8.7996826
8.8408289
8.8819752
8.9231205
8.9656916
8.9890261
9.0123615
9.0356960
9.0594969
9.0808811
9.1022644
9.1236477
9.1426010
9.1642981
9.1859941
9.2076912
9.2254887
9.2613316
9.2971745
9.3330173
9.3568697
9.4122124
9.4675560
9.5228987
9.5534611
9.6202259
9.6869907
9.7537537
9.8070297
9.8412647
9.8754997
9.9097347
9.9452915
9.9496584
9.9540253
9.9583931
9.9632607
9.9503088
9.9373579
9.9244061
9.9110880
9.8859749
9.8608627
9.8357496
9.8203440
9.7976112
9.7748795
9.7521477
9.7360525
9.7140865
9.6921206
9.6701546
9.6399384
9.6151962
9.5904551
9.5657129
9.5357113
9.5116625
9.4876127
9.4635639
9.4143209
9.3777466
9.3411713
9.3045959
9.2573929
9.2078009
9.1582088
9.1086178
9.0398149
8.9721832
8.9045515
8.8369198
8.7657995
8.6962357
8.6266727
8.5571098
8.4823132
8.3911238
8.2999344
8.2087440
8.1826258
8.0962381
8.0098495
7.9234614
7.9102178
7.8052912
7.7003646
7.5954380
7.5905285
7.4865837
7.3826389
7.2786951
7.2822695
7.2738619
7.2654543
7.2570467
7.2701521
7.2752037
7.2802553
7.2853069
7.3055182
7.3231592
7.3407993
7.3584404
7.3795214
7.4087529
7.4379845
7.4672165
7.4853172
7.5230722
7.5608273
7.5985823
7.7443209
7.8104115
7.8765016
7.9425917
8.0086823
8.0769072
8.1451321
8.2133560
8.2815809
8.3479481
8.4143143
8.4806814
8.5470486
8.6006994
8.6543503
8.7080011
8.7616520
8.8027973
8.8439436
8.8850899
8.9262352
8.9495697
8.9729042
8.9962397
9.0195742
9.0409575
9.0623417
9.0837250
9.1051083
9.1268053
9.1485023
9.1701984
9.1918955
9.2277384
9.2635813
9.2994242
9.3352671
9.3906097
9.4459534
9.5012970
9.5566397
9.6234035
9.6901684
9.7569332
9.8236971
9.8579321
9.8921680
9.9264030
9.9606380
9.9650059
9.9693727
9.9737396
9.9781075
9.9651556
9.9522038
9.9392529
9.9263010
9.9011879
9.8760757
9.8509636
9.8258505
9.8031187
9.7803860
9.7576542
9.7349224
9.7129564
9.6909904
9.6690245
9.6470585
9.6223164
9.5975752
9.5728340
9.5480919
9.5240431
9.4999943
9.4759445
9.4518957
9.4153204
9.3787460
9.3421707
9.3055954
9.2560043
9.2064123
9.1568203
9.1072292
9.0395975
8.9719658
8.9043341
8.8367023
8.7671394
8.6975756
8.6280117
8.5584488
8.4672585
8.3760691
8.2848797
8.1936893
8.1073008
8.0209131
7.9345245
7.8481364
7.7432098
7.6382833
7.5333567
7.4284301
7.3244858
7.2205410
7.1165967
7.0126524
7.0042448
6.9958372
6.9874296
6.9790220
6.9840736
6.9891253
6.9941769
6.9992285
7.0168691
7.0345097
7.0521502
7.0697908
7.0990229
7.1282544
7.1574860
7.1867180
7.2244730
7.2622285
7.2999840
7.3377390
7.7777042
7.8437948
7.9098849
7.9759750
8.0392666
8.1074924
8.1757164
8.2439404
8.3069305
8.3732967
8.4396629
8.5060310
8.5580740
8.6117249
8.6653757
8.7190266
8.7587404
8.7998857
8.8410320
8.8821783
8.9061995
8.9295340
8.9528685
8.9762039
8.9999676
9.0213509
9.0427351
9.0641184
9.0856209
9.1073179
9.1290150
9.1507111
9.2034893
9.2393322
9.2751751
9.3110180
9.3829536
9.4382963
9.4936399
9.5489836
9.6009941
9.6677580
9.7345228
9.8012877
9.8401642
9.8743992
9.9086351
9.9428701
9.9625521
9.9669199
9.9712868
9.9756536
9.9772873
9.9643354
9.9513836
9.9384327
9.9215117
9.8963985
9.8712864
9.8461742
9.8180094
9.7952776
9.7725449
9.7498131
9.7207861
9.6988201
9.6768541
9.6548882
9.6296682
9.6049261
9.5801849
9.5554438
9.5300407
9.5059910
9.4819431
9.4578934
9.4320908
9.3955154
9.3589401
9.3223648
9.2991314
9.2495403
9.1999483
9.1503563
9.1094046
9.0417728
8.9741411
8.9065094
8.8568306
8.7872677
8.7177029
8.6481400
8.5706768
8.4794865
8.3882971
8.2971077
8.2205544
8.1341658
8.0477781
7.9613895
7.8561358
7.7512093
7.6462827
7.5413561
7.4316902
7.3277459
7.2238011
7.1198568
7.0194788
7.0110712
7.0026636
6.9942560
6.8769207
6.8819723
6.8870239
6.8920755
6.7768273
6.7944679
6.8121085
6.8297491
6.8114357
6.8406677
6.8698997
6.8991308
6.9167624
6.9545174
6.9922733
7.0300283
7.0663605
7.8110876
7.8771782
7.9432678
8.0065603
8.0698519
8.1380768
8.2063017
8.2692900
8.3322792
8.3986464
8.4650126
8.5170574
8.5690994
8.6227512
8.6764011
8.7161140
8.7558289
8.7969742
8.8381195
8.8621416
8.8861637
8.9094982
8.9328327
8.9565964
8.9803600
9.0017433
9.0231285
9.0446301
9.0661335
9.0878315
9.1095276
9.1623058
9.2150841
9.2509270
9.2867699
9.3587046
9.4306402
9.4859829
9.5413265
9.5933380
9.6453495
9.7121124
9.7788773
9.8177547
9.8566313
9.8908663
9.9251022
9.9447842
9.9644661
9.9688339
9.9731998
9.9748335
9.9764671
9.9635153
9.9505634
9.9336433
9.9167213
9.8916092
9.8664970
9.8383312
9.8101673
9.7874355
9.7647038
9.7356758
9.7066498
9.6846828
9.6627178
9.6374979
9.6122780
9.5875359
9.5627947
9.5373917
9.5119886
9.4879398
9.4638910
9.4380875
9.4122849
9.3757095
9.3391352
9.3159008
9.2926674
9.2430763
9.1934834
9.1525316
9.1115799
9.0439482
8.9763165
8.9266367
8.8769579
8.8073950
8.7378311
8.6603680
8.5829048
8.4917145
8.4005260
8.3239727
8.2474194
8.1610298
8.0746422
7.9693890
7.8641353
7.7592087
7.6542821
7.5446157
7.4349499
7.3310061
7.2270613
7.1266828
7.0263047
7.0178971
7.0094895
6.8921547
6.7748199
6.7798715
6.7849231
6.6696749
6.5544262
6.5720673
6.5897074
6.5713944
6.5530810
6.5823131
6.6115446
6.6291757
6.6468072
6.6845622
6.7223177
6.7586493
6.7949815
7.8444705
7.9105611
7.9738526
8.0371456
8.1004372
8.1686611
8.2316513
8.2946396
8.3576279
8.4239960
8.4760389
8.5280828
8.5801258
8.6337767
8.6734896
8.7132025
8.7529163
8.7940617
8.8180838
8.8421059
8.8661280
8.8894625
8.9132261
8.9369898
8.9607534
8.9821367
9.0036411
9.0251436
9.0466471
9.0683441
9.1211214
9.1738997
9.2266779
9.2625208
9.3344564
9.4063911
9.4783268
9.5336695
9.5856810
9.6376925
9.6897039
9.7564678
9.7953444
9.8342218
9.8730984
9.9073334
9.9270153
9.9466972
9.9663792
9.9707470
9.9723797
9.9740133
9.9756470
9.9626951
9.9457741
9.9288530
9.9119320
9.8868189
9.8586550
9.8304901
9.8023262
9.7795944
9.7505674
9.7215395
9.6925125
9.6705465
9.6453276
9.6201077
9.5948877
9.5701456
9.5447426
9.5193405
9.4939365
9.4698887
9.4440861
9.4182816
9.3924789
9.3559036
9.3326702
9.3094368
9.2862024
9.2366114
9.1956587
9.1547070
9.1137552
9.0461235
8.9964447
8.9467640
8.8970852
8.8275223
8.7500591
8.6725969
8.5951338
8.5039434
8.4273901
8.3508368
8.2742834
8.1878948
8.0826416
7.9773884
7.8721347
7.7672081
7.6575418
7.5478759
7.4382100
7.3342657
7.2338877
7.1335087
7.0331306
7.0247231
6.9073887
6.7900534
6.6727190
6.6777706
6.5625224
6.4472737
6.3320255
6.3496661
6.3313532
6.3130398
6.2947264
6.3239584
6.3415890
6.3592205
6.3768520
6.4146070
6.4509392
6.4872704
6.5236025
7.8778539
7.9411459
8.0044374
8.0677299
8.1310215
8.1940107
8.2570000
8.3199883
8.3829775
8.4350204
8.4870644
8.5391083
8.5911512
8.6308651
8.6705780
8.7102909
8.7500048
8.7740269
8.7980480
8.8220701
8.8460922
8.8698559
8.8936195
8.9173832
8.9411469
8.9626503
8.9841537
9.0056562
9.0271597
9.0799379
9.1327152
9.1854935
9.2382717
9.3102074
9.3821430
9.4540777
9.5260134
9.5780249
9.6300354
9.6820469
9.7340584
9.7729349
9.8118114
9.8506889
9.8895655
9.9092474
9.9289293
9.9486113
9.9682932
9.9699268
9.9715595
9.9731932
9.9748268
9.9579058
9.9409847
9.9240637
9.9071426
9.8789787
9.8508139
9.8226490
9.7944851
9.7654581
9.7364311
9.7074032
9.6783762
9.6531563
9.6279373
9.6027174
9.5774975
9.5520945
9.5266914
9.5012884
9.4758854
9.4500828
9.4242802
9.3984766
9.3726740
9.3494396
9.3262062
9.3029728
9.2797384
9.2387867
9.1978340
9.1568823
9.1159306
9.0662518
9.0165720
8.9668922
8.9172134
8.8397503
8.7622871
8.6848249
8.6073618
8.5308084
8.4542551
8.3777018
8.3011484
8.1958952
8.0906410
7.9853878
7.8801341
7.7704682
7.6608019
7.5511360
7.4414701
7.3410921
7.2407136
7.1403351
7.0399570
6.9226222
6.8052874
6.6879525
6.5706177
6.4553695
6.3401213
6.2248726
6.1096244
6.0913110
6.0729980
6.0546846
6.0363712
6.0540028
6.0716338
6.0892649
6.1068964
6.1432285
6.1795602
6.2158918
6.2522240
7.9006329
7.9639249
8.0272160
8.0905085
8.1492081
8.2121983
8.2751865
8.3381748
8.3885746
8.4406176
8.4926615
8.5447054
8.5828190
8.6225328
8.6622458
8.7019587
8.7277994
8.7518215
8.7758427
8.7998648
8.8261929
8.8499565
8.8737202
8.8974838
8.9244957
8.9459991
8.9675026
8.9890060
9.0428667
9.0956450
9.1484222
9.2012005
9.2579317
9.3298674
9.4018030
9.4737377
9.5291910
9.5812025
9.6332130
9.6852245
9.7266455
9.7655220
9.8043985
9.8432760
9.8757753
9.8954573
9.9151392
9.9348211
9.9557419
9.9573755
9.9590082
9.9606419
9.9649448
9.9480228
9.9311028
9.9141808
9.8996086
9.8714447
9.8432789
9.8151150
9.7863674
9.7573404
9.7283134
9.6992855
9.6663485
9.6411285
9.6159096
9.5906897
9.5603285
9.5349255
9.5095224
9.4841194
9.4559774
9.4301748
9.4043722
9.3785686
9.3445110
9.3212767
9.2980433
9.2748098
9.2538147
9.2128630
9.1719103
9.1309586
9.1056938
9.0560150
9.0063343
8.9566555
8.9131613
8.8356981
8.7582350
8.6807728
8.6284342
8.5518808
8.4753275
8.3987741
8.3136177
8.2083645
8.1031103
7.9978571
7.9004388
7.7907729
7.6811066
7.5714407
7.4767585
7.3763804
7.2760019
7.1756234
7.0549164
6.9375815
6.8202467
6.7029119
6.5834198
6.4681716
6.3529234
6.2376747
6.1219168
6.1036034
6.0852904
6.0669770
5.9459324
5.9635639
5.9811950
5.9988260
5.8949008
5.9312329
5.9675646
6.0038962
6.0172119
7.9234114
7.9867039
8.0499954
8.1086950
8.1673956
8.2303848
8.2933741
8.3437729
8.3941708
8.4462147
8.4982586
8.5363722
8.5744867
8.6142006
8.6539135
8.6797543
8.7055931
8.7296162
8.7536373
8.7799664
8.8062935
8.8300571
8.8538208
8.8808336
8.9078455
8.9293489
8.9508524
9.0047131
9.0585737
9.1113520
9.1641293
9.2208605
9.2775917
9.3495274
9.4214630
9.4769154
9.5323687
9.5843801
9.6363907
9.6778126
9.7192326
9.7581100
9.7969856
9.8294868
9.8619862
9.8816681
9.9013500
9.9222698
9.9431915
9.9448242
9.9464569
9.9507599
9.9550619
9.9381409
9.9212198
9.9066467
9.8920736
9.8639097
9.8357449
9.8069973
9.7782497
9.7492228
9.7201958
9.6872578
9.6543207
9.6291008
9.6038818
9.5735207
9.5431595
9.5177565
9.4923534
9.4642105
9.4360695
9.4102669
9.3844643
9.3504066
9.3163490
9.2931137
9.2698803
9.2488861
9.2278910
9.1869392
9.1459866
9.1207218
9.0954561
9.0457773
8.9960976
8.9526043
8.9091091
8.8316460
8.7541828
8.7018452
8.6495075
8.5729542
8.4964008
8.4112434
8.3260860
8.2208328
8.1155796
8.0181618
7.9207439
7.8110781
7.7014112
7.6067295
7.5120468
7.4116688
7.3112907
7.1905832
7.0698757
6.9525409
6.8352060
6.7157140
6.5962219
6.4809737
6.3657255
6.2499676
6.1342096
6.1158962
6.0975828
5.9765382
5.8554935
5.8731251
5.8907561
5.7868309
5.6829052
5.7192373
5.7555685
5.7688842
5.7821994
7.9461904
8.0094824
8.0681820
8.1268826
8.1855831
8.2485714
8.2989702
8.3493690
8.3997679
8.4518108
8.4899263
8.5280399
8.5661545
8.6058683
8.6317081
8.6575480
8.6833878
8.7074099
8.7337379
8.7600670
8.7863951
8.8101587
8.8371716
8.8641834
8.8911953
8.9126987
8.9665585
9.0204201
9.0742807
9.1270590
9.1837893
9.2405205
9.2972517
9.3691874
9.4246407
9.4800930
9.5355463
9.5875578
9.6289787
9.6703997
9.7118206
9.7506971
9.7831974
9.8156967
9.8481960
9.8678780
9.8887987
9.9097195
9.9306402
9.9322739
9.9365749
9.9408779
9.9451790
9.9282589
9.9136848
9.8991127
9.8845387
9.8563747
9.8276272
9.7988796
9.7701321
9.7411051
9.7081680
9.6752300
9.6422930
9.6170731
9.5867128
9.5563517
9.5259905
9.5005875
9.4724455
9.4443026
9.4161606
9.3903580
9.3563013
9.3222437
9.2881861
9.2649517
9.2439566
9.2229624
9.2019672
9.1610155
9.1357498
9.1104851
9.0852184
9.0355396
8.9920454
8.9485521
8.9050579
8.8275948
8.7752571
8.7229185
8.6705799
8.5940266
8.5088692
8.4237127
8.3385553
8.2333021
8.1358843
8.0384665
7.9410486
7.8313828
7.7367005
7.6420178
7.5473356
7.4469576
7.3262501
7.2055426
7.0848351
6.9675002
6.8480082
6.7285161
6.6090240
6.4937758
6.3780179
6.2622600
6.1465020
6.1281886
6.0071440
5.8860993
5.7650547
5.7826862
5.6787601
5.5748348
5.4709091
5.5072412
5.5205564
5.5338717
5.5471869
7.9689693
8.0276699
8.0863695
8.1450691
8.2037697
8.2541685
8.3045673
8.3549662
8.4053650
8.4434795
8.4815941
8.5197077
8.5578222
8.5836620
8.6095028
8.6353426
8.6611824
8.6875105
8.7138386
8.7401676
8.7664957
8.7935076
8.8205204
8.8475323
8.8745441
8.9284048
8.9822655
9.0361271
9.0899878
9.1467190
9.2034492
9.2601805
9.3169117
9.3723650
9.4278183
9.4832706
9.5387239
9.5801449
9.6215658
9.6629868
9.7044077
9.7369070
9.7694073
9.8019066
9.8344059
9.8553267
9.8762474
9.8971682
9.9180889
9.9223909
9.9266930
9.9309950
9.9352970
9.9207239
9.9061508
9.8915777
9.8770046
9.8482571
9.8195095
9.7907619
9.7620144
9.7290773
9.6961403
9.6632023
9.6302652
9.5999041
9.5695438
9.5391827
9.5088215
9.4806795
9.4525375
9.4243946
9.3962526
9.3621950
9.3281384
9.2940807
9.2600231
9.2390280
9.2180328
9.1970387
9.1760435
9.1507778
9.1255131
9.1002474
9.0749817
9.0314875
8.9879932
8.9445000
8.9010057
8.8486671
8.7963295
8.7439909
8.6916523
8.6064949
8.5213385
8.4361820
8.3510246
8.2536068
8.1561890
8.0587711
7.9613533
7.8666711
7.7719889
7.6773062
7.5826240
7.4619164
7.3412094
7.2205019
7.0997944
6.9803023
6.8608103
6.7413182
6.6218262
6.5060682
6.3903103
6.2745523
6.1587944
6.0377498
5.9167051
5.7956605
5.6746159
5.5706902
5.4667645
5.3628392
5.2589135
5.2722287
5.2855444
5.2988596
5.3121748
7.9794722
8.0381727
8.0968723
8.1555719
8.2038422
8.2542400
8.3046398
8.3550377
8.3910046
8.4291191
8.4672337
8.5053473
8.5344162
8.5602560
8.5860968
8.6119366
8.6410980
8.6674261
8.6937542
8.7200832
8.7544022
8.7814140
8.8084269
8.8354387
8.8805285
8.9343891
8.9882498
9.0421114
9.0906553
9.1473866
9.2041168
9.2608480
9.3071136
9.3625660
9.4180202
9.4734726
9.5154867
9.5569077
9.5983286
9.6397495
9.6715040
9.7040033
9.7365036
9.7690029
9.7924547
9.8133755
9.8342962
9.8552170
9.8692579
9.8735600
9.8778620
9.8821640
9.8897429
9.8751698
9.8605967
9.8460236
9.8409443
9.8121967
9.7834492
9.7547016
9.7379971
9.7050600
9.6721230
9.6391850
9.6141129
9.5837517
9.5533915
9.5230303
9.4915276
9.4633856
9.4352436
9.4071007
9.3746634
9.3406057
9.3065491
9.2724915
9.2345104
9.2135153
9.1925201
9.1715260
9.1497726
9.1245070
9.0992422
9.0739765
9.0432148
8.9997206
8.9562263
8.9127331
8.8850327
8.8326941
8.7803564
8.7280178
8.6806898
8.5955324
8.5103760
8.4252195
8.3606796
8.2632618
8.1658440
8.0684261
7.9901800
7.8954978
7.8008156
7.7061329
7.5999179
7.4792104
7.3585033
7.2377958
7.1318741
7.0123820
6.8928900
6.7733979
6.6598506
6.5440927
6.4283347
6.3125768
6.1779079
6.0568633
5.9358187
5.8147740
5.6839952
5.5800695
5.4761438
5.3722186
5.2508063
5.2641215
5.2774372
5.2907524
5.1785545
7.9899745
8.0486755
8.1073742
8.1556444
8.2039137
8.2543125
8.3047113
8.3406773
8.3766441
8.4147587
8.4528732
8.4819412
8.5110111
8.5368500
8.5626907
8.5918522
8.6210136
8.6473417
8.6736698
8.7079897
8.7423086
8.7693205
8.7963333
8.8414230
8.8865128
8.9403734
8.9942341
9.0427790
9.0913229
9.1480541
9.2047844
9.2510500
9.2973146
9.3527679
9.4082212
9.4502354
9.4922495
9.5336704
9.5750914
9.6068459
9.6386003
9.6710997
9.7035999
9.7270527
9.7505035
9.7714252
9.7923450
9.8063860
9.8204269
9.8247290
9.8290310
9.8366108
9.8441887
9.8296165
9.8150425
9.8099632
9.8048840
9.7761364
9.7473888
9.7306843
9.7139797
9.6810417
9.6481056
9.6230316
9.5979595
9.5675983
9.5372391
9.5057354
9.4742336
9.4460907
9.4179497
9.3855114
9.3530741
9.3190165
9.2849598
9.2469788
9.2089977
9.1880035
9.1670074
9.1452560
9.1235027
9.0982361
9.0729713
9.0422096
9.0114479
8.9679537
8.9244595
8.8967600
8.8690596
8.8167210
8.7643833
8.7170544
8.6697273
8.5845699
8.4994125
8.4348736
8.3703346
8.2729168
8.1754990
8.0972528
8.0190067
7.9243245
7.8296423
7.7234268
7.6172113
7.4965038
7.3757973
7.2698755
7.1639538
7.0444617
6.9249697
6.8114223
6.6978750
6.5821171
6.4663591
6.3316908
6.1970215
6.0759773
5.9549322
5.8241539
5.6933746
5.5894489
5.4855232
5.3641119
5.2426996
5.2560148
5.2693300
5.1571321
5.0449343
8.0004768
8.0591774
8.1074467
8.1557159
8.2039852
8.2543850
8.2903500
8.3263168
8.3622828
8.4003973
8.4294672
8.4585361
8.4876051
8.5134449
8.5426064
8.5717678
8.6009293
8.6272573
8.6615763
8.6958961
8.7302151
8.7572269
8.8023176
8.8474073
8.8924971
8.9463577
8.9949017
9.0434465
9.0919905
9.1487217
9.1949863
9.2412510
9.2875156
9.3429699
9.3849831
9.4269981
9.4690123
9.5104332
9.5421877
9.5739422
9.6056967
9.6381960
9.6616488
9.6851015
9.7085533
9.7294741
9.7435141
9.7575550
9.7715960
9.7758980
9.7834768
9.7910566
9.7986355
9.7840624
9.7789822
9.7739029
9.7688227
9.7400751
9.7233706
9.7066660
9.6899614
9.6570244
9.6319513
9.6068792
9.5818071
9.5514460
9.5199432
9.4884415
9.4569387
9.4287968
9.3963594
9.3639221
9.3314848
9.2974272
9.2594471
9.2214661
9.1834860
9.1624908
9.1407385
9.1189852
9.0972319
9.0719662
9.0412045
9.0104427
8.9796810
8.9361868
8.9084864
8.8807869
8.8530865
8.8007479
8.7534199
8.7060919
8.6587639
8.5736065
8.5090675
8.4445286
8.3799887
8.2825708
8.2043257
8.1260796
8.0478334
7.9531512
7.8469357
7.7407207
7.6345053
7.5137978
7.4078765
7.3019552
7.1960335
7.0765414
6.9629941
6.8494468
6.7358994
6.6201415
6.4854727
6.3508043
6.2161355
6.0950909
5.9643121
5.8335333
5.7027545
5.5988288
5.4774170
5.3560047
5.2345924
5.2479076
5.1357098
5.0235119
4.9113140
8.0109797
8.0592489
8.1075191
8.1557884
8.2040577
8.2400236
8.2759895
8.3119564
8.3479223
8.3769913
8.4060612
8.4351301
8.4641991
8.4933605
8.5225220
8.5516834
8.5808449
8.6151638
8.6494827
8.6838026
8.7181215
8.7632113
8.8083019
8.8533916
8.8984814
8.9470253
8.9955692
9.0441141
9.0926580
9.1389227
9.1851883
9.2314529
9.2777176
9.3197317
9.3617458
9.4037609
9.4457750
9.4775295
9.5092840
9.5410385
9.5727930
9.5962448
9.6196976
9.6431503
9.6666021
9.6806431
9.6946831
9.7087240
9.7227650
9.7303438
9.7379227
9.7455025
9.7530813
9.7480011
9.7429218
9.7378426
9.7327623
9.7160578
9.6993532
9.6826487
9.6659441
9.6408720
9.6157990
9.5907269
9.5656548
9.5341520
9.5026493
9.4711475
9.4396448
9.4072075
9.3747702
9.3423328
9.3098955
9.2719154
9.2339344
9.1959534
9.1579733
9.1362200
9.1144676
9.0927143
9.0709610
9.0401993
9.0094376
8.9786758
8.9479141
8.9202137
8.8925133
8.8648138
8.8371134
8.7897854
8.7424574
8.6951294
8.6478014
8.5832615
8.5187225
8.4541836
8.3896437
8.3113976
8.2331524
8.1549063
8.0766602
7.9704447
7.8642297
7.7580147
7.6517992
7.5458775
7.4399562
7.3340349
7.2281132
7.1145658
7.0010185
6.8874712
6.7739239
6.6392550
6.5045862
6.3699179
6.2352490
6.1044703
5.9736915
5.8429127
5.7121339
5.5907216
5.4693098
5.3478975
5.2264853
5.1142874
5.0020895
4.8898916
4.7776937
8.0052242
8.0534935
8.1017647
8.1500340
8.1851311
8.2210979
8.2570629
8.2930298
8.3241920
8.3532610
8.3823309
8.4113998
8.4428730
8.4720345
8.5011959
8.5303574
8.5672121
8.6015310
8.6358500
8.6701698
8.7090502
8.7541399
8.7992306
8.8443203
8.8890123
8.9375563
8.9861002
9.0346451
9.0739851
9.1202497
9.1665154
9.2127800
9.2511215
9.2931356
9.3351498
9.3771648
9.4021168
9.4338713
9.4656258
9.4973803
9.5151882
9.5386400
9.5620928
9.5855455
9.5945168
9.6085577
9.6225977
9.6366386
9.6398582
9.6474380
9.6550159
9.6625957
9.6652317
9.6601524
9.6550732
9.6499939
9.6481380
9.6314335
9.6147289
9.5980244
9.5975733
9.5725012
9.5474281
9.5223560
9.5131588
9.4816561
9.4501534
9.4186516
9.4105282
9.3780909
9.3456535
9.3132162
9.2865515
9.2485714
9.2105904
9.1726093
9.1380272
9.1162739
9.0945215
9.0727682
9.0357666
9.0050049
8.9742432
8.9434814
8.9162464
8.8885460
8.8608456
8.8331461
8.7993889
8.7520599
8.7047329
8.6574039
8.6286983
8.5641584
8.4996195
8.4350805
8.3851376
8.3068905
8.2286453
8.1504002
8.0757875
7.9695721
7.8633575
7.7571421
7.6854448
7.5795231
7.4736018
7.3676805
7.2567277
7.1431804
7.0296330
6.9160857
6.7909489
6.6562800
6.5216112
6.3869429
6.2608638
6.1300850
5.9993062
5.8685274
5.7381883
5.6167760
5.4953642
5.3739519
5.2412081
5.1290102
5.0168123
4.9046144
4.7805586
7.9994698
8.0477390
8.0960093
8.1311073
8.1662054
8.2021713
8.2381372
8.2693005
8.3004627
8.3295307
8.3586006
8.3900738
8.4215469
8.4507084
8.4798698
8.5167236
8.5535793
8.5878983
8.6222172
8.6610985
8.6999798
8.7450695
8.7901592
8.8348513
8.8795433
8.9280872
8.9766312
9.0159721
9.0553131
9.1015778
9.1478424
9.1861839
9.2245255
9.2665405
9.3085537
9.3335066
9.3584585
9.3902130
9.4219675
9.4397755
9.4575834
9.4810352
9.5044880
9.5134602
9.5224314
9.5364723
9.5505123
9.5537329
9.5569525
9.5645313
9.5721102
9.5747471
9.5773830
9.5723028
9.5672235
9.5653687
9.5635138
9.5468092
9.5301046
9.5296535
9.5292034
9.5041313
9.4790573
9.4698601
9.4606628
9.4291601
9.3976574
9.3895340
9.3814106
9.3489742
9.3165359
9.2898731
9.2632084
9.2252274
9.1872463
9.1526642
9.1180811
9.0963278
9.0745754
9.0375729
9.0005713
8.9698095
8.9390478
8.9118137
8.8845787
8.8568783
8.8291779
8.7954206
8.7616634
8.7143354
8.6670074
8.6383018
8.6095943
8.5450554
8.4805164
8.4305735
8.3806305
8.3023844
8.2241392
8.1495266
8.0749149
7.9686999
7.8624849
7.7907877
7.7190905
7.6131687
7.5072479
7.3962951
7.2853422
7.1717949
7.0582476
6.9331112
6.8079739
6.6733055
6.5386362
6.4125576
6.2864780
6.1556997
6.0249205
5.8945818
5.7642431
5.6428308
5.5214186
5.3886743
5.2559304
5.1437325
5.0315347
4.9074793
4.7834234
7.9937148
8.0419846
8.0770836
8.1121807
8.1472797
8.1832447
8.2144079
8.2455702
8.2767324
8.3058014
8.3372746
8.3687477
8.4002209
8.4293823
8.4662371
8.5030909
8.5399456
8.5742645
8.6131458
8.6520271
8.6909084
8.7359982
8.7806902
8.8253822
8.8700743
8.9186182
8.9579592
8.9972992
9.0366402
9.0829048
9.1212463
9.1595888
9.1979303
9.2399445
9.2648964
9.2898483
9.3148003
9.3465548
9.3643627
9.3821707
9.3999786
9.4234304
9.4324026
9.4413748
9.4503460
9.4643869
9.4676075
9.4708271
9.4740467
9.4816246
9.4842606
9.4868984
9.4895344
9.4844532
9.4825993
9.4807444
9.4788895
9.4621849
9.4617348
9.4612837
9.4608326
9.4357605
9.4265623
9.4173641
9.4081669
9.3766642
9.3685408
9.3604174
9.3522940
9.3198566
9.2931929
9.2665291
9.2398643
9.2018843
9.1673002
9.1327181
9.0981350
9.0763817
9.0393791
9.0023785
8.9653759
8.9346142
8.9073811
8.8801460
8.8529119
8.8252115
8.7914543
8.7576962
8.7239380
8.6766109
8.6479044
8.6191978
8.5904913
8.5259514
8.4760094
8.4260674
8.3761234
8.2978783
8.2232666
8.1486549
8.0740433
7.9678278
7.8961306
7.8244338
7.7527366
7.6468148
7.5358624
7.4249096
7.3139567
7.2004094
7.0752726
6.9501362
6.8249993
6.6903305
6.5642509
6.4381719
6.3120928
6.1813140
6.0509753
5.9206362
5.7902975
5.6688852
5.5361414
5.4033966
5.2706528
5.1584549
5.0344000
4.9103441
4.7862887
7.9879599
8.0230579
8.0581570
8.0932550
8.1283531
8.1595154
8.1906776
8.2218399
8.2530022
8.2844753
8.3159485
8.3474216
8.3788948
8.4157495
8.4526043
8.4894581
8.5263128
8.5651941
8.6040745
8.6429558
8.6818371
8.7265291
8.7712212
8.8159132
8.8606052
8.8999462
8.9392862
8.9786263
9.0179672
9.0563087
9.0946503
9.1329927
9.1713343
9.1962862
9.2212381
9.2461901
9.2711420
9.2889500
9.3067579
9.3245659
9.3423738
9.3513451
9.3603172
9.3692894
9.3782606
9.3814802
9.3847008
9.3879204
9.3911400
9.3937759
9.3964119
9.3990488
9.4016848
9.3998299
9.3979750
9.3961201
9.3942652
9.3938141
9.3933640
9.3929129
9.3924618
9.3832645
9.3740664
9.3648682
9.3556709
9.3475475
9.3394241
9.3313007
9.3231773
9.2965126
9.2698488
9.2431850
9.2165203
9.1819372
9.1473541
9.1127720
9.0781889
9.0411873
9.0041847
8.9671831
8.9301815
8.9029474
8.8757133
8.8484783
8.8212442
8.7874870
8.7537289
8.7199707
8.6862135
8.6575069
8.6288013
8.6000948
8.5713882
8.5214453
8.4715023
8.4215603
8.3716173
8.2970057
8.2223940
8.1477823
8.0731707
8.0014734
7.9297762
7.8580794
7.7863822
7.6754293
7.5644770
7.4535241
7.3425713
7.2174344
7.0922976
6.9671612
6.8420243
6.7159452
6.5898657
6.4637866
6.3377075
6.2073689
6.0770297
5.9466906
5.8163519
5.6836081
5.5508637
5.4181194
5.2853756
5.1613202
5.0372648
4.9132090
4.7891536
7.9655910
8.0006886
8.0357876
8.0708866
8.1033945
8.1345568
8.1657190
8.1968813
8.2266140
8.2580872
8.2895603
8.3210335
8.3625040
8.3993587
8.4362135
8.4730673
8.5098648
8.5487461
8.5876265
8.6265078
8.6706944
8.7153854
8.7600784
8.8047695
8.8398056
8.8791466
8.9184866
8.9578266
8.9899149
9.0282564
9.0665979
9.1049404
9.1223202
9.1472721
9.1722240
9.1971760
9.2063961
9.2242041
9.2420120
9.2598200
9.2596321
9.2686033
9.2775755
9.2865477
9.2790499
9.2822695
9.2854900
9.2887096
9.2766638
9.2792997
9.2819357
9.2845726
9.2761936
9.2743387
9.2724838
9.2706289
9.2847757
9.2843246
9.2838745
9.2834234
9.3010502
9.2918530
9.2826538
9.2734566
9.2815990
9.2734756
9.2653522
9.2572289
9.2560196
9.2293549
9.2026911
9.1760273
9.1745110
9.1399269
9.1053448
9.0707626
9.0464077
9.0094070
8.9724045
8.9354019
8.8989639
8.8717299
8.8444958
8.8172607
8.7781944
8.7444363
8.7106781
8.6769199
8.6478577
8.6191511
8.5904455
8.5617390
8.5286064
8.4786644
8.4287205
8.3787785
8.3478031
8.2731915
8.1985798
8.1239681
8.0768070
8.0051098
7.9334126
7.8617153
7.7800598
7.6691070
7.5581546
7.4472017
7.3530512
7.2279139
7.1027775
6.9776411
6.8752689
6.7491894
6.6231098
6.4970312
6.3717661
6.2414274
6.1110878
5.9807491
5.8366575
5.7039137
5.5711689
5.4384251
5.2973614
5.1733060
5.0492506
4.9251947
4.7952638
7.9432220
7.9783201
8.0134192
8.0459270
8.0784359
8.1095982
8.1407604
8.1704922
8.2002258
8.2316990
8.2631721
8.3046427
8.3461132
8.3829679
8.4198227
8.4566193
8.4934168
8.5322981
8.5711784
8.6153650
8.6595507
8.7042427
8.7489347
8.7839699
8.8190060
8.8583469
8.8976870
8.9297752
8.9618626
9.0002041
9.0385456
9.0559263
9.0733070
9.0982590
9.1232109
9.1324310
9.1416512
9.1594582
9.1772671
9.1770782
9.1768913
9.1858616
9.1948338
9.1873379
9.1798401
9.1830597
9.1862793
9.1742334
9.1621876
9.1648235
9.1674595
9.1590815
9.1507025
9.1488476
9.1469927
9.1611385
9.1752853
9.1748352
9.1743851
9.1920109
9.2096376
9.2004404
9.1912422
9.1993847
9.2075272
9.1994038
9.1912804
9.1900711
9.1888618
9.1621971
9.1355343
9.1340170
9.1325006
9.0979176
9.0633345
9.0389814
9.0146275
8.9776258
8.9406233
8.9041843
8.8677464
8.8405113
8.8132782
8.7742109
8.7351437
8.7013865
8.6676283
8.6385651
8.6095018
8.5807953
8.5520897
8.5189571
8.4858255
8.4358826
8.3859396
8.3549643
8.3239880
8.2493763
8.1747646
8.1276035
8.0804424
8.0087452
7.9370484
7.8553934
7.7737379
7.6627846
7.5518322
7.4576812
7.3635306
7.2383938
7.1132569
7.0108852
6.9085131
6.7824340
6.6563544
6.5310893
6.4058242
6.2754855
6.1451464
6.0010543
5.8569627
5.7242188
5.5914745
5.4504108
5.3093472
5.1852922
5.0612364
4.9313049
4.8013735
7.9208531
7.9559512
7.9884601
8.0209684
8.0534773
8.0846395
8.1143723
8.1441040
8.1738367
8.2053099
8.2467813
8.2882519
8.3297224
8.3665771
8.4033747
8.4401712
8.4769688
8.5158501
8.5600357
8.6042213
8.6484070
8.6931000
8.7281351
8.7631702
8.7982063
8.8375473
8.8696337
8.9017220
8.9338093
8.9721508
8.9895325
9.0069122
9.0242939
9.0492458
9.0584650
9.0676851
9.0769053
9.0947132
9.0945253
9.0943375
9.0941496
9.1031208
9.0956240
9.0881271
9.0806293
9.0838490
9.0718031
9.0597572
9.0477114
9.0503473
9.0419683
9.0335903
9.0252113
9.0233564
9.0375023
9.0516491
9.0657959
9.0653448
9.0829716
9.1005993
9.1182251
9.1090279
9.1171703
9.1253128
9.1334553
9.1253319
9.1241226
9.1229143
9.1217051
9.0950403
9.0935230
9.0920067
9.0904903
9.0559082
9.0315533
9.0072002
8.9828472
8.9458447
8.9094057
8.8729668
8.8365278
8.8092937
8.7702274
8.7311611
8.6920929
8.6583366
8.6292725
8.6002092
8.5711460
8.5424395
8.5093079
8.4761753
8.4430447
8.3931007
8.3621254
8.3311501
8.3001728
8.2255611
8.1784010
8.1312399
8.0840788
8.0123816
7.9307265
7.8490710
7.7674155
7.6564627
7.5623121
7.4681606
7.3740101
7.2488737
7.1465015
7.0441294
6.9417572
6.8156786
6.6904125
6.5651474
6.4398823
6.3095436
6.1654520
6.0213594
5.8772678
5.7445240
5.6034603
5.4623971
5.3213334
5.1972780
5.0673466
4.9374151
4.8074837
7.8984842
7.9309931
7.9635015
7.9960098
8.0285187
8.0582514
8.0879841
8.1177158
8.1474485
8.1889191
8.2303905
8.2718611
8.3133316
8.3501291
8.3869267
8.4237232
8.4605207
8.5047064
8.5488930
8.5930786
8.6372643
8.6723003
8.7073355
8.7423706
8.7774067
8.8094940
8.8415813
8.8736696
8.9057570
8.9231377
8.9405184
8.9578991
8.9752798
8.9844999
8.9937191
9.0029392
9.0121593
9.0119715
9.0117836
9.0115957
9.0114079
9.0039101
8.9964132
8.9889164
8.9814186
8.9693727
8.9573269
8.9452810
8.9332352
8.9248562
8.9164772
8.9080992
8.8997202
8.9138670
8.9280128
8.9421597
8.9563065
8.9739332
8.9915600
9.0091867
9.0268135
9.0349560
9.0430984
9.0512409
9.0593834
9.0581741
9.0569649
9.0557566
9.0545473
9.0530310
9.0515137
9.0499973
9.0484810
9.0241270
8.9997730
8.9754200
8.9510660
8.9146271
8.8781881
8.8417492
8.8053102
8.7662430
8.7271767
8.6881104
8.6490431
8.6199799
8.5909166
8.5618534
8.5327902
8.4996586
8.4665260
8.4333944
8.4002628
8.3692865
8.3383102
8.3073349
8.2763586
8.2291975
8.1820374
8.1348763
8.0877151
8.0060596
7.9244041
7.8427486
7.7610931
7.6669426
7.5727916
7.4786406
7.3844900
7.2821178
7.1797457
7.0773740
6.9750018
6.8497367
6.7244711
6.5992060
6.4739408
6.3298492
6.1857572
6.0416651
5.8975735
5.7565098
5.6154461
5.4743829
5.3333192
5.2033877
5.0734568
4.9435253
4.8135939
7.8731194
7.9056282
7.9381371
7.9706450
7.9965396
8.0262718
8.0560055
8.0857372
8.1320906
8.1735611
8.2150326
8.2565031
8.2980938
8.3348913
8.3716888
8.4084854
8.4477892
8.4919748
8.5361614
8.5803471
8.6150780
8.6501141
8.6851482
8.7201843
8.7452784
8.7773657
8.8094530
8.8415413
8.8542595
8.8716393
8.8890209
8.9064007
8.9079227
8.9171429
8.9263620
8.9355822
8.9233742
8.9231863
8.9229984
8.9228106
8.9058762
8.8983784
8.8908806
8.8833847
8.8586369
8.8465910
8.8345451
8.8224993
8.7923889
8.7840099
8.7756310
8.7672529
8.7365732
8.7507200
8.7648659
8.7790127
8.8077879
8.8254147
8.8430414
8.8606682
8.8950853
8.9032278
8.9113703
8.9195127
8.9446163
8.9434071
8.9421978
8.9409885
8.9699507
8.9684343
8.9669170
8.9654007
8.9703970
8.9460430
8.9216890
8.8973360
8.8884325
8.8519936
8.8155546
8.7791157
8.7659760
8.7269077
8.6878414
8.6487751
8.6094456
8.5803823
8.5513191
8.5222559
8.4825687
8.4494371
8.4163046
8.3831730
8.3504238
8.3194475
8.2884712
8.2574959
8.2348003
8.1876392
8.1404791
8.0933180
8.0580931
7.9764376
7.8947821
7.8131266
7.7717991
7.6776485
7.5834970
7.4893465
7.3976812
7.2953091
7.1929369
7.0905652
6.9763856
6.8511205
6.7258549
6.6005898
6.4719529
6.3278613
6.1837692
6.0396771
5.9064474
5.7653837
5.6243200
5.4832563
5.3483033
5.2183719
5.0884409
4.9585094
4.8265858
7.8477550
7.8802638
7.9127722
7.9386663
7.9645605
7.9942932
8.0240259
8.0703793
8.1167326
8.1582031
8.1996746
8.2412653
8.2828560
8.3196535
8.3564510
8.3957539
8.4350586
8.4792442
8.5234299
8.5581598
8.5928907
8.6279268
8.6629620
8.6880560
8.7131500
8.7452374
8.7773247
8.7900429
8.8027611
8.8201418
8.8375225
8.8390446
8.8405657
8.8497858
8.8590050
8.8467970
8.8345890
8.8344011
8.8342133
8.8172789
8.8003435
8.7928457
8.7853489
8.7606020
8.7358551
8.7238092
8.7117634
8.6816540
8.6515427
8.6431637
8.6347847
8.6041050
8.5734253
8.5875721
8.6017189
8.6304941
8.6592693
8.6768961
8.6945229
8.7289391
8.7633572
8.7714996
8.7796421
8.8047447
8.8298483
8.8286390
8.8274298
8.8563919
8.8853550
8.8838387
8.8823204
8.8873177
8.8923130
8.8679600
8.8436050
8.8347025
8.8257990
8.7893600
8.7529211
8.7397814
8.7266407
8.6875734
8.6485071
8.6091766
8.5698471
8.5407848
8.5117207
8.4720345
8.4323483
8.3992157
8.3660831
8.3333340
8.3005848
8.2696075
8.2386322
8.2159367
8.1932421
8.1460810
8.0989208
8.0636950
8.0284710
7.9468155
7.8651600
7.8238320
7.7825046
7.6883540
7.5942030
7.5025377
7.4108725
7.3085003
7.2061281
7.0919495
6.9777699
6.8525047
6.7272387
6.5986023
6.4699650
6.3258734
6.1817808
6.0485511
5.9153209
5.7742572
5.6331935
5.4982405
5.3632879
5.2333565
5.1034250
4.9715018
4.8395782
7.8223906
7.8548994
7.8807931
7.9066873
7.9325814
7.9623141
8.0086670
8.0550213
8.1013746
8.1428452
8.1844368
8.2260275
8.2676182
8.3044157
8.3437195
8.3830233
8.4223270
8.4665127
8.5012436
8.5359726
8.5707035
8.6057396
8.6308336
8.6559277
8.6810217
8.7131090
8.7258282
8.7385445
8.7512627
8.7686443
8.7701654
8.7716875
8.7732086
8.7824287
8.7702198
8.7580118
8.7458038
8.7456160
8.7286816
8.7117462
8.6948109
8.6873131
8.6625671
8.6378202
8.6130733
8.6010275
8.5709171
8.5408077
8.5106974
8.5023184
8.4716377
8.4409580
8.4102783
8.4244251
8.4532003
8.4819756
8.5107508
8.5283775
8.5627947
8.5972109
8.6316280
8.6397705
8.6648731
8.6899776
8.7150803
8.7138710
8.7428341
8.7717962
8.8007584
8.7992420
8.8042383
8.8092337
8.8142300
8.7898760
8.7809725
8.7720690
8.7631655
8.7267265
8.7135868
8.7004471
8.6873055
8.6482391
8.6089087
8.5695791
8.5302496
8.5011864
8.4615002
8.4218130
8.3821268
8.3489952
8.3162441
8.2834949
8.2507448
8.2197685
8.1970739
8.1743784
8.1516838
8.1045227
8.0692978
8.0340729
7.9988484
7.9171929
7.8758650
7.8345375
7.7932100
7.6990595
7.6073942
7.5157294
7.4240642
7.3216920
7.2075129
7.0933332
6.9791536
6.8538885
6.7252507
6.5966139
6.4679766
6.3238850
6.1906548
6.0574245
5.9241943
5.7831306
5.6481781
5.5132251
5.3782721
5.2483406
5.1164169
4.9844942
4.8525705
7.7970257
7.8229198
7.8488140
7.8747082
7.9006023
7.9469557
7.9933095
8.0396633
8.0860167
8.1276073
8.1691990
8.2107897
8.2523804
8.2916842
8.3309879
8.3702917
8.4095955
8.4443264
8.4790564
8.5137863
8.5485172
8.5736113
8.5987053
8.6237993
8.6488934
8.6616116
8.6743298
8.6870470
8.6997652
8.7012863
8.7028084
8.7043304
8.7058516
8.6936436
8.6814346
8.6692266
8.6570187
8.6400833
8.6231489
8.6062145
8.5892792
8.5645323
8.5397854
8.5150385
8.4902916
8.4601812
8.4300709
8.3999615
8.3698511
8.3391714
8.3084908
8.2778111
8.2471313
8.2759066
8.3046818
8.3334570
8.3622322
8.3966494
8.4310665
8.4654827
8.4998999
8.5250034
8.5501060
8.5752096
8.6003132
8.6292753
8.6582375
8.6871996
8.7161617
8.7211580
8.7261543
8.7311497
8.7361460
8.7272425
8.7183390
8.7094355
8.7005320
8.6873913
8.6742516
8.6611118
8.6479712
8.6086416
8.5693111
8.5299816
8.4906521
8.4509659
8.4112787
8.3715916
8.3319054
8.2991552
8.2664051
8.2336559
8.2009058
8.1782112
8.1555157
8.1328201
8.1101255
8.0749006
8.0396757
8.0044508
7.9692264
7.9278989
7.8865709
7.8452435
7.8039160
7.7122507
7.6205854
7.5289207
7.4372554
7.3230758
7.2088966
7.0947170
6.9805374
6.8519001
6.7232628
6.5946259
6.4659886
6.3327584
6.1995287
6.0662985
5.9330683
5.7981153
5.6631622
5.5282092
5.3932562
5.2613325
5.1294093
4.9974861
4.8655624
7.7714596
7.7973537
7.8232479
7.8491421
7.8826933
7.9290466
7.9754004
8.0217543
8.0636978
8.1052885
8.1468801
8.1884708
8.2283859
8.2676897
8.3069935
8.3462973
8.3834743
8.4182053
8.4529352
8.4876652
8.5112295
8.5363235
8.5614176
8.5865116
8.5949268
8.6076450
8.6203632
8.6330805
8.6295214
8.6310425
8.6325645
8.6340866
8.6173458
8.6051378
8.5929289
8.5807209
8.5568905
8.5399551
8.5230207
8.5060863
8.4726620
8.4479151
8.4231682
8.3984213
8.3557062
8.3255959
8.2954855
8.2653761
8.2156954
8.1850157
8.1543350
8.1236553
8.0664701
8.0952454
8.1240206
8.1527958
8.2020073
8.2364244
8.2708416
8.3052578
8.3540735
8.3791771
8.4042797
8.4293833
8.4724617
8.5014238
8.5303860
8.5593481
8.5933361
8.5983324
8.6033287
8.6083241
8.6298618
8.6209583
8.6120548
8.6031513
8.6274366
8.6142960
8.6011562
8.5880165
8.5781155
8.5387859
8.4994545
8.4601250
8.4313745
8.3916883
8.3520012
8.3123140
8.2842398
8.2514896
8.2187395
8.1859903
8.1562767
8.1335831
8.1108875
8.0881920
8.0648613
8.0296364
7.9944119
7.9591870
7.9333701
7.8920426
7.8507147
7.8093872
7.7578316
7.6661663
7.5745010
7.4828362
7.4117546
7.2975750
7.1833954
7.0692158
6.9802656
6.8516283
6.7229910
6.5943537
6.4798965
6.3466663
6.2134366
6.0802064
5.9465027
5.8115492
5.6765966
5.5416431
5.4003158
5.2683921
5.1364689
5.0045457
4.8704138
7.7458940
7.7717881
7.7976823
7.8312330
7.8647842
7.9111376
7.9574919
7.9994354
8.0413799
8.0829706
8.1245623
8.1644764
8.2043915
8.2436943
8.2829990
8.3201771
8.3573532
8.3920841
8.4268150
8.4503784
8.4739418
8.4990368
8.5241299
8.5325451
8.5409603
8.5536785
8.5663967
8.5628376
8.5592766
8.5607986
8.5623207
8.5455799
8.5288410
8.5166321
8.5044231
8.4805927
8.4567623
8.4398270
8.4228926
8.3894691
8.3560448
8.3312979
8.3065510
8.2638359
8.2211208
8.1910114
8.1609001
8.1112204
8.0615387
8.0308590
8.0001783
7.9429936
7.8858085
7.9145837
7.9433589
7.9925709
8.0417824
8.0762005
8.1106167
8.1594315
8.2082462
8.2333498
8.2584524
8.3015318
8.3446102
8.3735723
8.4025345
8.4365225
8.4705105
8.4755068
8.4805031
8.5020390
8.5235767
8.5146732
8.5057697
8.5300560
8.5543413
8.5412006
8.5280609
8.5181599
8.5082588
8.4689293
8.4295988
8.4008484
8.3720970
8.3324108
8.2927246
8.2646503
8.2365742
8.2038250
8.1710739
8.1413622
8.1116486
8.0889540
8.0662584
8.0429277
8.0195980
7.9843731
7.9491482
7.9233313
7.8975139
7.8561864
7.8148584
7.7633028
7.7117472
7.6200819
7.5284166
7.4573350
7.3862534
7.2720737
7.1578946
7.0689440
6.9799933
6.8513560
6.7227187
6.6082621
6.4938049
6.3605747
6.2273445
6.0936408
5.9599366
5.8249836
5.6900306
5.5487032
5.4073753
5.2754517
5.1435285
5.0093966
4.8752651
7.7203283
7.7462225
7.7797737
7.8133245
7.8468757
7.8932290
7.9351730
7.9771171
8.0190611
8.0606518
8.1005669
8.1404810
8.1803961
8.2196999
8.2568779
8.2940559
8.3312330
8.3659639
8.3895273
8.4130907
8.4366550
8.4617491
8.4701643
8.4785795
8.4869947
8.4997129
8.4961529
8.4925928
8.4890327
8.4905539
8.4738150
8.4570751
8.4403353
8.4281273
8.4042959
8.3804646
8.3566341
8.3396988
8.3062754
8.2728519
8.2394276
8.2146807
8.1719656
8.1292515
8.0865364
8.0564260
8.0067444
7.9570642
7.9073830
7.8767033
7.8195171
7.7623320
7.7051468
7.7339220
7.7831345
7.8323460
7.8815584
7.9159756
7.9647899
8.0136051
8.0624199
8.0875235
8.1306019
8.1736803
8.2167587
8.2457209
8.2797089
8.3136969
8.3476849
8.3526812
8.3742180
8.3957548
8.4172926
8.4083891
8.4326744
8.4569607
8.4812460
8.4681053
8.4582043
8.4483032
8.4384022
8.3990726
8.3703222
8.3415709
8.3128204
8.2731342
8.2450590
8.2169847
8.1889095
8.1561594
8.1264458
8.0967331
8.0670204
8.0443249
8.0209951
7.9976640
7.9743338
7.9391088
7.9132919
7.8874750
7.8616576
7.8203301
7.7687745
7.7172189
7.6656632
7.5739980
7.5029163
7.4318342
7.3607521
7.2465725
7.1576223
7.0686722
6.9797211
6.8510838
6.7366271
6.6221700
6.5077128
6.3744826
6.2407789
6.1070747
5.9733706
5.8384180
5.6970901
5.5557628
5.4144349
5.2825112
5.1483798
5.0142479
4.8801165
7.6947622
7.7283134
7.7618647
7.7954154
7.8289666
7.8709106
7.9128547
7.9547987
7.9967427
8.0366573
8.0765724
8.1164865
8.1564016
8.1935787
8.2307568
8.2679348
8.3051119
8.3286762
8.3522396
8.3758030
8.3993673
8.4077826
8.4161978
8.4246130
8.4330282
8.4294682
8.4259090
8.4223490
8.4187889
8.4020491
8.3853092
8.3685694
8.3518295
8.3279991
8.3041677
8.2803364
8.2565060
8.2230816
8.1896582
8.1562347
8.1228104
8.0800953
8.0373802
7.9946661
7.9519510
7.9022698
7.8525887
7.8029079
7.7532268
7.6960416
7.6388559
7.5816708
7.5244856
7.5736976
7.6229095
7.6721215
7.7213335
7.7701483
7.8189631
7.8677783
7.9165931
7.9596715
8.0027504
8.0458288
8.0889072
8.1228952
8.1568832
8.1908712
8.2248592
8.2463970
8.2679338
8.2894707
8.3110085
8.3352938
8.3595791
8.3838654
8.4081507
8.3982496
8.3883486
8.3784475
8.3685465
8.3397961
8.3110447
8.2822933
8.2535429
8.2254677
8.1973934
8.1693192
8.1412439
8.1115303
8.0818176
8.0521049
8.0223913
7.9990611
7.9757309
7.9524002
7.9290700
7.9032526
7.8774357
7.8516188
7.8258014
7.7742457
7.7226901
7.6711345
7.6195788
7.5484972
7.4774151
7.4063330
7.3352513
7.2463007
7.1573505
7.0683999
6.9794493
6.8649921
6.7505350
6.6360779
6.5216208
6.3879166
6.2542129
6.1205091
5.9868050
5.8454771
5.7041497
5.5628223
5.4214945
5.2873631
5.1532311
5.0190992
4.8849678
7.6588035
7.6923547
7.7259059
7.7594566
7.8044915
7.8464355
7.8883796
7.9303236
7.9685349
8.0084496
8.0483646
8.0882788
8.1245832
8.1617603
8.1989384
8.2361164
8.2599287
8.2834930
8.3070564
8.3306198
8.3374386
8.3458538
8.3542690
8.3626842
8.3563061
8.3527460
8.3491869
8.3456268
8.3269329
8.3101931
8.2934532
8.2767134
8.2494020
8.2255716
8.2017403
8.1779089
8.1381893
8.1047649
8.0713415
8.0379181
7.9910402
7.9483252
7.9056101
7.8628960
7.8054514
7.7557702
7.7060890
7.6564083
7.5899611
7.5327759
7.4755902
7.4184051
7.3420334
7.3912449
7.4404573
7.4896688
7.5433264
7.5921412
7.6409559
7.6897712
7.7448335
7.7879119
7.8309908
7.8740692
7.9278431
7.9618311
7.9958191
8.0298071
8.0785246
8.1000624
8.1215992
8.1431360
8.1997805
8.2240658
8.2483511
8.2726374
8.2995100
8.2896090
8.2797079
8.2698069
8.2732906
8.2445402
8.2157888
8.1870375
8.1665621
8.1384869
8.1104126
8.0823383
8.0684032
8.0386887
8.0089760
7.9792638
7.9521680
7.9288378
7.9055076
7.8821769
7.8684969
7.8426795
7.8168626
7.7910457
7.7770529
7.7254972
7.6739416
7.6223860
7.5874724
7.5163908
7.4453087
7.3742266
7.3077531
7.2188025
7.1298523
7.0409017
6.9479547
6.8334975
6.7190404
6.6045833
6.4918499
6.3581457
6.2244425
6.0907383
5.9656358
5.8243079
5.6829805
5.5416532
5.4125419
5.2784104
5.1442785
5.0101466
4.8864765
7.6228447
7.6563959
7.6899471
7.7349815
7.7800159
7.8219604
7.8639040
7.9021158
7.9403276
7.9802418
8.0201569
8.0564613
8.0927639
8.1299419
8.1671200
8.1909323
8.2147455
8.2383099
8.2618732
8.2686920
8.2755108
8.2839260
8.2923412
8.2859631
8.2795849
8.2760239
8.2724648
8.2537708
8.2350769
8.2183371
8.2015972
8.1742859
8.1469746
8.1231441
8.0993137
8.0595932
8.0198727
7.9864478
7.9530244
7.9061470
7.8592701
7.8165550
7.7738400
7.7163963
7.6589518
7.6092701
7.5595894
7.4931421
7.4266949
7.3695097
7.3123245
7.2359529
7.1595807
7.2087927
7.2580047
7.3116617
7.3653193
7.4141340
7.4629488
7.5180116
7.5730739
7.6161523
7.6592312
7.7130051
7.7667789
7.8007669
7.8347549
7.8834724
7.9321895
7.9537272
7.9752641
8.0319080
8.0885525
8.1128378
8.1371231
8.1639967
8.1908703
8.1809692
8.1710682
8.1745510
8.1780338
8.1492844
8.1205330
8.1000576
8.0795822
8.0515070
8.0234327
8.0094967
7.9955616
7.9658480
7.9361353
7.9090405
7.8819447
7.8586149
7.8352842
7.8216038
7.8079238
7.7821064
7.7562895
7.7422972
7.7283049
7.6767492
7.6251936
7.5902796
7.5553660
7.4842844
7.4132023
7.3467283
7.2802548
7.1913042
7.1023540
7.0094070
6.9164600
6.8020029
6.6875458
6.5748124
6.4620795
6.3283753
6.1946716
6.0695686
5.9444666
5.8031387
5.6618109
5.5327001
5.4035892
5.2694578
5.1353259
5.0116558
4.8879852
7.5868859
7.6204371
7.6654716
7.7105064
7.7555408
7.7974849
7.8356967
7.8739080
7.9121199
7.9520345
7.9883385
8.0246420
8.0609455
8.0981226
8.1219368
8.1457491
8.1695623
8.1931267
8.1999454
8.2067642
8.2135830
8.2219982
8.2156191
8.2092409
8.2028627
8.1993027
8.1806087
8.1619148
8.1432209
8.1264811
8.0991697
8.0718594
8.0445480
8.0207176
7.9809961
7.9412756
7.9015551
7.8681307
7.8212543
7.7743769
7.7275000
7.6847849
7.6273403
7.5698962
7.5124516
7.4627705
7.3963237
7.3298764
7.2634292
7.2062440
7.1298723
7.0535002
6.9771280
7.0263405
7.0799975
7.1336546
7.1873121
7.2361269
7.2911892
7.3462520
7.4013143
7.4443927
7.4981670
7.5519409
7.6057153
7.6397033
7.6884203
7.7371378
7.7858543
7.8073921
7.8640356
7.9206800
7.9773240
8.0016098
8.0284834
8.0553570
8.0822296
8.0723286
8.0758114
8.0792952
8.0827780
8.0540276
8.0335522
8.0130768
7.9926014
7.9645262
7.9505916
7.9366560
7.9227204
7.8930068
7.8659120
7.8388171
7.8117218
7.7883916
7.7747111
7.7610307
7.7473507
7.7215333
7.7075415
7.6935492
7.6795568
7.6280012
7.5930872
7.5581732
7.5232596
7.4521780
7.3857040
7.3192301
7.2527566
7.1638060
7.0708594
6.9779124
6.8849654
6.7705083
6.6577749
6.5450420
6.4323092
6.2986050
6.1735024
6.0483994
5.9232969
5.7819691
5.6528583
5.5237474
5.3946366
5.2605052
5.1368346
5.0131645
4.8894939
7.5509272
7.5959616
7.6409965
7.6860313
7.7310658
7.7692776
7.8074889
7.8457003
7.8839121
7.9202156
7.9565196
7.9928236
8.0291271
8.0529404
8.0767536
8.1005659
8.1243792
8.1311979
8.1380167
8.1448355
8.1516542
8.1452761
8.1388969
8.1325188
8.1261406
8.1074467
8.0887527
8.0700588
8.0513649
8.0240536
7.9967427
7.9694319
7.9421206
7.9024000
7.8626795
7.8229589
7.7832384
7.7363615
7.6894841
7.6426067
7.5957298
7.5382853
7.4808407
7.4233966
7.3659520
7.2995048
7.2330580
7.1666107
7.1001635
7.0237913
6.9474196
6.8710480
6.7946758
6.8483334
6.9019904
6.9556475
7.0093050
7.0643673
7.1194296
7.1744924
7.2295547
7.2833290
7.3371029
7.3908768
7.4446511
7.4933681
7.5420856
7.5908027
7.6395197
7.6961637
7.7528076
7.8094521
7.8660960
7.8929691
7.9198427
7.9467163
7.9735894
7.9770727
7.9805555
7.9840388
7.9875221
7.9670467
7.9465714
7.9260964
7.9056211
7.8916855
7.8777504
7.8638148
7.8498793
7.8227839
7.7956886
7.7685938
7.7414985
7.7278185
7.7141380
7.7004576
7.6867776
7.6727853
7.6587930
7.6448007
7.6308084
7.5958948
7.5609808
7.5260668
7.4911532
7.4246798
7.3582058
7.2917318
7.2252584
7.1323113
7.0393648
6.9464178
6.8534708
6.7407379
6.6280046
6.5152712
6.4025383
6.2774358
6.1523333
6.0272303
5.9021277
5.7730169
5.6439056
5.5147948
5.3856840
5.2620134
5.1383433
5.0146732
4.8910027
7.5292940
7.5743284
7.6193628
7.6643982
7.6974788
7.7356906
7.7739019
7.8121133
7.8431530
7.8794565
7.9157605
7.9520645
7.9719191
7.9957323
8.0195456
8.0433578
8.0498123
8.0566311
8.0634499
8.0702686
8.0633821
8.0570040
8.0506248
8.0442467
8.0253572
8.0066633
7.9879694
7.9692755
7.9412441
7.9139328
7.8866220
7.8593111
7.8202720
7.7805514
7.7408309
7.7011104
7.6534052
7.6065283
7.5596509
7.5127735
7.4539118
7.3964672
7.3390226
7.2815785
7.2124071
7.1459599
7.0795126
7.0130653
6.9402432
6.8638711
6.7874994
6.7111278
6.6420155
6.6956730
6.7493296
6.8029871
6.8367853
6.8918476
6.9469099
7.0019722
7.0557384
7.1095133
7.1632872
7.2170610
7.2761908
7.3249078
7.3736253
7.4223423
7.4820132
7.5386572
7.5953012
7.6519456
7.7038269
7.7307005
7.7575741
7.7844477
7.8158212
7.8193045
7.8227873
7.8262706
7.8377275
7.8172522
7.7967768
7.7763019
7.8031082
7.7891726
7.7752376
7.7613020
7.7612624
7.7341671
7.7070718
7.6799769
7.6584964
7.6448164
7.6311359
7.6174555
7.6021700
7.5881777
7.5741854
7.5601931
7.5529566
7.5180426
7.4831285
7.4482145
7.4323893
7.3659158
7.2994418
7.2329679
7.1862717
7.0933247
7.0003786
6.9074316
6.8310113
6.7182784
6.6055450
6.4928117
6.3914771
6.2663746
6.1412721
6.0161691
5.8973475
5.7682371
5.6391258
5.5100145
5.3863888
5.2627182
5.1390481
5.0153780
4.8966875
7.5076604
7.5526948
7.5977297
7.6308107
7.6638918
7.7021036
7.7403150
7.7713547
7.8023939
7.8386974
7.8750019
7.8948560
7.9147105
7.9385238
7.9623370
7.9687915
7.9752464
7.9820652
7.9888840
7.9819970
7.9751101
7.9687319
7.9623528
7.9434633
7.9245739
7.9058800
7.8871861
7.8591547
7.8311234
7.8038120
7.7765007
7.7374620
7.6984234
7.6587029
7.6189823
7.5712771
7.5235720
7.4766951
7.4298177
7.3709555
7.3120937
7.2546492
7.1972046
7.1280332
7.0588617
6.9924145
6.9259677
6.8531451
6.7803230
6.7039509
6.6275792
6.5584669
6.4893546
6.5430121
6.5966692
6.6304669
6.6642652
6.7193274
6.7743897
6.8281565
6.8819227
6.9356971
6.9894710
7.0486012
7.1077309
7.1564474
7.2051649
7.2648363
7.3245068
7.3811512
7.4377947
7.4896770
7.5415583
7.5684314
7.5953050
7.6266785
7.6580524
7.6615362
7.6650190
7.6764760
7.6879330
7.6674576
7.6469822
7.6737890
7.7005954
7.6866598
7.6727247
7.6726856
7.6726456
7.6455507
7.6184549
7.5969744
7.5754938
7.5618143
7.5481339
7.5328484
7.5175629
7.5035706
7.4895782
7.4823413
7.4751043
7.4401908
7.4052768
7.3894510
7.3736253
7.3071518
7.2406778
7.1939816
7.1472855
7.0543385
6.9613919
6.8849716
6.8085518
6.6958189
6.5830851
6.4817505
6.3804159
6.2553129
6.1302109
6.0113893
5.8925676
5.7634568
5.6343455
5.5107203
5.3870935
5.2634230
5.1397533
5.0210624
4.9023719
7.4860268
7.5310612
7.5641427
7.5972238
7.6303048
7.6685166
7.6995564
7.7305956
7.7616353
7.7979388
7.8177929
7.8376474
7.8575020
7.8813152
7.8877702
7.8942251
7.9006801
7.9074988
7.9006119
7.8937249
7.8868380
7.8804598
7.8615699
7.8426800
7.8237906
7.8050966
7.7770653
7.7490335
7.7210021
7.6936908
7.6546521
7.6156135
7.5765748
7.5368543
7.4891491
7.4414439
7.3937387
7.3468618
7.2879996
7.2291374
7.1702757
7.1128311
7.0436602
6.9744883
6.9053164
6.8388691
6.7660470
6.6932249
6.6204028
6.5440307
6.4749184
6.4058065
6.3366938
6.3903513
6.4241495
6.4579468
6.4917450
6.5468073
6.6005735
6.6543407
6.7081070
6.7618809
6.8210111
6.8801408
6.9392705
6.9879875
7.0476584
7.1073298
7.1670008
7.2236447
7.2755260
7.3274078
7.3792896
7.4061623
7.4375362
7.4689102
7.5002842
7.5037675
7.5152245
7.5266814
7.5381384
7.5176630
7.5444694
7.5712762
7.5980825
7.5841470
7.5841079
7.5840688
7.5840292
7.5569339
7.5354528
7.5139723
7.4924917
7.4788117
7.4635262
7.4482408
7.4329553
7.4189630
7.4117260
7.4044895
7.3972521
7.3623390
7.3465128
7.3306870
7.3148613
7.2483878
7.2016916
7.1549950
7.1082993
7.0153522
6.9389319
6.8625121
6.7860918
6.6733589
6.5720239
6.4706893
6.3693542
6.2442517
6.1254301
6.0066090
5.8877878
5.7586765
5.6350508
5.5114250
5.3877988
5.2641282
5.1454372
5.0267467
4.9080563
7.4643936
7.4974747
7.5305557
7.5636368
7.5967178
7.6277575
7.6587973
7.6898365
7.7208762
7.7407308
7.7605848
7.7804394
7.8002939
7.8067489
7.8132038
7.8196588
7.8261137
7.8192267
7.8123398
7.8054528
7.7985659
7.7796764
7.7607865
7.7418966
7.7230072
7.6949759
7.6669445
7.6389127
7.6108813
7.5718427
7.5328035
7.4937649
7.4547262
7.4070210
7.3593159
7.3116107
7.2639055
7.2050438
7.1461816
7.0873194
7.0284576
6.9592862
6.8901148
6.8209429
6.7517715
6.6789494
6.6061268
6.5333047
6.4604826
6.3913703
6.3222580
6.2531457
6.1840334
6.2178316
6.2516294
6.2854271
6.3192253
6.3729916
6.4267578
6.4805245
6.5342908
6.5934205
6.6525507
6.7116804
6.7708101
6.8304811
6.8901520
6.9498234
7.0094943
7.0613756
7.1132574
7.1651392
7.2170205
7.2483945
7.2797680
7.3111420
7.3425159
7.3539729
7.3654299
7.3768868
7.3883438
7.4151502
7.4419565
7.4687634
7.4955697
7.4955301
7.4954910
7.4954519
7.4954123
7.4739318
7.4524508
7.4309702
7.4094896
7.3942041
7.3789186
7.3636332
7.3483477
7.3411107
7.3338737
7.3266373
7.3194003
7.3035746
7.2877488
7.2719231
7.2560973
7.2094011
7.1627049
7.1160088
7.0693126
6.9928923
6.9164724
6.8400526
6.7636323
6.6622972
6.5609627
6.4596281
6.3582931
6.2394714
6.1206503
6.0018291
5.8830075
5.7593813
5.6357555
5.5121298
5.3885036
5.2698131
5.1511221
5.0324316
4.9137411
7.4044685
7.4375496
7.4706306
7.5037117
7.5277071
7.5587463
7.5897865
7.6208258
7.6354537
7.6553082
7.6751623
7.6950169
7.7008433
7.7072983
7.7137532
7.7202082
7.7142820
7.7073951
7.7005081
7.6936212
7.6760340
7.6571445
7.6382546
7.6193647
7.5940170
7.5659857
7.5379543
7.5099230
7.4750595
7.4360209
7.3969822
7.3579435
7.3141432
7.2664385
7.2187328
7.1710281
7.1165152
7.0576534
6.9987912
6.9399290
6.8825583
6.8133869
6.7442155
6.6750436
6.6191692
6.5463471
6.4735246
6.4007025
6.3453431
6.2762308
6.2071185
6.1380062
6.0842299
6.1180282
6.1518259
6.1856236
6.1880574
6.2418237
6.2955899
6.3493567
6.3987718
6.4579015
6.5170317
6.5761614
6.6125560
6.6722269
6.7318978
6.7915692
6.8422971
6.8941784
6.9460602
6.9979420
7.0539784
7.0853524
7.1167259
7.1480999
7.2005587
7.2120161
7.2234726
7.2349300
7.2796102
7.3064165
7.3332229
7.3600297
7.3905926
7.3905525
7.3905134
7.3904743
7.3997097
7.3782291
7.3567486
7.3352680
7.3264365
7.3111510
7.2958655
7.2805800
7.2688599
7.2616229
7.2543859
7.2471495
7.2490940
7.2332683
7.2174425
7.2016168
7.1845999
7.1379042
7.0912075
7.0445118
7.0014796
6.9250593
6.8486395
6.7722197
6.7052550
6.6039200
6.5025854
6.4012508
6.3141232
6.1953015
6.0764804
5.9576592
5.8563766
5.7327504
5.6091247
5.4854989
5.3779020
5.2592115
5.1405206
5.0218301
4.9160166
7.3445435
7.3776245
7.4107056
7.4347005
7.4586959
7.4897356
7.5207753
7.5354033
7.5500317
7.5698862
7.5897398
7.5955667
7.6013927
7.6078482
7.6143026
7.6083765
7.6024504
7.5955639
7.5886765
7.5710897
7.5535021
7.5346127
7.5157232
7.4903750
7.4650273
7.4369960
7.4089646
7.3741012
7.3392382
7.3001995
7.2611604
7.2173605
7.1735606
7.1258554
7.0781503
7.0236378
6.9691248
6.9102631
6.8514009
6.7940302
6.7366590
6.6674876
6.5983162
6.5424414
6.4865675
6.4137449
6.3409224
6.2855635
6.2302036
6.1610913
6.0919790
6.0382028
5.9844265
6.0182247
6.0520225
6.0544558
6.0568895
6.1106558
6.1644220
6.2138376
6.2632532
6.3223829
6.3815126
6.4179077
6.4543018
6.5139732
6.5736437
6.6243720
6.6750998
6.7269812
6.7788630
6.8348999
6.8909369
6.9223108
6.9536839
7.0061431
7.0586019
7.0700588
7.0815158
7.1261959
7.1708765
7.1976829
7.2244892
7.2550521
7.2856150
7.2855754
7.2855363
7.2947717
7.3040075
7.2825270
7.2610459
7.2522149
7.2433834
7.2280979
7.2128124
7.2010927
7.1893721
7.1821356
7.1748981
7.1768427
7.1787872
7.1629620
7.1471357
7.1301193
7.1131029
7.0664067
7.0197105
6.9766788
6.9336462
6.8572264
6.7808065
6.7138419
6.6468778
6.5455427
6.4442081
6.3570805
6.2699537
6.1511316
6.0323105
5.9310284
5.8297453
5.7061195
5.5824938
5.4748974
5.3673010
5.2486105
5.1299191
5.0241060
4.9182925
7.2846179
7.3176990
7.3416939
7.3656893
7.3896847
7.4207249
7.4353528
7.4499807
7.4646091
7.4844637
7.4902902
7.4961162
7.5019426
7.5083976
7.5024714
7.4965453
7.4906192
7.4837322
7.4661450
7.4485579
7.4309707
7.4120812
7.3867331
7.3613853
7.3360376
7.3080063
7.2731428
7.2382793
7.2034168
7.1643782
7.1205778
7.0767775
7.0329781
6.9852724
6.9307599
6.8762474
6.8217344
6.7628727
6.7055016
6.6481309
6.5907598
6.5215883
6.4657140
6.4098396
6.3539653
6.2811432
6.2257833
6.1704240
6.1150641
6.0459518
5.9921756
5.9383993
5.8846231
5.9184213
5.9208546
5.9232879
5.9257216
5.9794879
6.0289035
6.0783186
6.1277342
6.1868639
6.2232585
6.2596536
6.2960482
6.3557191
6.4064469
6.4571748
6.5079026
6.5597839
6.6158209
6.6718578
6.7278948
6.7592688
6.8117275
6.8641863
6.9166451
6.9281015
6.9727821
7.0174623
7.0621428
7.0889492
7.1195126
7.1500750
7.1806374
7.1805983
7.1898336
7.1990690
7.2083054
7.1868248
7.1779933
7.1691618
7.1603303
7.1450448
7.1333246
7.1216049
7.1098847
7.1026478
7.1045918
7.1065364
7.1084809
7.0926552
7.0756388
7.0586224
7.0416059
6.9949093
6.9518776
6.9088454
6.8658133
6.7893929
6.7224293
6.6554646
6.5885005
6.4871655
6.4000382
6.3129110
6.2257838
6.1069622
6.0056796
5.9043970
5.8031144
5.6794882
5.5718923
5.4642959
5.3566995
5.2380090
5.1321955
5.0263815
4.9205685
7.2246928
7.2486882
7.2726831
7.2966785
7.3206739
7.3353024
7.3499303
7.3645582
7.3791866
7.3850131
7.3908396
7.3966656
7.4024920
7.3965659
7.3906398
7.3847136
7.3787875
7.3612003
7.3436131
7.3260260
7.3084388
7.2830911
7.2577429
7.2323952
7.2070475
7.1721845
7.1373215
7.1024580
7.0675950
7.0237951
6.9799948
6.9361949
6.8923950
6.8378820
6.7833695
6.7288570
6.6743441
6.6169729
6.5596023
6.5022316
6.4448605
6.3889861
6.3331118
6.2772374
6.2213631
6.1660032
6.1106439
6.0552845
5.9999247
5.9461484
5.8923721
5.8385959
5.7848196
5.7872534
5.7896867
5.7921200
5.7945538
5.8439693
5.8933845
5.9427996
5.9922152
6.0286098
6.0650043
6.1013994
6.1377940
6.1885219
6.2392497
6.2899776
6.3407054
6.3967423
6.4527788
6.5088158
6.5648527
6.6173115
6.6697702
6.7222290
6.7746878
6.8193684
6.8640485
6.9087286
6.9534092
6.9839721
7.0145350
7.0450974
7.0756602
7.0848961
7.0941315
7.1033669
7.1126027
7.1037712
7.0949402
7.0861087
7.0772772
7.0655570
7.0538368
7.0421171
7.0303969
7.0323415
7.0342855
7.0362301
7.0381746
7.0211582
7.0041418
6.9871249
6.9701085
6.9270763
6.8840446
6.8410125
6.7979803
6.7310162
6.6640520
6.5970874
6.5301232
6.4429960
6.3558683
6.2687411
6.1816139
6.0803313
5.9790487
5.8777661
5.7764835
5.6688871
5.5612907
5.4536943
5.3460979
5.2402844
5.1344709
5.0286574
4.9228439
7.0989017
7.1228971
7.1468921
7.1708875
7.1847534
7.1993818
7.2140098
7.2286377
7.2375984
7.2434244
7.2492514
7.2550774
7.2538795
7.2479534
7.2420273
7.2361012
7.2235861
7.2059994
7.1884117
7.1708250
7.1497984
7.1244507
7.0991025
7.0737548
7.0454025
7.0105395
6.9756765
6.9408131
6.9042659
6.8604660
6.8166656
6.7728658
6.7294741
6.6749611
6.6204486
6.5659361
6.5246129
6.4672418
6.4098711
6.3525004
6.3105206
6.2546463
6.1987720
6.1428976
6.1019182
6.0465584
5.9911985
5.9358397
5.8980412
5.8442650
5.7904887
5.7367125
5.7018270
5.7042608
5.7066941
5.7091274
5.7278233
5.7772388
5.8266540
5.8760691
5.9239821
5.9603767
5.9967713
6.0331664
6.0764880
6.1272159
6.1779437
6.2286716
6.2707901
6.3268270
6.3828630
6.4389000
6.4804049
6.5328636
6.5853224
6.6377811
6.6790032
6.7236838
6.7683640
6.8130441
6.8515258
6.8820887
6.9126515
6.9432139
6.9734802
6.9827161
6.9919515
7.0011868
7.0156727
7.0068417
6.9980106
6.9891787
6.9879885
6.9762683
6.9645481
6.9528284
6.9489050
6.9508495
6.9527936
6.9547381
6.9642744
6.9472580
6.9302416
6.9132252
6.9053330
6.8623009
6.8192692
6.7762370
6.7453976
6.6784334
6.6114693
6.5445042
6.4907360
6.4036093
6.3164816
6.2293539
6.1547117
6.0534286
5.9521465
5.8508635
5.7606316
5.6530352
5.5454388
5.4378424
5.3398762
5.2340631
5.1282492
5.0224361
4.9251938
6.9731112
6.9971066
7.0211010
7.0349674
7.0488329
7.0634613
7.0780897
7.0870495
7.0960097
7.1018362
7.1076627
7.1064644
7.1052666
7.0993404
7.0934143
7.0808997
7.0683851
7.0507979
7.0332108
7.0121841
6.9911580
6.9658103
6.9404621
6.9121099
6.8837576
6.8488946
6.8140316
6.7774839
6.7409372
6.6971369
6.6533365
6.6099453
6.5665531
6.5120401
6.4575276
6.4162045
6.3748817
6.3175106
6.2601404
6.2181606
6.1761808
6.1203065
6.0644321
6.0234523
5.9824729
5.9271131
5.8717537
5.8339558
5.7961578
5.7423816
5.6886053
5.6537199
5.6188345
5.6212683
5.6237016
5.6423969
5.6610928
5.7105083
5.7599235
5.8078365
5.8557491
5.8921437
5.9285383
5.9718609
6.0151825
6.0659103
6.1166382
6.1587563
6.2008743
6.2569113
6.3129478
6.3544521
6.3959565
6.4484153
6.5008740
6.5420961
6.5833187
6.6279993
6.6726794
6.7111607
6.7496424
6.7802057
6.8107681
6.8410339
6.8713002
6.8805361
6.8897715
6.9042573
6.9187431
6.9099116
6.9010806
6.8998899
6.8986998
6.8869791
6.8752594
6.8713360
6.8674130
6.8693576
6.8713017
6.8808384
6.8903747
6.8733582
6.8563418
6.8484497
6.8405576
6.7975254
6.7544937
6.7236538
6.6928144
6.6258502
6.5588861
6.5051174
6.4513493
6.3642220
6.2770944
6.2024517
6.1278090
6.0265265
5.9252439
5.8350115
5.7447791
5.6371827
5.5295863
5.4316206
5.3336549
5.2278414
5.1220279
5.0247860
4.9275441
6.8473201
6.8713155
6.8851814
6.8990469
6.9129128
6.9275413
6.9365005
6.9454613
6.9544210
6.9602480
6.9590502
6.9578514
6.9566536
6.9507275
6.9382133
6.9256983
6.9131842
6.8955965
6.8745704
6.8535438
6.8325176
6.8071699
6.7788172
6.7504649
6.7221127
6.6872497
6.6507025
6.6141553
6.5776081
6.5338082
6.4904160
6.4470243
6.4036322
6.3491192
6.3077970
6.2664738
6.2251511
6.1677799
6.1258006
6.0838208
6.0418410
5.9859667
5.9449873
5.9040070
5.8630276
5.8076677
5.7698703
5.7320724
5.6942744
5.6404982
5.6056128
5.5707273
5.5358419
5.5382757
5.5569711
5.5756664
5.5943623
5.6437778
5.6916904
5.7396035
5.7875161
5.8239107
5.8672328
5.9105549
5.9538765
6.0046043
6.0467224
6.0888405
6.1309586
6.1869955
6.2284994
6.2700043
6.3115082
6.3639669
6.4051895
6.4464116
6.4876342
6.5323148
6.5707965
6.6092777
6.6477594
6.6783223
6.7085881
6.7388539
6.7691202
6.7783561
6.7928419
6.8073273
6.8218136
6.8129816
6.8117914
6.8106012
6.8094106
6.7976904
6.7937675
6.7898440
6.7859211
6.7878656
6.7974024
6.8069382
6.8164749
6.7994585
6.7915659
6.7836742
6.7757821
6.7327499
6.7019100
6.6710711
6.6402311
6.5732670
6.5194988
6.4657307
6.4119625
6.3248348
6.2501917
6.1755495
6.1009064
5.9996243
5.9093914
5.8191595
5.7289267
5.6213303
5.5233650
5.4253988
5.3274336
5.2216196
5.1243782
5.0271358
4.9298944
6.7215290
6.7353950
6.7492609
6.7631264
6.7769923
6.7859526
6.7949123
6.8038726
6.8128328
6.8116350
6.8104372
6.8092389
6.8080411
6.7955265
6.7830119
6.7704973
6.7579827
6.7369566
6.7159300
6.6949034
6.6738772
6.6455250
6.6171722
6.5888200
6.5604677
6.5239205
6.4873734
6.4508262
6.4142790
6.3708868
6.3274951
6.2841034
6.2407112
6.1993885
6.1580658
6.1167426
6.0754199
6.0334401
5.9914608
5.9494810
5.9075012
5.8665218
5.8255420
5.7845621
5.7435827
5.7057848
5.6679869
5.6301889
5.5923910
5.5575056
5.5226202
5.4877348
5.4528494
5.4715452
5.4902406
5.5089359
5.5276318
5.5755444
5.6234574
5.6713705
5.7192831
5.7626047
5.8059268
5.8492489
5.8925705
5.9346886
5.9768066
6.0189252
6.0610433
6.1025476
6.1440516
6.1855559
6.2270603
6.2682829
6.3095050
6.3507271
6.3919497
6.4304314
6.4689131
6.5073943
6.5458760
6.5761423
6.6064081
6.6366739
6.6669402
6.6814260
6.6959119
6.7103977
6.7248836
6.7236929
6.7225027
6.7213125
6.7201219
6.7161989
6.7122755
6.7083521
6.7044291
6.7139654
6.7235022
6.7330384
6.7425747
6.7346826
6.7267904
6.7188988
6.7110066
6.6801672
6.6493273
6.6184878
6.5876484
6.5338802
6.4801121
6.4263434
6.3725753
6.2979326
6.2232895
6.1486468
6.0740042
5.9837718
5.8935394
5.8033071
5.7130747
5.6151090
5.5171432
5.4191775
5.3212118
5.2239699
5.1267281
5.0294862
4.9322443
6.5878248
6.6016912
6.6155567
6.6294222
6.6244369
6.6333971
6.6423569
6.6513171
6.6539660
6.6527681
6.6515703
6.6503720
6.6551332
6.6426187
6.6301041
6.6175895
6.6194124
6.5983863
6.5773597
6.5563331
6.5488839
6.5205317
6.4921789
6.4638267
6.4468737
6.4103265
6.3737793
6.3372321
6.3088045
6.2654123
6.2220201
6.1786289
6.1418295
6.1005068
6.0591841
6.0178614
5.9766150
5.9346352
5.8926558
5.8506761
5.8104172
5.7694378
5.7284584
5.6874781
5.6497979
5.6120000
5.5742021
5.5364041
5.5106225
5.4757371
5.4408517
5.4059663
5.4102445
5.4289403
5.4476357
5.4663310
5.5120630
5.5599756
5.6078887
5.6558018
5.6879663
5.7312880
5.7746100
5.8179321
5.8405313
5.8826494
5.9247675
5.9668860
5.9971786
6.0386829
6.0801868
6.1216912
6.1485872
6.1898098
6.2310314
6.2722540
6.3021832
6.3406649
6.3791466
6.4176278
6.4492345
6.4795008
6.5097666
6.5400324
6.5684371
6.5829229
6.5974088
6.6118946
6.6295009
6.6283102
6.6271200
6.6259298
6.6280260
6.6241031
6.6201797
6.6162562
6.6236019
6.6331382
6.6426749
6.6522112
6.6616068
6.6537147
6.6458225
6.6379309
6.6259575
6.5951176
6.5642776
6.5334387
6.5080328
6.4542646
6.4004965
6.3467283
6.3044090
6.2297664
6.1551232
6.0804806
6.0213399
5.9311075
5.8408751
5.7506428
5.6776123
5.5796466
5.4816809
5.3837152
5.3022127
5.2049704
5.1077290
5.0104866
4.9271369
6.4541211
6.4679871
6.4818530
6.4768677
6.4718819
6.4808416
6.4898014
6.4924507
6.4950991
6.4939013
6.4927034
6.4974642
6.5022249
6.4897108
6.4771957
6.4790192
6.4808416
6.4598160
6.4387894
6.4313397
6.4238906
6.3955383
6.3671856
6.3502326
6.3332796
6.2967324
6.2601852
6.2317576
6.2033296
6.1599374
6.1165457
6.0797467
6.0429482
6.0016255
5.9603028
5.9190569
5.8778105
5.8358307
5.7938509
5.7535920
5.7133336
5.6723542
5.6313744
5.5936937
5.5560131
5.5182152
5.4804173
5.4546356
5.4288540
5.3939686
5.3590832
5.3633614
5.3676395
5.3863354
5.4050307
5.4507627
5.4964943
5.5444069
5.5923200
5.6244850
5.6566496
5.6999712
5.7432933
5.7658930
5.7884922
5.8306103
5.8727283
5.9030218
5.9333143
5.9748182
6.0163221
6.0432181
6.0701137
6.1113362
6.1525583
6.1824875
6.2124166
6.2508984
6.2893801
6.3209867
6.3525934
6.3828592
6.4131250
6.4415298
6.4699340
6.4844198
6.4989057
6.5165119
6.5341182
6.5329275
6.5317373
6.5338335
6.5359302
6.5320072
6.5280838
6.5354290
6.5427747
6.5523109
6.5618477
6.5712433
6.5806389
6.5727463
6.5648546
6.5528812
6.5409079
6.5100684
6.4792285
6.4538231
6.4284177
6.3746495
6.3208814
6.2785616
6.2362423
6.1616001
6.0869570
6.0278163
5.9686756
5.8784432
5.7882109
5.7151804
5.6421499
5.5441842
5.4462185
5.3647161
5.2832131
5.1859713
5.0887294
5.0053797
4.9220295
6.3204174
6.3342829
6.3292975
6.3243122
6.3193264
6.3282866
6.3309345
6.3335834
6.3362317
6.3350339
6.3397946
6.3445559
6.3493171
6.3368025
6.3386254
6.3404484
6.3422713
6.3212452
6.3137960
6.3063464
6.2988973
6.2705450
6.2535915
6.2366385
6.2196856
6.1831384
6.1547108
6.1262827
6.0978546
6.0544624
6.0176640
5.9808655
5.9440670
5.9027443
5.8614979
5.8202519
5.7790055
5.7370257
5.6967669
5.6565084
5.6162500
5.5752707
5.5375896
5.4999089
5.4622283
5.4244304
5.3986487
5.3728671
5.3470855
5.3122001
5.3164783
5.3207564
5.3250346
5.3437304
5.3894620
5.4351940
5.4809256
5.5288382
5.5610032
5.5931683
5.6253328
5.6686544
5.6912541
5.7138538
5.7364531
5.7785711
5.8088641
5.8391571
5.8694496
5.9109540
5.9378490
5.9647446
5.9916401
6.0328627
6.0627918
6.0927205
6.1226497
6.1611314
6.1927385
6.2243452
6.2559519
6.2862182
6.3146219
6.3430266
6.3714309
6.3859167
6.4035230
6.4211292
6.4387355
6.4375448
6.4396415
6.4417377
6.4438343
6.4399114
6.4472566
6.4546018
6.4619474
6.4714837
6.4808793
6.4902749
6.4996705
6.4917784
6.4798050
6.4678316
6.4558582
6.4250193
6.3996134
6.3742075
6.3488026
6.2950344
6.2527146
6.2103953
6.1680760
6.0934334
6.0342927
5.9751520
5.9160113
5.8257790
5.7527485
5.6797180
5.6066875
5.5087218
5.4272194
5.3457165
5.2642136
5.1669722
5.0836220
5.0002723
4.9169221
6.1867132
6.1817274
6.1767421
6.1717567
6.1667709
6.1694193
6.1720676
6.1747165
6.1773648
6.1821260
6.1868868
6.1916480
6.1964092
6.1982322
6.2000551
6.2018781
6.2037010
6.1962519
6.1888027
6.1813531
6.1739039
6.1569510
6.1399975
6.1230445
6.1060915
6.0776634
6.0492358
6.0208082
5.9923801
5.9555817
5.9187827
5.8819838
5.8451853
5.8039389
5.7626929
5.7214470
5.6802006
5.6399422
5.5996833
5.5594244
5.5191660
5.4814854
5.4438047
5.4061241
5.3684435
5.3426619
5.3168802
5.2910986
5.2653170
5.2695951
5.2738733
5.2781515
5.2824297
5.3281612
5.3738933
5.4196253
5.4653568
5.4975214
5.5296865
5.5618515
5.5940161
5.6166153
5.6392150
5.6618147
5.6844139
5.7147064
5.7449994
5.7752924
5.8055849
5.8324804
5.8593760
5.8862715
5.9131670
5.9430962
5.9730253
6.0029540
6.0328832
6.0644898
6.0960970
6.1277037
6.1593103
6.1877146
6.2161188
6.2445235
6.2729278
6.2905340
6.3081403
6.3257465
6.3433528
6.3454494
6.3475456
6.3496418
6.3517385
6.3590841
6.3664293
6.3737745
6.3811202
6.3905158
6.3999114
6.4093070
6.4187026
6.4067292
6.3947558
6.3827825
6.3708091
6.3454037
6.3199978
6.2945924
6.2691870
6.2268677
6.1845484
6.1422291
6.0999098
6.0407691
5.9816284
5.9224877
5.8633471
5.7903166
5.7172861
5.6442556
5.5712252
5.4897223
5.4082198
5.3267174
5.2452145
5.1618643
5.0785146
4.9951649
4.9118147
6.1093392
6.1043534
6.0993681
6.0943828
6.0656199
6.0682683
6.0709167
6.0735655
6.0558205
6.0605817
6.0653424
6.0701036
6.0589046
6.0607276
6.0625505
6.0643735
6.0579391
6.0504899
6.0430408
6.0355911
6.0315771
6.0146241
5.9976707
5.9807177
5.9716301
5.9432020
5.9147744
5.8863468
5.8738923
5.8370938
5.8002949
5.7634959
5.7451649
5.7039185
5.6626720
5.6214266
5.6011095
5.5608511
5.5205917
5.4803333
5.4611316
5.4234509
5.3857703
5.3480897
5.3316669
5.3058853
5.2801037
5.2543221
5.2472320
5.2515101
5.2557883
5.2600665
5.2759438
5.3216753
5.3674068
5.4131393
5.4471502
5.4793148
5.5114799
5.5436449
5.5621223
5.5847216
5.6073213
5.6299210
5.6364994
5.6667919
5.6970849
5.7273779
5.7424479
5.7693434
5.7962389
5.8231344
5.8365202
5.8664494
5.8963785
5.9263072
5.9461212
5.9777279
6.0093350
6.0409417
6.0662866
6.0946908
6.1230950
6.1514997
6.1779089
6.1955147
6.2131214
6.2307272
6.2593880
6.2614841
6.2635803
6.2656765
6.2680182
6.2753639
6.2827091
6.2900543
6.3030252
6.3124208
6.3218164
6.3312120
6.3399262
6.3279529
6.3159795
6.3040061
6.3034272
6.2780218
6.2526159
6.2272105
6.2121339
6.1698146
6.1274953
6.0851760
6.0545554
5.9954147
5.9362741
5.8771334
5.8301592
5.7571287
5.6840982
5.6110678
5.5498867
5.4683838
5.3868814
5.3053789
5.2349081
5.1515579
5.0682087
4.9848585
4.9113159
6.0319653
6.0269794
6.0219946
5.9932318
5.9644690
5.9671173
5.9697657
5.9520206
5.9342756
5.9390373
5.9437981
5.9325991
5.9214001
5.9232230
5.9250460
5.9186115
5.9121771
5.9047279
5.8972788
5.8932643
5.8892503
5.8722973
5.8553438
5.8462563
5.8371687
5.8087406
5.7803125
5.7678585
5.7554045
5.7186060
5.6818075
5.6634755
5.6451440
5.6038976
5.5626516
5.5423350
5.5220180
5.4817595
5.4415007
5.4222989
5.4030972
5.3654165
5.3277359
5.3113132
5.2948909
5.2691092
5.2433276
5.2362375
5.2291470
5.2334251
5.2377033
5.2535806
5.2694573
5.3151889
5.3609209
5.3949323
5.4289436
5.4611082
5.4932733
5.5117512
5.5302286
5.5528278
5.5754271
5.5820055
5.5885849
5.6188774
5.6491699
5.6642404
5.6793108
5.7062063
5.7331018
5.7464876
5.7598734
5.7898026
5.8197317
5.8395452
5.8593588
5.8909655
5.9225731
5.9479179
5.9732628
6.0016670
6.0300713
6.0564804
6.0828896
6.1004958
6.1181021
6.1467624
6.1754227
6.1775193
6.1796155
6.1819572
6.1842985
6.1916437
6.1989889
6.2119598
6.2249308
6.2343264
6.2437220
6.2524357
6.2611499
6.2491765
6.2372031
6.2366247
6.2360458
6.2106400
6.1852341
6.1701574
6.1550808
6.1127615
6.0704422
6.0398216
6.0092010
5.9500608
5.8909197
5.8439460
5.7969718
5.7239413
5.6509109
5.5897293
5.5285482
5.4470453
5.3655429
5.2950726
5.2246022
5.1412520
5.0579023
4.9843597
4.9108171
5.9545918
5.9496059
5.9208436
5.8920808
5.8633184
5.8659668
5.8482213
5.8304763
5.8127313
5.8174925
5.8062935
5.7950945
5.7838955
5.7857184
5.7792840
5.7728496
5.7664151
5.7589660
5.7549520
5.7509375
5.7469234
5.7299705
5.7208824
5.7117949
5.7027068
5.6742787
5.6618252
5.6493711
5.6369171
5.6001186
5.5817862
5.5634546
5.5451231
5.5038767
5.4835606
5.4632435
5.4429264
5.4026680
5.3834662
5.3642645
5.3450627
5.3073821
5.2909594
5.2745371
5.2581148
5.2323332
5.2252431
5.2181525
5.2110624
5.2153406
5.2312174
5.2470942
5.2629709
5.3087025
5.3427143
5.3767257
5.4107370
5.4429016
5.4613791
5.4798570
5.4983344
5.5209336
5.5275126
5.5340910
5.5406699
5.5709624
5.5860329
5.6011033
5.6161737
5.6430693
5.6564550
5.6698403
5.6832261
5.7131553
5.7329688
5.7527828
5.7725968
5.8042035
5.8295484
5.8548937
5.8802385
5.9086428
5.9350519
5.9614611
5.9878702
6.0054770
6.0341368
6.0627975
6.0914574
6.0935545
6.0958958
6.0982370
6.1005783
6.1079240
6.1208944
6.1338654
6.1468363
6.1562319
6.1649456
6.1736593
6.1823735
6.1704001
6.1698217
6.1692429
6.1686640
6.1432586
6.1281819
6.1131048
6.0980282
6.0557089
6.0250883
5.9944677
5.9638472
5.9047065
5.8577328
5.8107586
5.7637844
5.6907539
5.6295724
5.5683908
5.5072098
5.4257069
5.3552370
5.2847662
5.2142963
5.1309462
5.0574036
4.9838610
4.9103184
5.8772178
5.8484554
5.8196926
5.7909298
5.7621675
5.7444224
5.7266769
5.7089319
5.6911869
5.6799879
5.6687889
5.6575899
5.6463909
5.6399565
5.6335220
5.6270876
5.6206532
5.6166391
5.6126251
5.6086106
5.6045966
5.5955086
5.5864210
5.5773335
5.5682454
5.5557914
5.5433373
5.5308833
5.5184293
5.5000978
5.4817657
5.4634342
5.4451027
5.4247856
5.4044690
5.3841524
5.3638353
5.3446336
5.3254318
5.3062301
5.2870283
5.2706060
5.2541833
5.2377605
5.2213383
5.2142482
5.2071581
5.2000675
5.1929774
5.2088542
5.2247314
5.2406082
5.2564850
5.2904963
5.3245077
5.3585191
5.3925304
5.4110079
5.4294853
5.4479632
5.4664407
5.4730196
5.4795980
5.4861765
5.4927554
5.5078259
5.5228958
5.5379663
5.5530367
5.5664225
5.5798082
5.5931935
5.6065793
5.6263933
5.6462069
5.6660209
5.6858349
5.7111797
5.7365246
5.7618699
5.7872148
5.8136239
5.8400331
5.8664422
5.8928514
5.9215117
5.9501719
5.9788322
6.0074925
6.0098338
6.0121756
6.0145168
6.0168581
6.0298290
6.0427999
6.0557704
6.0687413
6.0774555
6.0861692
6.0948830
6.1035972
6.1030183
6.1024399
6.1018610
6.1012821
6.0862055
6.0711288
6.0560517
6.0409751
6.0103545
5.9797339
5.9491134
5.9184928
5.8715186
5.8245449
5.7775707
5.7305965
5.6694155
5.6082339
5.5470524
5.4858713
5.4154010
5.3449306
5.2744603
5.2039900
5.1304474
5.0569048
4.9833622
4.9098196
5.8192282
5.7904658
5.7617030
5.7329402
5.6981573
5.6804123
5.6626673
5.6449223
5.6128311
5.6016321
5.5904331
5.5792341
5.5542860
5.5478516
5.5414171
5.5349827
5.5156512
5.5116372
5.5076232
5.5036087
5.4892492
5.4801612
5.4710736
5.4619861
5.4535441
5.4410901
5.4286361
5.4161820
5.4067016
5.3883700
5.3700380
5.3517065
5.3455191
5.3252020
5.3048859
5.2845688
5.2786736
5.2594719
5.2402701
5.2210684
5.2176352
5.2012129
5.1847901
5.1683674
5.1756063
5.1685162
5.1614261
5.1543355
5.1782880
5.1941648
5.2100420
5.2259188
5.2497253
5.2837367
5.3177481
5.3517594
5.3705411
5.3890185
5.4074960
5.4259739
5.4286871
5.4352660
5.4418445
5.4484229
5.4389334
5.4540038
5.4690738
5.4841442
5.4864721
5.4998579
5.5132437
5.5266290
5.5288630
5.5486774
5.5684910
5.5883045
5.6002865
5.6256313
5.6509762
5.6763215
5.6971531
5.7235622
5.7499714
5.7763805
5.8143778
5.8430381
5.8716984
5.9003587
5.9185262
5.9208674
5.9232092
5.9255505
5.9401197
5.9530907
5.9660616
5.9790320
5.9924655
6.0011797
6.0098934
6.0186071
6.0310731
6.0304942
6.0299158
6.0293369
6.0348730
6.0197964
6.0047197
5.9896426
5.9817948
5.9511743
5.9205537
5.8899331
5.8595662
5.8125920
5.7656183
5.7186441
5.6810045
5.6198235
5.5586419
5.4974604
5.4532104
5.3827400
5.3122697
5.2417994
5.1871901
5.1136475
5.0401049
4.9665623
4.9062300
5.7612386
5.7324762
5.7037134
5.6689305
5.6341476
5.6164026
5.5986571
5.5665665
5.5344753
5.5232763
5.5120773
5.4871292
5.4621811
5.4557467
5.4493122
5.4299812
5.4106493
5.4066353
5.4026213
5.3882618
5.3739023
5.3648138
5.3557262
5.3472853
5.3388433
5.3263893
5.3139353
5.3044543
5.2949739
5.2766423
5.2583103
5.2521234
5.2459359
5.2256188
5.2053022
5.1994071
5.1935120
5.1743102
5.1551085
5.1516752
5.1482420
5.1318197
5.1153970
5.1226358
5.1298742
5.1227841
5.1156940
5.1396465
5.1635990
5.1794758
5.1953526
5.2191591
5.2429657
5.2769771
5.3109884
5.3297701
5.3485518
5.3670292
5.3855066
5.3882208
5.3909340
5.3975124
5.4040909
5.3946009
5.3851109
5.4001818
5.4152517
5.4175797
5.4199076
5.4332933
5.4466791
5.4489131
5.4511471
5.4709611
5.4907746
5.5027566
5.5147381
5.5400829
5.5654278
5.5862598
5.6070914
5.6335006
5.6599097
5.6979074
5.7359047
5.7645645
5.7932253
5.8113923
5.8295598
5.8319011
5.8342428
5.8488121
5.8633814
5.8763523
5.8893232
5.9027567
5.9161897
5.9249039
5.9336176
5.9460831
5.9585490
5.9579701
5.9573917
5.9629278
5.9684639
5.9533873
5.9383106
5.9304628
5.9226151
5.8919945
5.8613739
5.8310070
5.8006401
5.7536659
5.7066917
5.6690521
5.6314125
5.5702314
5.5090504
5.4647999
5.4205494
5.3500791
5.2796087
5.2249990
5.1703897
5.0968471
5.0233045
4.9629722
4.9026399
5.7032490
5.6744866
5.6397038
5.6049204
5.5701380
5.5523930
5.5203018
5.4882107
5.4561200
5.4449210
5.4199729
5.3950248
5.3700767
5.3636422
5.3443108
5.3249793
5.3056479
5.3016338
5.2872739
5.2729144
5.2585549
5.2494669
5.2410254
5.2325840
5.2241421
5.2116880
5.2022076
5.1927266
5.1832461
5.1649146
5.1587276
5.1525402
5.1463528
5.1260357
5.1201406
5.1142454
5.1083503
5.0891485
5.0857153
5.0822821
5.0788488
5.0624266
5.0696650
5.0769038
5.0841422
5.0770521
5.1010046
5.1249571
5.1489096
5.1647863
5.1885929
5.2123995
5.2362061
5.2702174
5.2889991
5.3077812
5.3265629
5.3450403
5.3477540
5.3504672
5.3531804
5.3597593
5.3502688
5.3407788
5.3312888
5.3463593
5.3486872
5.3510151
5.3533430
5.3667288
5.3689623
5.3711967
5.3734312
5.3932447
5.4052267
5.4172082
5.4291897
5.4545345
5.4753661
5.4961982
5.5170298
5.5434389
5.5814366
5.6194339
5.6574311
5.6860914
5.7042589
5.7224259
5.7405934
5.7429347
5.7575045
5.7720737
5.7866435
5.7996144
5.8130474
5.8264809
5.8399138
5.8486280
5.8610935
5.8735590
5.8860250
5.8854461
5.8909826
5.8965187
5.9020553
5.8869786
5.8791304
5.8712826
5.8634348
5.8328142
5.8024473
5.7720804
5.7417135
5.6947393
5.6570997
5.6194606
5.5818210
5.5206399
5.4763894
5.4321389
5.3878884
5.3174181
5.2628088
5.2081985
5.1535892
5.0800467
5.0197144
4.9593821
4.8990498
5.6452594
5.6104765
5.5756936
5.5409107
5.5061278
5.4740372
5.4419460
5.4098549
5.3777642
5.3528161
5.3278680
5.3029199
5.2779717
5.2586403
5.2393088
5.2199774
5.2006459
5.1862864
5.1719265
5.1575670
5.1432076
5.1347656
5.1263242
5.1178827
5.1094408
5.0999603
5.0904799
5.0809989
5.0715184
5.0653310
5.0591440
5.0529566
5.0467691
5.0408740
5.0349789
5.0290837
5.0231886
5.0197554
5.0163221
5.0128889
5.0094557
5.0166941
5.0239329
5.0311718
5.0384102
5.0623627
5.0863152
5.1102676
5.1342201
5.1580267
5.1818333
5.2056398
5.2294464
5.2482281
5.2670097
5.2857919
5.3045735
5.3072867
5.3100004
5.3127136
5.3154268
5.3059368
5.2964468
5.2869568
5.2774668
5.2797947
5.2821226
5.2844505
5.2867785
5.2890124
5.2912464
5.2934809
5.2957149
5.3076963
5.3196783
5.3316598
5.3436413
5.3644729
5.3853045
5.4061365
5.4269681
5.4649653
5.5029631
5.5409603
5.5789576
5.5971251
5.6152925
5.6334596
5.6516271
5.6661968
5.6807661
5.6953354
5.7099051
5.7233381
5.7367716
5.7502050
5.7636380
5.7761040
5.7885695
5.8010349
5.8135009
5.8190374
5.8245735
5.8301096
5.8356462
5.8277984
5.8199501
5.8121023
5.8042545
5.7738876
5.7435207
5.7131538
5.6827869
5.6451473
5.6075077
5.5698686
5.5322289
5.4879785
5.4437284
5.3994780
5.3552275
5.3006182
5.2460084
5.1913986
5.1367893
5.0764570
5.0161247
4.9557924
4.8954601
5.5881953
5.5534124
5.5186296
5.4838467
5.4435916
5.4115009
5.3794098
5.3473186
5.3205104
5.2955623
5.2706141
5.2456660
5.2120199
5.1926885
5.1733570
5.1540256
5.1265736
5.1122141
5.0978541
5.0834947
5.0621376
5.0536957
5.0452542
5.0368128
5.0218058
5.0123253
5.0028448
4.9933639
4.9877329
4.9815454
4.9753590
4.9691715
4.9665689
4.9606738
4.9547787
4.9488835
4.9520760
4.9486427
4.9452095
4.9417763
4.9611225
4.9683609
4.9756002
4.9828386
5.0126820
5.0366344
5.0605869
5.0845394
5.1234579
5.1472645
5.1710711
5.1948776
5.2178564
5.2366381
5.2554197
5.2742019
5.2707925
5.2735057
5.2762194
5.2789326
5.2665091
5.2570190
5.2475290
5.2380390
5.2144871
5.2168150
5.2191429
5.2214708
5.2148018
5.2170362
5.2192698
5.2215042
5.2156949
5.2276764
5.2396584
5.2516398
5.2585115
5.2793436
5.3001747
5.3210068
5.3551817
5.3931789
5.4311767
5.4691739
5.4917498
5.5099173
5.5280848
5.5462513
5.5685267
5.5830965
5.5976658
5.6122351
5.6315088
5.6449418
5.6583753
5.6718087
5.6891952
5.7016611
5.7141266
5.7265921
5.7317061
5.7372427
5.7427788
5.7483149
5.7553406
5.7474928
5.7396445
5.7317967
5.7328577
5.7024908
5.6721239
5.6417570
5.6342263
5.5965867
5.5589471
5.5213079
5.5017180
5.4574676
5.4132175
5.3689671
5.3364201
5.2818108
5.2272005
5.1725912
5.1289091
5.0685768
5.0082445
4.9479122
4.8969297
5.5311313
5.4963484
5.4615655
5.4213104
5.3810549
5.3489647
5.3168736
5.2900648
5.2632565
5.2383084
5.2133603
5.1797142
5.1460676
5.1267366
5.1074047
5.0799532
5.0525007
5.0381413
5.0237818
5.0024247
4.9810677
4.9726257
4.9641843
4.9491777
4.9341707
4.9246902
4.9152098
4.9095788
4.9039478
4.8977604
4.8915734
4.8889713
4.8863688
4.8804741
4.8745785
4.8777709
4.8809628
4.8775296
4.8740964
4.8934431
4.9127898
4.9200282
4.9272671
4.9571109
4.9869542
5.0109067
5.0348592
5.0737772
5.1126957
5.1365023
5.1603088
5.1832876
5.2062664
5.2250481
5.2438297
5.2404213
5.2370119
5.2397251
5.2424383
5.2300148
5.2175913
5.2081013
5.1986113
5.1750598
5.1515079
5.1538358
5.1561637
5.1494946
5.1428256
5.1450596
5.1472936
5.1414843
5.1356745
5.1476564
5.1596384
5.1665101
5.1733823
5.1942139
5.2150455
5.2492204
5.2833953
5.3213925
5.3593903
5.3819656
5.4045415
5.4227090
5.4408765
5.4631515
5.4854264
5.4999962
5.5145655
5.5338392
5.5531125
5.5665455
5.5799789
5.5973654
5.6147528
5.6272182
5.6396837
5.6447978
5.6499114
5.6554480
5.6609840
5.6680098
5.6750350
5.6671872
5.6593390
5.6603999
5.6614604
5.6310935
5.6007266
5.5931959
5.5856657
5.5480261
5.5103865
5.4907970
5.4712067
5.4269562
5.3827066
5.3501592
5.3176122
5.2630029
5.2083931
5.1647110
5.1210289
5.0606966
5.0003643
4.9493818
4.8983994
5.4740672
5.4392843
5.3990288
5.3587737
5.3185186
5.2864280
5.2596197
5.2328110
5.2060027
5.1810546
5.1474080
5.1137619
5.0801158
5.0607843
5.0333323
5.0058804
4.9784284
4.9640689
4.9427118
4.9213548
4.8999977
4.8915558
4.8765497
4.8615427
4.8465362
4.8370557
4.8314247
4.8257933
4.8201628
4.8139753
4.8113732
4.8087711
4.8061690
4.8002739
4.8034658
4.8066578
4.8098497
4.8064165
4.8257637
4.8451099
4.8644571
4.8716955
4.9015388
4.9313831
4.9612265
4.9851789
5.0240965
5.0630150
5.1019330
5.1257396
5.1487188
5.1716976
5.1946769
5.2134585
5.2100496
5.2066402
5.2032309
5.2059441
5.1935205
5.1810970
5.1686735
5.1591835
5.1356316
5.1120806
5.0885286
5.0908566
5.0841875
5.0775185
5.0708494
5.0730829
5.0672736
5.0614643
5.0556545
5.0676360
5.0745087
5.0813808
5.0882530
5.1090841
5.1432595
5.1774340
5.2116089
5.2496061
5.2721815
5.2947578
5.3173332
5.3355007
5.3577757
5.3800511
5.4023261
5.4168959
5.4361691
5.4554429
5.4747162
5.4881492
5.5055361
5.5229230
5.5403099
5.5527759
5.5578890
5.5630031
5.5681167
5.5736532
5.5806785
5.5877042
5.5947294
5.5868816
5.5879421
5.5890026
5.5900631
5.5596962
5.5521655
5.5446353
5.5371046
5.4994650
5.4798756
5.4602857
5.4406958
5.3964453
5.3638983
5.3313513
5.2988043
5.2441950
5.2005129
5.1568308
5.1131487
5.0528164
5.0018339
4.9508514
4.8998690
5.4170032
5.3767481
5.3364925
5.2962375
5.2559824
5.2291741
5.2023659
5.1755571
5.1487489
5.1151028
5.0814562
5.0478101
5.0141640
4.9867120
4.9592600
4.9318080
4.9043560
4.8829989
4.8616419
4.8402848
4.8189278
4.8039212
4.7889147
4.7739077
4.7589011
4.7532701
4.7476392
4.7420082
4.7363772
4.7337751
4.7311730
4.7285709
4.7259688
4.7291608
4.7323532
4.7355452
4.7387371
4.7580838
4.7774305
4.7967772
4.8161240
4.8459673
4.8758111
4.9056549
4.9354982
4.9744163
5.0133343
5.0522528
5.0911708
5.1141500
5.1371288
5.1601076
5.1830869
5.1796775
5.1762686
5.1728592
5.1694498
5.1570263
5.1446028
5.1321793
5.1197557
5.0962038
5.0726523
5.0491009
5.0255489
5.0188799
5.0122108
5.0055418
4.9988728
4.9930630
4.9872537
4.9814444
4.9756346
4.9825068
4.9893789
4.9962511
5.0031233
5.0372982
5.0714731
5.1056476
5.1398225
5.1623983
5.1849737
5.2075496
5.2301254
5.2524004
5.2746754
5.2969508
5.3192258
5.3384991
5.3577728
5.3770466
5.3963199
5.4137068
5.4310932
5.4484801
5.4658670
5.4709806
5.4760942
5.4812083
5.4863219
5.4933472
5.5003729
5.5073986
5.5144238
5.5154843
5.5165453
5.5176058
5.5186663
5.5111356
5.5036049
5.4960747
5.4885440
5.4689541
5.4493647
5.4297748
5.4101849
5.3776379
5.3450909
5.3125439
5.2799969
5.2363148
5.1926327
5.1489506
5.1052685
5.0542860
5.0033035
4.9523211
4.9013386
5.3738780
5.3336229
5.2933674
5.2531123
5.2135262
5.1867180
5.1599097
5.1331010
5.0952373
5.0615911
5.0279446
4.9942985
4.9610305
4.9335785
4.9061265
4.8786745
4.8445091
4.8231521
4.8017950
4.7804379
4.7542324
4.7392259
4.7242193
4.7092123
4.6914845
4.6858530
4.6802225
4.6745911
4.6655045
4.6629028
4.6603003
4.6576986
4.6619525
4.6651444
4.6683369
4.6715288
4.6865406
4.7058868
4.7252340
4.7445803
4.7727165
4.8025599
4.8324041
4.8622475
4.9049830
4.9439011
4.9828191
5.0217376
5.0683413
5.0913205
5.1142993
5.1372781
5.1457577
5.1423483
5.1389399
5.1355305
5.1107702
5.0983467
5.0859232
5.0734997
5.0473423
5.0237904
5.0002394
4.9766874
4.9525228
4.9458537
4.9391847
4.9325156
4.9212375
4.9154277
4.9096184
4.9038091
4.8936090
4.9004812
4.9073534
4.9142256
4.9190192
4.9531941
4.9873691
5.0215435
5.0559688
5.0785446
5.1011200
5.1236959
5.1491122
5.1713872
5.1936622
5.2159376
5.2392163
5.2584896
5.2777634
5.2970371
5.3145108
5.3318977
5.3492842
5.3666711
5.3896518
5.3947654
5.3998790
5.4049931
5.4207735
5.4277987
5.4348245
5.4418502
5.4558215
5.4568820
5.4579430
5.4590034
5.4694510
5.4619203
5.4543896
5.4468594
5.4471769
5.4275870
5.4079976
5.3884077
5.3729744
5.3404274
5.3078804
5.2753334
5.2558579
5.2121758
5.1684937
5.1248116
5.0951681
5.0441856
4.9932032
4.9422207
4.9027586
5.3307528
5.2904978
5.2502422
5.2106562
5.1710701
5.1442623
5.1174536
5.0795898
5.0417261
5.0080795
4.9744329
4.9411650
4.9078970
4.8804455
4.8529930
4.8188276
4.7846622
4.7633047
4.7419481
4.7157421
4.6895370
4.6745300
4.6595240
4.6417956
4.6240673
4.6184363
4.6128054
4.6037188
4.5946321
4.5920300
4.5894279
4.5936823
4.5979357
4.6011276
4.6043205
4.6193318
4.6343436
4.6536903
4.6730371
4.7011733
4.7293096
4.7591529
4.7889967
4.8317323
4.8744678
4.9133859
4.9523039
4.9989080
5.0455117
5.0684910
5.0914698
5.0999494
5.1084290
5.1050196
5.1016107
5.0768504
5.0520902
5.0396667
5.0272431
5.0010862
4.9749293
4.9513774
4.9278259
4.9036613
4.8794966
4.8728275
4.8661585
4.8548803
4.8436022
4.8377924
4.8319831
4.8217831
4.8115830
4.8184552
4.8253274
4.8301210
4.8349152
4.8690901
4.9032650
4.9376898
4.9721146
4.9946909
5.0172663
5.0426826
5.0680990
5.0903740
5.1126490
5.1359282
5.1592064
5.1784801
5.1977539
5.2152271
5.2327013
5.2500887
5.2674751
5.2904558
5.3134365
5.3185501
5.3236637
5.3394442
5.3552256
5.3622503
5.3692760
5.3832483
5.3972197
5.3982801
5.3993406
5.4097881
5.4202356
5.4127054
5.4051743
5.4054923
5.4058099
5.3862200
5.3666306
5.3511972
5.3357644
5.3032174
5.2706704
5.2511950
5.2317190
5.1880369
5.1443548
5.1147113
5.0850682
5.0340858
4.9831033
4.9436407
4.9041786
5.2876277
5.2473726
5.2077866
5.1682005
5.1286144
5.1018062
5.0639420
5.0260782
4.9882145
4.9545684
4.9213004
4.8880320
4.8547640
4.8273120
4.7931461
4.7589808
4.7248149
4.7034578
4.6772523
4.6510468
4.6248412
4.6098347
4.5921068
4.5743790
4.5566502
4.5510197
4.5419331
4.5328465
4.5237598
4.5211573
4.5254116
4.5296655
4.5339193
4.5371113
4.5521231
4.5671349
4.5821466
4.6014938
4.6296301
4.6577663
4.6859026
4.7157459
4.7584815
4.8012171
4.8439527
4.8828707
4.9294744
4.9760785
5.0226822
5.0456614
5.0541410
5.0626202
5.0711002
5.0676908
5.0429306
5.0181704
4.9934101
4.9809866
4.9548302
4.9286728
4.9025164
4.8789644
4.8547997
4.8306351
4.8064704
4.7998013
4.7885232
4.7772450
4.7659669
4.7601571
4.7499571
4.7397575
4.7295570
4.7364292
4.7412229
4.7460170
4.7508106
4.7849855
4.8194103
4.8538356
4.8882608
4.9108367
4.9362531
4.9616694
4.9870858
5.0093608
5.0326395
5.0559182
5.0791969
5.0984702
5.1159444
5.1334181
5.1508923
5.1682792
5.1912599
5.2142401
5.2372208
5.2423344
5.2581153
5.2738962
5.2896771
5.2967024
5.3106742
5.3246460
5.3386173
5.3396778
5.3501253
5.3605733
5.3710208
5.3634901
5.3638077
5.3641253
5.3644428
5.3448529
5.3294201
5.3139868
5.2985544
5.2660074
5.2465310
5.2270555
5.2075796
5.1638975
5.1342545
5.1046114
5.0749683
5.0239859
4.9845228
4.9450607
4.9055982
5.2445025
5.2049165
5.1653304
5.1257443
5.0861583
5.0482945
5.0104303
4.9725666
4.9347029
4.9014349
4.8681669
4.8348985
4.8016305
4.7674646
4.7332993
4.6991339
4.6649680
4.6387625
4.6125569
4.5863514
4.5601459
4.5424175
4.5246897
4.5069618
4.4892335
4.4801469
4.4710603
4.4619737
4.4528871
4.4571409
4.4613953
4.4656491
4.4699030
4.4849148
4.4999266
4.5149384
4.5299501
4.5580864
4.5862226
4.6143589
4.6424952
4.6852307
4.7279663
4.7707019
4.8134375
4.8600411
4.9066448
4.9532490
4.9998527
5.0083323
5.0168118
5.0252914
5.0337710
5.0090108
4.9842510
4.9594908
4.9347305
4.9085736
4.8824167
4.8562598
4.8301029
4.8059382
4.7817736
4.7576089
4.7334442
4.7221661
4.7108879
4.6996098
4.6883316
4.6781316
4.6679316
4.6577315
4.6475315
4.6523252
4.6571188
4.6619129
4.6667066
4.7011318
4.7355566
4.7699819
4.8044071
4.8298235
4.8552399
4.8806562
4.9060726
4.9293513
4.9526300
4.9759088
4.9991875
5.0166616
5.0341353
5.0516090
5.0690832
5.0920639
5.1150446
5.1380248
5.1610055
5.1767864
5.1925669
5.2083478
5.2241287
5.2381001
5.2520719
5.2660437
5.2800150
5.2904625
5.3009100
5.3113580
5.3218055
5.3221231
5.3224406
5.3227582
5.3230758
5.3076429
5.2922096
5.2767768
5.2613440
5.2418680
5.2223921
5.2029166
5.1834407
5.1537976
5.1241541
5.0945110
5.0648680
5.0254054
4.9859428
4.9464808
4.9070182
5.1940084
5.1544223
5.1148362
5.0752501
5.0359945
4.9981308
4.9602666
4.9224029
4.8858624
4.8525944
4.8193264
4.7860579
4.7507033
4.7165375
4.6823721
4.6482067
4.6146059
4.5884004
4.5621948
4.5359893
4.5027690
4.4850407
4.4673128
4.4495850
4.4257984
4.4167118
4.4076252
4.3985386
4.3915410
4.3957949
4.4000492
4.4043031
4.4079990
4.4230108
4.4380226
4.4530344
4.4744940
4.5026302
4.5307665
4.5589027
4.5927658
4.6355009
4.6782370
4.7209721
4.7668505
4.8134542
4.8600578
4.9066620
4.9549103
4.9633899
4.9718695
4.9803491
4.9678841
4.9431238
4.9183640
4.8936038
4.8572340
4.8310771
4.8049202
4.7787633
4.7380323
4.7138677
4.6897030
4.6655383
4.6361837
4.6249056
4.6136274
4.6023493
4.5887337
4.5785341
4.5683336
4.5581341
4.5660534
4.5708470
4.5756407
4.5804348
4.6026978
4.6371231
4.6715479
4.7059731
4.7267637
4.7521801
4.7775965
4.8030128
4.8323212
4.8555994
4.8788786
4.9021568
4.9316678
4.9491420
4.9666157
4.9840894
5.0074410
5.0304217
5.0534024
5.0763826
5.0965281
5.1123090
5.1280894
5.1438704
5.1643372
5.1783085
5.1922798
5.2062521
5.2139354
5.2243829
5.2348304
5.2452784
5.2617979
5.2621155
5.2624331
5.2627506
5.2786989
5.2632661
5.2478328
5.2323999
5.2383771
5.2189012
5.1994252
5.1799498
5.1727619
5.1431189
5.1134753
5.0838323
5.0631552
5.0236926
4.9842300
4.9447680
4.9129968
5.1435146
5.1039286
5.0643425
5.0250864
4.9858308
4.9479671
4.9101028
4.8735623
4.8370218
4.8037539
4.7704859
4.7351303
4.6997757
4.6656103
4.6314449
4.5978441
4.5642443
4.5380383
4.5118332
4.4786124
4.4453921
4.4276638
4.4099360
4.3861494
4.3623629
4.3532763
4.3441896
4.3371925
4.3301954
4.3344488
4.3387032
4.3423991
4.3460951
4.3611069
4.3761187
4.3975782
4.4190378
4.4471741
4.4753103
4.5091729
4.5430360
4.5857716
4.6285071
4.6743851
4.7202635
4.7668667
4.8134708
4.8617191
4.9099674
4.9184475
4.9269266
4.9144621
4.9019976
4.8772373
4.8524771
4.8161073
4.7797375
4.7535806
4.7274237
4.6866927
4.6459618
4.6217971
4.5976324
4.5682783
4.5389233
4.5276451
4.5163670
4.5027518
4.4891362
4.4789362
4.4687362
4.4766560
4.4845753
4.4893694
4.4941626
4.5164261
4.5386891
4.5731144
4.6075392
4.6283293
4.6491203
4.6745367
4.6999531
4.7292609
4.7585692
4.7818480
4.8051267
4.8346376
4.8641481
4.8816223
4.8990965
4.9224472
4.9457989
4.9687796
4.9917603
5.0119057
5.0320511
5.0478315
5.0636120
5.0840788
5.1045451
5.1185164
5.1324883
5.1401720
5.1478558
5.1583033
5.1687508
5.1852713
5.2017908
5.2021084
5.2024260
5.2183733
5.2343216
5.2188892
5.2034559
5.2094326
5.2154102
5.1959343
5.1764584
5.1692705
5.1620831
5.1324401
5.1027966
5.0821199
5.0614424
5.0219803
4.9825172
4.9507465
4.9189754
5.0930204
5.0534344
5.0141788
4.9749227
4.9356670
4.8978033
4.8612623
4.8247218
4.7881813
4.7549133
4.7195582
4.6842031
4.6488485
4.6146827
4.5810828
4.5474825
4.5138822
4.4876766
4.4544563
4.4212356
4.3880153
4.3702869
4.3465009
4.3227143
4.2989278
4.2898412
4.2828441
4.2758465
4.2688494
4.2731032
4.2767992
4.2804952
4.2841911
4.2992029
4.3206625
4.3421221
4.3635817
4.3917179
4.4255810
4.4594431
4.4933062
4.5360422
4.5819197
4.6277981
4.6736760
4.7202797
4.7685285
4.8167768
4.8650250
4.8735046
4.8610401
4.8485751
4.8361106
4.8113503
4.7749805
4.7386107
4.7022409
4.6760840
4.6353531
4.5946221
4.5538912
4.5297265
4.5003719
4.4710178
4.4416633
4.4303851
4.4167700
4.4031544
4.3895388
4.3793383
4.3872585
4.3951778
4.4030976
4.4078913
4.4301543
4.4524174
4.4746804
4.5091057
4.5298958
4.5506859
4.5714765
4.5968928
4.6262007
4.6555090
4.6848173
4.7080965
4.7376075
4.7671180
4.7966290
4.8141031
4.8374538
4.8608050
4.8841562
4.9071369
4.9272828
4.9474282
4.9675736
4.9833546
5.0038204
5.0242872
5.0447531
5.0587244
5.0664086
5.0740924
5.0817761
5.0922236
5.1087437
5.1252637
5.1417832
5.1421008
5.1580486
5.1739964
5.1899447
5.1745119
5.1804891
5.1864657
5.1924429
5.1729670
5.1657796
5.1585917
5.1514044
5.1217613
5.1010842
5.0804071
5.0597301
5.0202675
4.9884963
4.9567251
4.9249539
5.0425262
5.0032706
4.9640150
4.9247589
4.8855033
4.8489628
4.8124218
4.7758813
4.7393408
4.7039862
4.6686311
4.6332760
4.5979214
4.5643210
4.5307207
4.4971204
4.4635201
4.4302998
4.3970795
4.3638587
4.3306384
4.3068519
4.2830658
4.2592793
4.2354927
4.2284956
4.2214980
4.2145004
4.2075033
4.2111993
4.2148952
4.2185912
4.2222872
4.2437468
4.2652063
4.2866659
4.3081255
4.3419886
4.3758512
4.4097137
4.4435768
4.4894547
4.5353327
4.5812111
4.6270890
4.6753373
4.7235861
4.7718344
4.8200827
4.8076181
4.7951531
4.7826881
4.7702236
4.7338538
4.6974840
4.6611142
4.6247444
4.5840135
4.5432825
4.5025516
4.4618206
4.4324660
4.4031115
4.3737574
4.3444028
4.3307872
4.3171721
4.3035564
4.2899408
4.2978606
4.3057804
4.3136997
4.3216195
4.3438826
4.3661456
4.3884087
4.4106717
4.4314623
4.4522524
4.4730425
4.4938331
4.5231414
4.5524492
4.5817575
4.6110659
4.6405768
4.6700878
4.6995983
4.7291093
4.7524605
4.7758117
4.7991629
4.8225141
4.8426595
4.8628054
4.8829508
4.9030962
4.9235625
4.9440289
4.9644952
4.9849615
4.9926453
5.0003290
5.0080128
5.0156965
5.0322161
5.0487361
5.0652561
5.0817757
5.0977240
5.1136718
5.1296196
5.1455679
5.1515450
5.1575222
5.1634989
5.1694760
5.1622887
5.1551008
5.1479130
5.1407256
5.1200485
5.0993714
5.0786943
5.0580173
5.0262461
4.9944749
4.9627037
4.9309325
4.9909840
4.9517283
4.9124727
4.8732166
4.8347154
4.7981749
4.7616339
4.7250934
4.6839628
4.6486082
4.6132531
4.5778980
4.5458241
4.5122237
4.4786234
4.4450231
4.4134936
4.3802733
4.3470531
4.3138323
4.2812510
4.2574644
4.2336783
4.2098918
4.1801562
4.1731591
4.1661615
4.1591640
4.1439762
4.1476722
4.1513681
4.1550641
4.1603017
4.1817613
4.2032208
4.2246804
4.2431288
4.2769918
4.3108544
4.3447170
4.3812065
4.4270840
4.4729624
4.5188408
4.5647569
4.6130052
4.6612539
4.7095022
4.7586527
4.7461882
4.7337232
4.7212582
4.6804566
4.6440868
4.6077170
4.5713472
4.5297785
4.4890475
4.4483166
4.4075856
4.3754010
4.3460464
4.3166919
4.2873378
4.2681727
4.2545571
4.2409420
4.2273264
4.2083392
4.2162590
4.2241788
4.2320981
4.2438869
4.2661500
4.2884130
4.3106761
4.3383102
4.3591013
4.3798914
4.4006815
4.4260249
4.4553332
4.4846411
4.5139494
4.5503597
4.5798702
4.6093817
4.6388922
4.6671014
4.6904526
4.7138038
4.7371550
4.7617941
4.7819395
4.8020859
4.8222313
4.8384128
4.8588791
4.8793454
4.8998117
4.9196391
4.9273229
4.9350066
4.9426904
4.9711266
4.9876461
5.0041656
5.0206861
5.0498285
5.0657768
5.0817251
5.0976725
5.1224108
5.1283879
5.1343651
5.1403418
5.1485748
5.1413870
5.1341991
5.1270113
5.1287880
5.1081109
5.0874338
5.0667567
5.0566559
5.0248847
4.9931135
4.9613423
4.9385633
4.9394417
4.9001861
4.8609304
4.8224287
4.7839274
4.7473869
4.7108459
4.6697149
4.6285849
4.5932302
4.5578747
4.5258007
4.4937267
4.4601259
4.4265261
4.3949966
4.3634672
4.3302469
4.2970266
4.2644448
4.2318635
4.2080770
4.1842909
4.1545553
4.1248198
4.1178226
4.1108251
4.0956368
4.0804486
4.0841446
4.0878406
4.0930786
4.0983162
4.1197758
4.1412354
4.1596837
4.1781321
4.2119951
4.2458577
4.2823467
4.3188357
4.3647137
4.4105916
4.4565086
4.5024252
4.5506735
4.5989218
4.6480722
4.6972227
4.6847582
4.6722927
4.6314912
4.5906897
4.5543199
4.5179501
4.4763813
4.4348125
4.3940816
4.3533506
4.3211660
4.2889814
4.2596264
4.2302723
4.2111073
4.1919427
4.1783271
4.1647120
4.1457248
4.1267376
4.1346579
4.1425772
4.1543655
4.1661549
4.1884174
4.2106810
4.2383151
4.2659492
4.2867398
4.3075299
4.3328733
4.3582163
4.3875246
4.4168329
4.4532428
4.4896531
4.5191641
4.5486751
4.5768843
4.6050935
4.6284447
4.6517959
4.6764350
4.7010746
4.7212200
4.7413659
4.7575474
4.7737293
4.7941961
4.8146620
4.8344898
4.8543167
4.8620005
4.8696842
4.8981204
4.9265561
4.9430757
4.9595957
4.9887385
5.0178819
5.0338302
5.0497780
5.0745158
5.0992537
5.1052308
5.1112080
5.1194406
5.1276731
5.1204858
5.1132979
5.1150742
5.1168509
5.0961733
5.0754967
5.0653954
5.0552940
5.0235233
4.9917517
4.9689732
4.9461946
4.8878994
4.8486438
4.8101425
4.7716408
4.7331395
4.6965990
4.6554680
4.6143370
4.5732064
4.5378518
4.5057774
4.4737034
4.4416289
4.4080286
4.3764997
4.3449702
4.3134408
4.2802205
4.2476392
4.2150574
4.1824760
4.1586895
4.1289544
4.0992188
4.0694833
4.0624862
4.0472975
4.0321097
4.0169215
4.0206175
4.0258551
4.0310926
4.0363302
4.0577898
4.0762386
4.0946870
4.1131353
4.1469984
4.1834869
4.2199764
4.2564650
4.3023434
4.3482599
4.3941765
4.4400930
4.4883413
4.5374918
4.5866418
4.6357923
4.6233277
4.5825257
4.5417242
4.5009227
4.4645529
4.4229841
4.3814154
4.3398466
4.2991157
4.2669311
4.2347460
4.2025614
4.1732068
4.1540422
4.1348772
4.1157126
4.1020970
4.0831103
4.0641232
4.0451365
4.0530562
4.0648446
4.0766335
4.0884223
4.1106853
4.1383190
4.1659536
4.1935883
4.2143784
4.2397213
4.2650647
4.2904081
4.3197165
4.3561268
4.3925362
4.4289465
4.4584579
4.4866667
4.5148764
4.5430856
4.5664368
4.5910759
4.6157150
4.6403551
4.6605005
4.6766825
4.6928644
4.7090464
4.7295127
4.7493401
4.7691674
4.7889948
4.7966785
4.8251143
4.8535500
4.8819857
4.8985052
4.9276485
4.9567919
4.9859352
5.0018835
5.0266209
5.0513587
5.0760965
5.0820737
5.0903063
5.0985394
5.1067715
5.0995846
5.1013608
5.1031370
5.1049132
5.0842361
5.0741348
5.0640340
5.0539327
5.0221615
4.9993830
4.9766040
4.9538255
4.8363571
4.7978559
4.7593546
4.7208529
4.6823516
4.6412210
4.6000900
4.5589590
4.5178285
4.4857540
4.4536800
4.4216061
4.3895316
4.3580022
4.3264732
4.2949438
4.2634144
4.2308331
4.1982517
4.1656699
4.1330886
4.1033530
4.0736179
4.0438824
4.0141468
3.9989586
3.9837704
3.9685824
3.9533942
3.9586318
3.9638696
3.9691072
3.9743447
3.9927931
4.0112419
4.0296903
4.0481386
4.0846276
4.1211166
4.1576056
4.1940947
4.2400112
4.2859278
4.3318443
4.3777609
4.4269114
4.4760618
4.5252118
4.5743623
4.5335608
4.4927588
4.4519572
4.4111557
4.3695869
4.3280182
4.2864494
4.2448807
4.2126961
4.1805115
4.1483264
4.1161418
4.0969772
4.0778122
4.0586472
4.0394826
4.0204954
4.0015087
3.9825218
3.9635348
3.9753237
3.9871123
3.9989009
4.0106897
4.0383239
4.0659580
4.0935926
4.1212268
4.1465702
4.1719131
4.1972566
4.2226000
4.2590103
4.2954202
4.3318300
4.3682404
4.3964496
4.4246588
4.4528685
4.4810777
4.5057173
4.5303564
4.5549955
4.5796351
4.5958171
4.6119990
4.6281810
4.6443629
4.6641903
4.6840177
4.7038450
4.7236724
4.7521081
4.7805443
4.8089800
4.8374157
4.8665590
4.8957019
4.9248447
4.9539881
4.9787259
5.0034637
5.0282016
5.0529394
5.0611720
5.0694046
5.0776377
5.0858703
5.0876465
5.0894232
5.0911994
5.0929756
5.0828743
5.0727735
5.0626726
5.0525713
5.0297928
5.0070138
4.9842348
4.9614563
4.7908072
4.7523060
4.7138047
4.6753030
4.6306968
4.5895662
4.5484352
4.5073042
4.4724908
4.4404163
4.4083424
4.3762684
4.3384514
4.3069220
4.2753930
4.2438636
4.2086430
4.1760616
4.1434803
4.1108985
4.0838728
4.0541372
4.0244017
3.9946663
3.9632964
3.9481082
3.9329200
3.9177318
3.8952737
3.9005113
3.9057493
3.9109869
3.9067457
3.9251940
3.9436429
3.9620912
3.9798675
4.0163565
4.0528455
4.0893345
4.1199737
4.1658902
4.2118068
4.2577233
4.3017054
4.3508558
4.4000063
4.4491563
4.4840660
4.4432640
4.4024620
4.3616610
4.3130279
4.2714591
4.2298903
4.1883216
4.1474552
4.1152706
4.0830860
4.0509009
4.0252485
4.0060840
3.9869189
3.9677539
3.9560096
3.9370224
3.9180357
3.8990488
3.9027169
3.9145057
3.9262943
3.9380829
3.9446864
3.9723206
3.9999547
4.0275893
4.0600777
4.0854211
4.1107640
4.1361074
4.1671538
4.2035642
4.2399740
4.2763839
4.3112984
4.3395071
4.3677168
4.3959265
4.4244170
4.4490566
4.4736958
4.4983349
4.5181255
4.5343075
4.5504894
4.5666714
4.5930581
4.6128855
4.6327128
4.6525402
4.6852527
4.7136884
4.7421246
4.7705603
4.8058844
4.8350277
4.8641701
4.8933134
4.9166527
4.9413910
4.9661283
4.9908667
5.0272727
5.0355053
5.0437379
5.0519710
5.0772352
5.0790114
5.0807881
5.0825644
5.0931954
5.0830941
5.0729933
5.0628924
5.0582252
5.0354466
5.0126677
4.9898887
4.9729338
4.7452574
4.7067561
4.6682549
4.6236482
4.5790420
4.5379114
4.4967804
4.4619665
4.4271531
4.3950787
4.3630047
4.3251877
4.2873707
4.2558413
4.2243128
4.1890917
4.1538715
4.1212902
4.0887089
4.0616827
4.0346565
4.0049210
3.9751859
3.9438157
3.9124458
3.8972576
3.8820693
3.8596115
3.8371534
3.8423910
3.8476288
3.8433876
3.8391466
3.8575950
3.8760438
3.8938198
3.9115963
3.9480853
3.9845743
4.0152130
4.0458527
4.0917692
4.1376858
4.1816673
4.2256498
4.2748003
4.3239508
4.3588595
4.3937693
4.3529677
4.3121657
4.2635326
4.2149000
4.1733313
4.1317625
4.0908957
4.0500293
4.0178447
3.9856601
3.9600077
3.9343555
3.9151909
3.8960259
3.8842812
3.8725367
3.8535495
3.8345628
3.8382311
3.8418989
3.8536878
3.8654766
3.8720798
3.8786831
3.9063172
3.9339514
3.9664402
3.9989288
4.0242720
4.0496149
4.0806618
4.1117077
4.1481180
4.1845274
4.2194419
4.2543559
4.2825651
4.3107743
4.3392649
4.3677559
4.3923960
4.4170351
4.4368253
4.4566154
4.4727974
4.4889793
4.5153666
4.5417538
4.5615807
4.5814085
4.6141205
4.6468334
4.6752691
4.7037048
4.7390285
4.7743526
4.8034959
4.8326387
4.8559785
4.8793178
4.9040556
4.9287934
4.9651995
5.0016060
5.0098391
5.0180712
5.0433359
5.0686002
5.0703764
5.0721531
5.0827842
5.0934153
5.0833139
5.0732131
5.0685463
5.0638790
5.0411005
5.0183215
5.0013666
4.9844112
4.6997075
4.6612062
4.6166000
4.5719934
4.5273871
4.4862566
4.4514427
4.4166288
4.3818154
4.3497410
4.3119245
4.2741075
4.2362905
4.2047610
4.1695414
4.1343207
4.0991006
4.0665193
4.0394926
4.0124664
3.9854405
3.9557049
3.9243350
3.8929653
3.8615952
3.8464069
3.8239489
3.8014913
3.7790332
3.7842708
3.7800295
3.7757885
3.7715473
3.7899957
3.8077722
3.8255486
3.8433251
3.8798141
3.9104533
3.9410920
3.9717312
4.0176477
4.0616298
4.1056118
4.1495938
4.1987443
4.2336540
4.2685633
4.3034725
4.2626715
4.2140379
4.1654048
4.1167717
4.0752029
4.0343366
3.9934702
3.9526038
3.9204192
3.8947668
3.8691144
3.8434625
3.8242979
3.8125529
3.8008082
3.7890637
3.7700765
3.7737448
3.7774131
3.7810812
3.7928700
3.7994733
3.8060765
3.8126798
3.8403139
3.8728027
3.9052911
3.9377799
3.9631233
3.9941692
4.0252151
4.0562611
4.0926714
4.1275854
4.1624994
4.1974134
4.2256231
4.2541137
4.2826042
4.3110952
4.3357348
4.3555250
4.3753157
4.3951054
4.4112873
4.4376745
4.4640617
4.4904490
4.5102763
4.5429888
4.5757012
4.6084137
4.6368494
4.6721735
4.7074966
4.7428207
4.7719641
4.7953033
4.8186436
4.8419828
4.8667202
4.9031272
4.9395332
4.9759398
4.9841723
5.0094366
5.0347009
5.0599651
5.0617414
5.0723729
5.0830040
5.0936351
5.0835338
5.0788670
5.0742002
5.0695329
5.0467544
5.0297990
5.0128441
4.9958887
4.6541576
4.6095514
4.5649452
4.5203385
4.4757323
4.4409189
4.4061050
4.3712912
4.3364778
4.2986608
4.2608442
4.2230272
4.1852102
4.1499901
4.1147699
4.0795493
4.0443292
4.0173030
3.9902768
3.9632506
3.9362245
3.9048545
3.8734846
3.8421147
3.8107448
3.7882867
3.7658286
3.7433708
3.7209127
3.7166715
3.7124305
3.7081895
3.7039483
3.7217247
3.7395010
3.7572775
3.7750540
3.8056931
3.8363321
3.8669710
3.8976102
3.9415922
3.9855742
4.0295563
4.0735383
4.1084480
4.1433573
4.1782665
4.2131763
4.1645432
4.1159101
4.0672770
4.0186439
3.9777775
3.9369111
3.8960445
3.8551781
3.8295259
3.8038735
3.7782214
3.7525692
3.7408247
3.7290800
3.7173352
3.7055907
3.7092588
3.7129269
3.7165952
3.7202632
3.7268665
3.7334700
3.7400732
3.7466764
3.7791650
3.8116536
3.8441422
3.8766308
3.9076767
3.9387228
3.9697690
4.0008149
4.0357289
4.0706434
4.1055574
4.1404715
4.1689625
4.1974530
4.2259436
4.2544346
4.2742248
4.2940149
4.3138056
4.3335958
4.3599830
4.3863697
4.4127569
4.4391441
4.4718566
4.5045691
4.5372815
4.5699940
4.6053181
4.6406417
4.6759653
4.7112894
4.7346287
4.7579684
4.7813082
4.8046474
4.8410540
4.8774605
4.9138665
4.9502730
4.9755373
5.0008016
5.0260658
5.0513301
5.0619612
5.0725927
5.0832238
5.0938549
5.0891876
5.0845208
5.0798540
5.0751867
5.0582314
5.0412765
5.0243216
5.0073662
4.6179228
4.5733166
4.5287104
4.4841032
4.4283118
4.3934984
4.3586845
4.3238707
4.2857094
4.2478924
4.2100759
4.1722589
4.1395230
4.1043029
4.0690827
4.0338621
4.0010791
3.9740529
3.9470267
3.9200006
3.8885570
3.8571870
3.8258171
3.7944472
3.7626643
3.7402062
3.7177482
3.6952903
3.6667631
3.6625218
3.6582808
3.6540399
3.6415780
3.6593544
3.6771307
3.6949072
3.7015090
3.7321482
3.7627871
3.7934260
3.8211095
3.8650916
3.9090736
3.9530556
3.9957533
4.0306630
4.0655723
4.1004815
4.1083097
4.0596766
4.0110435
3.9624107
3.9185500
3.8776836
3.8368173
3.7959507
3.7683923
3.7427402
3.7170877
3.6914356
3.6784320
3.6666875
3.6549428
3.6431980
3.6355309
3.6391993
3.6428671
3.6465354
3.6584859
3.6650891
3.6716926
3.6782959
3.7039280
3.7364166
3.7689052
3.8013937
3.8317008
3.8627467
3.8937929
3.9248390
3.9541204
3.9890344
4.0239487
4.0588627
4.0930400
4.1215310
4.1500216
4.1785121
4.2052226
4.2250128
4.2448030
4.2645936
4.2918167
4.3182039
4.3445907
4.3709779
4.4052382
4.4379501
4.4706631
4.5033751
4.5281610
4.5634851
4.5988088
4.6341324
4.6823578
4.7056971
4.7290368
4.7523766
4.7997627
4.8361692
4.8725758
4.9089818
4.9496846
4.9749489
5.0002131
5.0254774
5.0501194
5.0607505
5.0713820
5.0820131
5.0977678
5.0931005
5.0884333
5.0837669
5.0854521
5.0684967
5.0515418
5.0345869
5.0238366
4.5816875
4.5370812
4.4924750
4.4366832
4.3808913
4.3460779
4.3112640
4.2731028
4.2349410
4.1971240
4.1593075
4.1265717
4.0938358
4.0586157
4.0233955
3.9906120
3.9578288
3.9308026
3.9037764
3.8723330
3.8408895
3.8095198
3.7781496
3.7463667
3.7145839
3.6921258
3.6696677
3.6411409
3.6126137
3.6083722
3.6041312
3.5916696
3.5792077
3.5969841
3.6147604
3.6213622
3.6279640
3.6586032
3.6892419
3.7169251
3.7446089
3.7885909
3.8325729
3.8752704
3.9179680
3.9528778
3.9877870
3.9956155
4.0034437
3.9548106
3.9061775
3.8623166
3.8184562
3.7775898
3.7367234
3.7091651
3.6816068
3.6559544
3.6303020
3.6172986
3.6042948
3.5925503
3.5808055
3.5731385
3.5654714
3.5691395
3.5728076
3.5847580
3.5967085
3.6033118
3.6099153
3.6355474
3.6611795
3.6936681
3.7261567
3.7564635
3.7867708
3.8178167
3.8488626
3.8781443
3.9074259
3.9423399
3.9772544
4.0114312
4.0456090
4.0741000
4.1025906
4.1293001
4.1560106
4.1758003
4.1955910
4.2228146
4.2500377
4.2764249
4.3028116
4.3370719
4.3713317
4.4040442
4.4367566
4.4615421
4.4863281
4.5216522
4.5569754
4.6052008
4.6534262
4.6767654
4.7001052
4.7474918
4.7948780
4.8312845
4.8676910
4.9083929
4.9490957
4.9743605
4.9996243
5.0242662
5.0489082
5.0595398
5.0701714
5.0859256
5.1016803
5.0970130
5.0923462
5.0940318
5.0957174
5.0787621
5.0618072
5.0510569
5.0403070
4.5454521
4.5008459
4.4450541
4.3892627
4.3334708
4.2986574
4.2604957
4.2223344
4.1841726
4.1463556
4.1136203
4.0808845
4.0481486
4.0129285
3.9801450
3.9473619
3.9145784
3.8875523
3.8561091
3.8246655
3.7932222
3.7618523
3.7300692
3.6982863
3.6665034
3.6440454
3.6155183
3.5869913
3.5584641
3.5542228
3.5417609
3.5292993
3.5168374
3.5346138
3.5412154
3.5478172
3.5544188
3.5850580
3.6127412
3.6404245
3.6681080
3.7120900
3.7547874
3.7974854
3.8401828
3.8750925
3.8829205
3.8907490
3.8985772
3.8499441
3.8060834
3.7622228
3.7183621
3.6774957
3.6499376
3.6223793
3.5948210
3.5691688
3.5561650
3.5431614
3.5301576
3.5184131
3.5107460
3.5030789
3.4954119
3.4990797
3.5110304
3.5229807
3.5349312
3.5415344
3.5671668
3.5927989
3.6184311
3.6509197
3.6812267
3.7115335
3.7418406
3.7728865
3.8021681
3.8314497
3.8607311
3.8956451
3.9298227
3.9640000
3.9981775
4.0266685
4.0533781
4.0800881
4.1067982
4.1265883
4.1538119
4.1810355
4.2082586
4.2346458
4.2689056
4.3031654
4.3374252
4.3701382
4.3949232
4.4197092
4.4444947
4.4798188
4.5280437
4.5762691
4.6244946
4.6478338
4.6952205
4.7426071
4.7899933
4.8263998
4.8671021
4.9078045
4.9485073
4.9737716
4.9984136
5.0230556
5.0476975
5.0583286
5.0740833
5.0898380
5.1055927
5.1009254
5.1026115
5.1042972
5.1059828
5.0890274
5.0782776
5.0675273
5.0567775
4.5092173
4.4534254
4.3976336
4.3418422
4.2860503
4.2478886
4.2097273
4.1715660
4.1334043
4.1006684
4.0679331
4.0351973
4.0024614
3.9696782
3.9368949
3.9041116
3.8713284
3.8398850
3.8084416
3.7769980
3.7455547
3.7137718
3.6819887
3.6502059
3.6184230
3.5898957
3.5613687
3.5328417
3.5043144
3.4918525
3.4793906
3.4669290
3.4544671
3.4610686
3.4676704
3.4742723
3.4808738
3.5085573
3.5362406
3.5639238
3.5916073
3.6343050
3.6770024
3.7197001
3.7623978
3.7702260
3.7780542
3.7858827
3.7937109
3.7498503
3.7059896
3.6621289
3.6182683
3.5907099
3.5631518
3.5355935
3.5080352
3.4950314
3.4820278
3.4690242
3.4560204
3.4483533
3.4406862
3.4330192
3.4253521
3.4373026
3.4492531
3.4612033
3.4731538
3.4987860
3.5244184
3.5500505
3.5756826
3.6059897
3.6362967
3.6666036
3.6969106
3.7261920
3.7554736
3.7847552
3.8140366
3.8482141
3.8823915
3.9165688
3.9507463
3.9774563
4.0041661
4.0308762
4.0575862
4.0848093
4.1120329
4.1392565
4.1664796
4.2007394
4.2349997
4.2692595
4.3035192
4.3283048
4.3530903
4.3778763
4.4026618
4.4508872
4.4991121
4.5473375
4.5955629
4.6429491
4.6903358
4.7377224
4.7851086
4.8258114
4.8665137
4.9072161
4.9479189
4.9725609
4.9972029
5.0218449
5.0464869
5.0622416
5.0779963
5.0937510
5.1095057
5.1111913
5.1128769
5.1145625
5.1162481
5.1054983
5.0947480
5.0839977
5.0732479
4.4875832
4.4317913
4.3759995
4.3202081
4.2470722
4.2089105
4.1707492
4.1325879
4.0851536
4.0524178
4.0196824
3.9869466
3.9526470
3.9198637
3.8870804
3.8542972
3.8203173
3.7888737
3.7574306
3.7259870
3.6959112
3.6641283
3.6323452
3.6005623
3.5724006
3.5438733
3.5153461
3.4868193
3.4564576
3.4439957
3.4315338
3.4190722
3.3960574
3.4026589
3.4092607
3.4158626
3.4124458
3.4401293
3.4678125
3.4954958
3.5116868
3.5543845
3.5970819
3.6397796
3.6812456
3.6890738
3.6969020
3.7047305
3.6914363
3.6475756
3.6037149
3.5598543
3.5305963
3.5030379
3.4754796
3.4479213
3.4311142
3.4181104
3.4051068
3.3921032
3.3901987
3.3825316
3.3748646
3.3671975
3.3772120
3.3891625
3.4011130
3.4130633
3.4301114
3.4557436
3.4813759
3.5070081
3.5401795
3.5704865
3.6007936
3.6311004
3.6612024
3.6904836
3.7197652
3.7490468
3.7841668
3.8183441
3.8525214
3.8866987
3.9138601
3.9405701
3.9672799
3.9939899
4.0228963
4.0501194
4.0773430
4.1045666
4.1395092
4.1737690
4.2080297
4.2422895
4.2711124
4.2958984
4.3206835
4.3454695
4.3978858
4.4461112
4.4943361
4.5425615
4.5967464
4.6441326
4.6915188
4.7389059
4.7796192
4.8203220
4.8610249
4.9017267
4.9495068
4.9741488
4.9987907
5.0234327
5.0583844
5.0741391
5.0898938
5.1056485
5.1247282
5.1264138
5.1280994
5.1297851
5.1334972
5.1227474
5.1119971
5.1012468
5.0945611
4.4659491
4.4101572
4.3543653
4.2812300
4.2080936
4.1699324
4.1317711
4.0843368
4.0369029
4.0041671
3.9714317
3.9371324
3.9028325
3.8700495
3.8372660
3.8032861
3.7693059
3.7378626
3.7064192
3.6763434
3.6462679
3.6144848
3.5827017
3.5545399
3.5263779
3.4978507
3.4693236
3.4389620
3.4086008
3.3961387
3.3836770
3.3606625
3.3376479
3.3442492
3.3508511
3.3474345
3.3440180
3.3717012
3.3993845
3.4155755
3.4317660
3.4744639
3.5171614
3.5586274
3.6000934
3.6079216
3.6157498
3.6024561
3.5891619
3.5453010
3.5014405
3.4721823
3.4429240
3.4153657
3.3878076
3.3710003
3.3541932
3.3411894
3.3281856
3.3262811
3.3243771
3.3167100
3.3090429
3.3190575
3.3290720
3.3410225
3.3529730
3.3700209
3.3870692
3.4127011
3.4383335
3.4715049
3.5046763
3.5349834
3.5652905
3.5953922
3.6254940
3.6547754
3.6840570
3.7191770
3.7542968
3.7884743
3.8226516
3.8498130
3.8769741
3.9036841
3.9303937
3.9593000
3.9882059
4.0154290
4.0426526
4.0775962
4.1125393
4.1467991
4.1810594
4.2098827
4.2387061
4.2634916
4.2882771
4.3406935
4.3931093
4.4413347
4.4895601
4.5437446
4.5979295
4.6453156
4.6927023
4.7334161
4.7741303
4.8148332
4.8555355
4.9033155
4.9510946
4.9757366
5.0003786
5.0353298
5.0702820
5.0860367
5.1017914
5.1208711
5.1399508
5.1416364
5.1433220
5.1470342
5.1507463
5.1399965
5.1292462
5.1225605
5.1158743
4.4443150
4.3885231
4.3153872
4.2422514
4.1691155
4.1309538
4.0835204
4.0360861
3.9886525
3.9559166
3.9216173
3.8873179
3.8530183
3.8202350
3.7862549
3.7522750
3.7182946
3.6868515
3.6567757
3.6266999
3.5966244
3.5648415
3.5366793
3.5085173
3.4803553
3.4518280
3.4214668
3.3911052
3.3607438
3.3482819
3.3252673
3.3022528
3.2792382
3.2858398
3.2824233
3.2790065
3.2755899
3.3032734
3.3194640
3.3356547
3.3518455
3.3945432
3.4360092
3.4774752
3.5189412
3.5267694
3.5134754
3.5001814
3.4868872
3.4430265
3.4137683
3.3845100
3.3552518
3.3276935
3.3108864
3.2940793
3.2772720
3.2642682
3.2623639
3.2604594
3.2585552
3.2508881
3.2609026
3.2709172
3.2809317
3.2928822
3.3099306
3.3269787
3.3440268
3.3696589
3.4028304
3.4360018
3.4691732
3.4994802
3.5295820
3.5596838
3.5897856
3.6190672
3.6541872
3.6893072
3.7244267
3.7586045
3.7857656
3.8129268
3.8400879
3.8667979
3.8957040
3.9246099
3.9535160
3.9807391
4.0156822
4.0506258
4.0855694
4.1198292
4.1486530
4.1774759
4.2062998
4.2310848
4.2835011
4.3359175
4.3883333
4.4365587
4.4907436
4.5449276
4.5991125
4.6464987
4.6872129
4.7279272
4.7686415
4.8093443
4.8571234
4.9049034
4.9526830
4.9773250
5.0122762
5.0472274
5.0821791
5.0979338
5.1170139
5.1360936
5.1551733
5.1568589
5.1605711
5.1642833
5.1679955
5.1572456
5.1505594
5.1438737
5.1371875
4.4226809
4.3495450
4.2764091
4.2032733
4.1301374
4.0827036
4.0352697
3.9878356
3.9404018
3.9061022
3.8718028
3.8375034
3.8032038
3.7692237
3.7352438
3.7012637
3.6672835
3.6372080
3.6071322
3.5770564
3.5469809
3.5188189
3.4906569
3.4624949
3.4343328
3.4039714
3.3736100
3.3432484
3.3128870
3.2898724
3.2668576
3.2438431
3.2208285
3.2174120
3.2139952
3.2105784
3.2071619
3.2233527
3.2395434
3.2557342
3.2719250
3.3133910
3.3548570
3.3963230
3.4377890
3.4244947
3.4112008
3.3979068
3.3846126
3.3553543
3.3260961
3.2968380
3.2675798
3.2507725
3.2339654
3.2171583
3.2003510
3.1984468
3.1965423
3.1946378
3.1927335
3.2027481
3.2127626
3.2227771
3.2327917
3.2498398
3.2668881
3.2839363
3.3009844
3.3341558
3.3673272
3.4004986
3.4336700
3.4637718
3.4938736
3.5239756
3.5540774
3.5891972
3.6243172
3.6594372
3.6945570
3.7217181
3.7488794
3.7760406
3.8032017
3.8321078
3.8610139
3.8899198
3.9188259
3.9537692
3.9887123
4.0236559
4.0585990
4.0874224
4.1162462
4.1450696
4.1738930
4.2263088
4.2787251
4.3311415
4.3835573
4.4377422
4.4919267
4.5461111
4.6002960
4.6410103
4.6817241
4.7224379
4.7631521
4.8109317
4.8587112
4.9064913
4.9542708
4.9892225
5.0241737
5.0591249
5.0940766
5.1131563
5.1322365
5.1513162
5.1703959
5.1741080
5.1778202
5.1815324
5.1852446
5.1785583
5.1718726
5.1651869
5.1585007
4.4093184
4.3361826
4.2630467
4.1899109
4.1053591
4.0579252
4.0104914
3.9630575
3.8975959
3.8632963
3.8289969
3.7946975
3.7556701
3.7216902
3.6877103
3.6537299
3.6214776
3.5914021
3.5613263
3.5312505
3.4986649
3.4705029
3.4423409
3.4141788
3.3833683
3.3530068
3.3226454
3.2922838
3.2689834
3.2459688
3.2229538
3.1999393
3.1702783
3.1668618
3.1634450
3.1600282
3.1414323
3.1576233
3.1738138
3.1900048
3.1983814
3.2398474
3.2813134
3.3227794
3.3601298
3.3468356
3.3335416
3.3202477
3.2936502
3.2643919
3.2351336
3.2058756
3.1931293
3.1763220
3.1595149
3.1427078
3.1437089
3.1418047
3.1399002
3.1379957
3.1492388
3.1592534
3.1692679
3.1792824
3.1981728
3.2152209
3.2322693
3.2493174
3.2787271
3.3118985
3.3450699
3.3782413
3.3993981
3.4294999
3.4596016
3.4897037
3.5285649
3.5636849
3.5988050
3.6339250
3.6619849
3.6891460
3.7163074
3.7434685
3.7739751
3.8028812
3.8317873
3.8606932
3.8911216
3.9260650
3.9610081
3.9959517
4.0360637
4.0648870
4.0937109
4.1225343
4.1770477
4.2294636
4.2818799
4.3342962
4.3806086
4.4347935
4.4889784
4.5431623
4.6021457
4.6428599
4.6835737
4.7242875
4.7834120
4.8311920
4.8789711
4.9267511
4.9737725
5.0087242
5.0436754
5.0786266
5.1118283
5.1309080
5.1499882
5.1690679
5.1906376
5.1943498
5.1980619
5.2017741
5.2087412
5.2020550
5.1953692
5.1886835
5.1853886
4.3959560
4.3228197
4.2496843
4.1651325
4.0805807
4.0331469
3.9857132
3.9202514
3.8547897
3.8204904
3.7861910
3.7471638
3.7081366
3.6741564
3.6401765
3.6079240
3.5756717
3.5455961
3.5155206
3.4829347
3.4503491
3.4221871
3.3940251
3.3632145
3.3324037
3.3020422
3.2716808
3.2483802
3.2250795
3.2020650
3.1790502
3.1493893
3.1197281
3.1163116
3.1128948
3.0942988
3.0757029
3.0918937
3.1080844
3.1164613
3.1248379
3.1663039
3.2077699
3.2451200
3.2824707
3.2691765
3.2558823
3.2292850
3.2026877
3.1734295
3.1441712
3.1314251
3.1186788
3.1018715
3.0850644
3.0860658
3.0870669
3.0851626
3.0832582
3.0945010
3.1057441
3.1157587
3.1257732
3.1446636
3.1635540
3.1806021
3.1976504
3.2270598
3.2564697
3.2896409
3.3228126
3.3439693
3.3651261
3.3952279
3.4253297
3.4641912
3.5030527
3.5381725
3.5732925
3.6013527
3.6294127
3.6565738
3.6837354
3.7142420
3.7447486
3.7736547
3.8025608
3.8329887
3.8634171
3.8983607
3.9333038
3.9734163
4.0135288
4.0423522
4.0711761
4.1256890
4.1802025
4.2326183
4.2850347
4.3313475
4.3776603
4.4318452
4.4860296
4.5450125
4.6039953
4.6447096
4.6854239
4.7445478
4.8036723
4.8514519
4.8992314
4.9462528
4.9932747
5.0282259
5.0631771
5.0963783
5.1295795
5.1486597
5.1677399
5.1893091
5.2108793
5.2145910
5.2183037
5.2252703
5.2322378
5.2255516
5.2188654
5.2155709
5.2122760
4.3825932
4.3094573
4.2249060
4.1403542
4.0558028
4.0083690
3.9429071
3.8774455
3.8119838
3.7776842
3.7386570
3.6996303
3.6606030
3.6266227
3.5943706
3.5621183
3.5298660
3.4997904
3.4672046
3.4346189
3.4020333
3.3738713
3.3430605
3.3122499
3.2814391
3.2510777
3.2277770
3.2044764
3.1811757
3.1581612
3.1285002
3.0988390
3.0691779
3.0657613
3.0471654
3.0285692
3.0099735
3.0261641
3.0345409
3.0429177
3.0512943
3.0927603
3.1301107
3.1674609
3.2048113
3.1915171
3.1649199
3.1383226
3.1117253
3.0824671
3.0697207
3.0569746
3.0442283
3.0274210
3.0284224
3.0294237
3.0304248
3.0285206
3.0397635
3.0510063
3.0622494
3.0722640
3.0911543
3.1100447
3.1289351
3.1459832
3.1753929
3.2048025
3.2342122
3.2673836
3.2885406
3.3096974
3.3308544
3.3609562
3.3998175
3.4386787
3.4775405
3.5126600
3.5407202
3.5687804
3.5968406
3.6240017
3.6545086
3.6850154
3.7155221
3.7444282
3.7748563
3.8052845
3.8357129
3.8706563
3.9107687
3.9508810
3.9909935
4.0198169
4.0743303
4.1288438
4.1833572
4.2357731
4.2820864
4.3283987
4.3747120
4.4288969
4.4878793
4.5468626
4.6058455
4.6465597
4.7056837
4.7648077
4.8239326
4.8717117
4.9187336
4.9657550
5.0127764
5.0477281
5.0809288
5.1141300
5.1473312
5.1664109
5.1879807
5.2095509
5.2311206
5.2348328
5.2417998
5.2487669
5.2557340
5.2490478
5.2457533
5.2424583
5.2391634
4.3692307
4.2846794
4.2001276
4.1155758
4.0310245
3.9655628
3.9001012
3.8346395
3.7691779
3.7301507
3.6911235
3.6520965
3.6130693
3.5808170
3.5485647
3.5163124
3.4840600
3.4514744
3.4188886
3.3863029
3.3537173
3.3229065
3.2920959
3.2612853
3.2304745
3.2071738
3.1838732
3.1605728
3.1372721
3.1076109
3.0779500
3.0482888
3.0186276
3.0000317
2.9814358
2.9628398
2.9442439
2.9526205
2.9609973
2.9693742
2.9777508
3.0151012
3.0524516
3.0898018
3.1271522
3.1005549
3.0739574
3.0473602
3.0207629
3.0080166
2.9952703
2.9825242
2.9697778
2.9707789
2.9717803
2.9727817
2.9737828
2.9850259
2.9962687
3.0075116
3.0187547
3.0376451
3.0565355
3.0754259
3.0943162
3.1237259
3.1531355
3.1825452
3.2119548
3.2331119
3.2542686
3.2754254
3.2965825
3.3354440
3.3743052
3.4131665
3.4520280
3.4800882
3.5081482
3.5362084
3.5642686
3.5947752
3.6252820
3.6557889
3.6862955
3.7167239
3.7471521
3.7775803
3.8080087
3.8481212
3.8882337
3.9283459
3.9684584
4.0229716
4.0774851
4.1319985
4.1865120
4.2328248
4.2791376
4.3254504
4.3717632
4.4307461
4.4897289
4.5487123
4.6076951
4.6668196
4.7259436
4.7850680
4.8441925
4.8912139
4.9382353
4.9852567
5.0322781
5.0654793
5.0986805
5.1318817
5.1650829
5.1866527
5.2082224
5.2297926
5.2513623
5.2583294
5.2652965
5.2722635
5.2792306
5.2759356
5.2726412
5.2693462
5.2660513
4.3669004
4.2823491
4.1977973
4.1132455
4.0148625
3.9494009
3.8839393
3.8184776
3.7399659
3.7009387
3.6619115
3.6228845
3.5662031
3.5339508
3.5016985
3.4694462
3.4376051
3.4050195
3.3724337
3.3398480
3.3103647
3.2795539
3.2487433
3.2179327
3.1909504
3.1676497
3.1443491
3.1210489
3.0932708
3.0636096
3.0339489
3.0042877
2.9772549
2.9586589
2.9400630
2.9214671
2.8927732
2.9011497
2.9095266
2.9179034
2.9122419
2.9495924
2.9869428
3.0242929
3.0455234
3.0189261
2.9923286
2.9657314
2.9525132
2.9397669
2.9270205
2.9142745
2.9189434
2.9199448
2.9209461
2.9219475
2.9371369
2.9483800
2.9596229
2.9708657
2.9936852
3.0125756
3.0314660
3.0503564
3.0767016
3.1061113
3.1355209
3.1649306
3.1875701
3.2087271
3.2298839
3.2510407
3.2791991
3.3180606
3.3569219
3.3957832
3.4263620
3.4544225
3.4824824
3.5105424
3.5405421
3.5710487
3.6015556
3.6320624
3.6603062
3.6907346
3.7211628
3.7515910
3.7994642
3.8395767
3.8796892
3.9198015
3.9730189
4.0275321
4.0820456
4.1365590
4.1884980
4.2348108
4.2811236
4.3274364
4.3954830
4.4544659
4.5134487
4.5724320
4.6337862
4.6929107
4.7520347
4.8111591
4.8650208
4.9120417
4.9590635
5.0060844
5.0581236
5.0913248
5.1245260
5.1577272
5.1939735
5.2155433
5.2371130
5.2586832
5.2791042
5.2860713
5.2930384
5.3000054
5.3079658
5.3046708
5.3013763
5.2980814
5.2966671
4.3645697
4.2800188
4.1954670
4.0970840
3.9987006
3.9332390
3.8677773
3.7892656
3.7107539
3.6717267
3.6326995
3.5760183
3.5193372
3.4870849
3.4548326
3.4229913
3.3911505
3.3585649
3.3259788
3.2964954
3.2670121
3.2362013
3.2053905
3.1784086
3.1514266
3.1281259
3.1048253
3.0770476
3.0492697
3.0196085
2.9899476
2.9629147
2.9358821
2.9172862
2.8986902
2.8699965
2.8413024
2.8496790
2.8580561
2.8523946
2.8467331
2.8840837
2.9214339
2.9426641
2.9638948
2.9372973
2.9106998
2.8974819
2.8842635
2.8715172
2.8587708
2.8634400
2.8681092
2.8691103
2.8701117
2.8853014
2.9004910
2.9117341
2.9229770
2.9457965
2.9686160
2.9875064
3.0063968
3.0327415
3.0590868
3.0884967
3.1179061
3.1405458
3.1631851
3.1843424
3.2054992
3.2336574
3.2618155
3.3006773
3.3395386
3.3701174
3.4006963
3.4287565
3.4568164
3.4868162
3.5168157
3.5473223
3.5778291
3.6060729
3.6343169
3.6647453
3.6951735
3.7430468
3.7909198
3.8310323
3.8711448
3.9243622
3.9775791
4.0320926
4.0866060
4.1385450
4.1904840
4.2367964
4.2831097
4.3511562
4.4192028
4.4781857
4.5371685
4.5985231
4.6598768
4.7190018
4.7781258
4.8319869
4.8858485
4.9328699
4.9798913
5.0319304
5.0839696
5.1171708
5.1503720
5.1866179
5.2228642
5.2444344
5.2660036
5.2864246
5.3068457
5.3138132
5.3207798
5.3287401
5.3367004
5.3334055
5.3301115
5.3286972
5.3272834
4.3622394
4.2776880
4.1793051
4.0809221
3.9825389
3.9170773
3.8385656
3.7600539
3.6815422
3.6425149
3.5858338
3.5291524
3.4724710
3.4402187
3.4083776
3.3765366
3.3446956
3.3121099
3.2826262
3.2531428
3.2236593
3.1928484
3.1658669
3.1388845
3.1119027
3.0886021
3.0608239
3.0330462
3.0052686
2.9756074
2.9485745
2.9215419
2.8945093
2.8759134
2.8472195
2.8185258
2.7898319
2.7982085
2.7925472
2.7868857
2.7812245
2.8185749
2.8398051
2.8610356
2.8822660
2.8556688
2.8424504
2.8292322
2.8160138
2.8032675
2.8079367
2.8126059
2.8172750
2.8182759
2.8334658
2.8486555
2.8638451
2.8750882
2.8979075
2.9207270
2.9435465
2.9624369
2.9887819
3.0151269
3.0414722
3.0708818
3.0935214
3.1161609
3.1388004
3.1599574
3.1881156
3.2162740
3.2444322
3.2832937
3.3138723
3.3444514
3.3750305
3.4030905
3.4330902
3.4630897
3.4930892
3.5235958
3.5518398
3.5800836
3.6083276
3.6387560
3.6866293
3.7345023
3.7823756
3.8224881
3.8757052
3.9289224
3.9821396
4.0366530
4.0885921
4.1405306
4.1924696
4.2387824
4.3068295
4.3748760
4.4429231
4.5019059
4.5632596
4.6246138
4.6859679
4.7450924
4.7989540
4.8528147
4.9066763
4.9536982
5.0057373
5.0577765
5.1098156
5.1430168
5.1792631
5.2155089
5.2517552
5.2733250
5.2937455
5.3141665
5.3345876
5.3415546
5.3495150
5.3574753
5.3654356
5.3621407
5.3607273
5.3593130
5.3578997
4.3599091
4.2615261
4.1631432
4.0647602
3.9663770
3.8878653
3.8093536
3.7308419
3.6523302
3.5956488
3.5389676
3.4822862
3.4256048
3.3937638
3.3619227
3.3300817
3.2982407
3.2687571
3.2392735
3.2097902
3.1803067
3.1533246
3.1263428
3.0993607
3.0723786
3.0446007
3.0168228
2.9890451
2.9612672
2.9342346
2.9072018
2.8801692
2.8531365
2.8244426
2.7957487
2.7670550
2.7383611
2.7326999
2.7270384
2.7213769
2.7157156
2.7369461
2.7581763
2.7794068
2.8006372
2.7874188
2.7742007
2.7609825
2.7477641
2.7524333
2.7571025
2.7617714
2.7664406
2.7816303
2.7968199
2.8120096
2.8271992
2.8500187
2.8728380
2.8956575
2.9184771
2.9448223
2.9711673
2.9975123
3.0238576
3.0464971
3.0691366
3.0917761
3.1144156
3.1425738
3.1707323
3.1988907
3.2270489
3.2576277
3.2882066
3.3187857
3.3493645
3.3793640
3.4093637
3.4393632
3.4693627
3.4976068
3.5258505
3.5540943
3.5823383
3.6302116
3.6780849
3.7259579
3.7738311
3.8270483
3.8802657
3.9334829
3.9867001
4.0386391
4.0905781
4.1425166
4.1944556
4.2625027
4.3305492
4.3985958
4.4666429
4.5279970
4.5893507
4.6507049
4.7120590
4.7659206
4.8197818
4.8736429
4.9275045
4.9795437
5.0315828
5.0836220
5.1356611
5.1719074
5.2081537
5.2443995
5.2806458
5.3010669
5.3214874
5.3419085
5.3623295
5.3702898
5.3782501
5.3862104
5.3941708
5.3927569
5.3913431
5.3899293
5.3885155
4.3716526
4.2732697
4.1748867
4.0765038
3.9601521
3.8816404
3.8031287
3.7246170
3.6307471
3.5740657
3.5173845
3.4607031
3.3902597
3.3584187
3.3265777
3.2947366
3.2502744
3.2207909
3.1913073
3.1618240
3.1355486
3.1085665
3.0815847
3.0546026
3.0206511
2.9928732
2.9650953
2.9373176
2.9127493
2.8857167
2.8586838
2.8316512
2.8119802
2.7832863
2.7545924
2.7258987
2.6972156
2.6915541
2.6858926
2.6802311
2.6650102
2.6862407
2.7074709
2.7287014
2.7371044
2.7238860
2.7106678
2.6974497
2.7052903
2.7099595
2.7146287
2.7192976
2.7397277
2.7549174
2.7701070
2.7852967
2.8097916
2.8326111
2.8554306
2.8782501
2.8994126
2.9257579
2.9521031
2.9784479
3.0065200
3.0291595
3.0517991
3.0744386
3.0944374
3.1225955
3.1507540
3.1789124
3.2100542
3.2406330
3.2712119
3.3017910
3.3306863
3.3606858
3.3906856
3.4206851
3.4526818
3.4809258
3.5091696
3.5374134
3.5866070
3.6344802
3.6823535
3.7302265
3.7776456
3.8308630
3.8840804
3.9372973
4.0033512
4.0552902
4.1072292
4.1591682
4.2276082
4.2956553
4.3637018
4.4317484
4.4912562
4.5526104
4.6139641
4.6753182
4.7457747
4.7996364
4.8534975
4.9073586
4.9675598
5.0195990
5.0716381
5.1236773
5.1697674
5.2060137
5.2422600
5.2785063
5.3137093
5.3341303
5.3545504
5.3749714
5.3961487
5.4041090
5.4120693
5.4200296
5.4285851
5.4271712
5.4257574
5.4243436
5.4225302
4.3833957
4.2850127
4.1866298
4.0702782
3.9539270
3.8754153
3.7969036
3.7030339
3.6091642
3.5524826
3.4958014
3.4253581
3.3549147
3.3230736
3.2912326
3.2467704
3.2023082
3.1728244
3.1433411
3.1170659
3.0907903
3.0638084
3.0368266
3.0028749
2.9689236
2.9411457
2.9133677
2.8887997
2.8642313
2.8371987
2.8101659
2.7904949
2.7708240
2.7421303
2.7134361
2.6847532
2.6560698
2.6504085
2.6447470
2.6295261
2.6143050
2.6355352
2.6567655
2.6651688
2.6735716
2.6603532
2.6471350
2.6549759
2.6628165
2.6674857
2.6721549
2.6925850
2.7130146
2.7282043
2.7433939
2.7678890
2.7923841
2.8152037
2.8380229
2.8591857
2.8803484
2.9066937
2.9330387
2.9611106
2.9891825
3.0118222
3.0344615
3.0544600
3.0744591
3.1026173
3.1307755
3.1619172
3.1930594
3.2236381
3.2542171
3.2831125
3.3120081
3.3420076
3.3720074
3.4040041
3.4360008
3.4642448
3.4924884
3.5416820
3.5908756
3.6387489
3.6866221
3.7340412
3.7814603
3.8346775
3.8878949
3.9539487
4.0200028
4.0719419
4.1238809
4.1923208
4.2607613
4.3288078
4.3968544
4.4563622
4.5158696
4.5772238
4.6385775
4.7090340
4.7794905
4.8333521
4.8872132
4.9474144
5.0076151
5.0596542
5.1116934
5.1577840
5.2038741
5.2401204
5.2763667
5.3115692
5.3467722
5.3671932
5.3876138
5.4087911
5.4299679
5.4379282
5.4458885
5.4544439
5.4629993
5.4615850
5.4601717
5.4583578
5.4565444
4.3951387
4.2967558
4.1804051
4.0640535
3.9477022
3.8691905
3.7753208
3.6814508
3.5875812
3.5308998
3.4604564
3.3900130
3.3195696
3.2877285
3.2432663
3.1988039
3.1543417
3.1248581
3.0985830
3.0723076
3.0460322
3.0190501
2.9850988
2.9511473
2.9171960
2.8894181
2.8648498
2.8402817
2.8157134
2.7886808
2.7690098
2.7493389
2.7296679
2.7009740
2.6722908
2.6436076
2.6149240
2.6092629
2.5940418
2.5788207
2.5635996
2.5848300
2.5932329
2.6016359
2.6100388
2.5968204
2.6046615
2.6125021
2.6203430
2.6250122
2.6454420
2.6658719
2.6863017
2.7014914
2.7259865
2.7504816
2.7749767
2.7977962
2.8189588
2.8401213
2.8612843
2.8876295
2.9157012
2.9437733
2.9718451
2.9944847
3.0144832
3.0344818
3.0544806
3.0826387
3.1137807
3.1449225
3.1760645
3.2066433
3.2355390
3.2644343
3.2933300
3.3233294
3.3553262
3.3873229
3.4193196
3.4475636
3.4967570
3.5459507
3.5951443
3.6430175
3.6904364
3.7378559
3.7852750
3.8384919
3.9045460
3.9706001
4.0366545
4.0885935
4.1570334
4.2254734
4.2939138
4.3619609
4.4214678
4.4809756
4.5404830
4.6018372
4.6722932
4.7427497
4.8132062
4.8670678
4.9272685
4.9874697
5.0476704
5.0997095
5.1457996
5.1918907
5.2379808
5.2742271
5.3094301
5.3446321
5.3798351
5.4002562
5.4214334
5.4426103
5.4637871
5.4717474
5.4803028
5.4888577
5.4974132
5.4959993
5.4941854
5.4923725
5.4905586
4.4068823
4.2905312
4.1741800
4.0578284
3.9414773
3.8476076
3.7537377
3.6598678
3.5659981
3.4955547
3.4251113
3.3546679
3.2842245
3.2397623
3.1953001
3.1508377
3.1063755
3.0801001
3.0538249
3.0275495
3.0012741
2.9673228
2.9333713
2.8994198
2.8654685
2.8409002
2.8163319
2.7917638
2.7671955
2.7475245
2.7278535
2.7081826
2.6885116
2.6598282
2.6311450
2.6024618
2.5737784
2.5585573
2.5433364
2.5281153
2.5128942
2.5212970
2.5297000
2.5381031
2.5465059
2.5543468
2.5621877
2.5700283
2.5778692
2.5982990
2.6187291
2.6391590
2.6595888
2.6840839
2.7085791
2.7330739
2.7575691
2.7787318
2.7998943
2.8210571
2.8422198
2.8702917
2.8983636
2.9264357
2.9545076
2.9745064
2.9945049
3.0145035
3.0345023
3.0656443
3.0967860
3.1279278
3.1590698
3.1879654
3.2168608
3.2457561
3.2746518
3.3066485
3.3386452
3.3706419
3.4026387
3.4518323
3.5010257
3.5502193
3.5994129
3.6468320
3.6942511
3.7416704
3.7890894
3.8551435
3.9211974
3.9872515
4.0533056
4.1217461
4.1901860
4.2586260
4.3270664
4.3865738
4.4460812
4.5055890
4.5650964
4.6355529
4.7060089
4.7764654
4.8469219
4.9071226
4.9673238
5.0275249
5.0877256
5.1338158
5.1799064
5.2259970
5.2720871
5.3072901
5.3424931
5.3776956
5.4128985
5.4340754
5.4552526
5.4764295
5.4976063
5.5061617
5.5147171
5.5232720
5.5318274
5.5300140
5.5282001
5.5263867
5.5245733
4.4240861
4.3077350
4.1913838
4.0750322
3.9477367
3.8538671
3.7599971
3.6661272
3.5524015
3.4819582
3.4115148
3.3410714
3.2550962
3.2106340
3.1661718
3.1217093
3.0636835
3.0374084
3.0111332
2.9848576
2.9542189
2.9202676
2.8863161
2.8523645
2.8299019
2.8053336
2.7807653
2.7561972
2.7326779
2.7130070
2.6933360
2.6736650
2.6503496
2.6216662
2.5929830
2.5642998
2.5364900
2.5212688
2.5060477
2.4908266
2.4753568
2.4837596
2.4921627
2.5005658
2.5123441
2.5201850
2.5280259
2.5358665
2.5600011
2.5804310
2.6008611
2.6212909
2.6453969
2.6698921
2.6943872
2.7188821
2.7407033
2.7618661
2.7830286
2.8041914
2.8265216
2.8545935
2.8826654
2.9107375
2.9371681
2.9571669
2.9771655
2.9971640
3.0210314
3.0521731
3.0833149
3.1144567
3.1433816
3.1722770
3.2011724
3.2300677
3.2664056
3.2984023
3.3303990
3.3623958
3.4137065
3.4629002
3.5120935
3.5612872
3.6139753
3.6613944
3.7088134
3.7562327
3.8244057
3.8904598
3.9565136
4.0225677
4.0853209
4.1537614
4.2222013
4.2906413
4.3658590
4.4253664
4.4848738
4.5443816
4.6170096
4.6874661
4.7579222
4.8283787
4.8900666
4.9502673
5.0104685
5.0706697
5.1309128
5.1770029
5.2230940
5.2691841
5.3158894
5.3510923
5.3862953
5.4214983
5.4529834
5.4741602
5.4953375
5.5165143
5.5358348
5.5443902
5.5529456
5.5615005
5.5691757
5.5673623
5.5655484
5.5637350
5.5605230
4.4412899
4.3249388
4.2085876
4.0812922
3.9539962
3.8601265
3.7662566
3.6525307
3.5388050
3.4683616
3.3979182
3.3119431
3.2259679
3.1815057
3.1370435
3.0790174
3.0209918
2.9947164
2.9684412
2.9378023
2.9071636
2.8732123
2.8392611
2.8167982
2.7943354
2.7697668
2.7451987
2.7216797
2.6981604
2.6784894
2.6588185
2.6355033
2.6121879
2.5835042
2.5548210
2.5270112
2.4992013
2.4839802
2.4687593
2.4532890
2.4378195
2.4462223
2.4546251
2.4664040
2.4781823
2.4860234
2.4938641
2.5179987
2.5421331
2.5625629
2.5829930
2.6070991
2.6312051
2.6557002
2.6801953
2.7020164
2.7238374
2.7450004
2.7661629
2.7884932
2.8108234
2.8388953
2.8669672
2.8933978
2.9198289
2.9398274
2.9598260
2.9836931
3.0075603
3.0387022
3.0698440
3.0987685
3.1276932
3.1565888
3.1854842
3.2218218
3.2581592
3.2901559
3.3221526
3.3734636
3.4247742
3.4739680
3.5231614
3.5758495
3.6285377
3.6759567
3.7233758
3.7915492
3.8597221
3.9257760
3.9918299
4.0545826
4.1173363
4.1857767
4.2542162
4.3294339
4.4046516
4.4641590
4.5236664
4.5962944
4.6689224
4.7393789
4.8098354
4.8715234
4.9332113
4.9934120
5.0536132
5.1138568
5.1741004
5.2201905
5.2662811
5.3129869
5.3596921
5.3948951
5.4300981
5.4615831
5.4930682
5.5142450
5.5354223
5.5547428
5.5740633
5.5826187
5.5911741
5.5988483
5.6065235
5.6047106
5.6028967
5.5996842
5.5964723
4.4584942
4.3421431
4.2148471
4.0875516
3.9602556
3.8663859
3.7526600
3.6389341
3.5252085
3.4547651
3.3687899
3.2828145
3.1968393
3.1523771
3.0943513
3.0363255
2.9783001
2.9520245
2.9213860
2.8907473
2.8601086
2.8261573
2.8036942
2.7812314
2.7587686
2.7342002
2.7106812
2.6871622
2.6636429
2.6439719
2.6206567
2.5973413
2.5740259
2.5453424
2.5175328
2.4897227
2.4619126
2.4466915
2.4312217
2.4157517
2.4002819
2.4086847
2.4204636
2.4322422
2.4440207
2.4518616
2.4759960
2.5001307
2.5242651
2.5446949
2.5688012
2.5929072
2.6170135
2.6415086
2.6633296
2.6851506
2.7069716
2.7281344
2.7504647
2.7727947
2.7951250
2.8231969
2.8496277
2.8760586
2.9024894
2.9224882
2.9463553
2.9702220
2.9940891
3.0252314
3.0541558
3.0830803
3.1120048
3.1409006
3.1772377
3.2135754
3.2499130
3.2819097
3.3332205
3.3845313
3.4358420
3.4850357
3.5377238
3.5904121
3.6431003
3.6905193
3.7586925
3.8268654
3.8950384
3.9610925
4.0238452
4.0865979
4.1493511
4.2177916
4.2930088
4.3682265
4.4434443
4.5029516
4.5755796
4.6482077
4.7208357
4.7912922
4.8529801
4.9146681
4.9763560
5.0365567
5.0968008
5.1570444
5.2172880
5.2633781
5.3100834
5.3567896
5.4034948
5.4386978
5.4701824
5.5016680
5.5331531
5.5543299
5.5736504
5.5929708
5.6122913
5.6208467
5.6285214
5.6361966
5.6438718
5.6420584
5.6388464
5.6356335
5.6324215
4.4756980
4.3484020
4.2211065
4.0938110
3.9665151
3.8527894
3.7390635
3.6253376
3.5116119
3.4256368
3.3396616
3.2536862
3.1677110
3.1096854
3.0516596
2.9936337
2.9356081
2.9049695
2.8743308
2.8436921
2.8130534
2.7905905
2.7681277
2.7456648
2.7232020
2.6996827
2.6761637
2.6526446
2.6291254
2.6058099
2.5824947
2.5591793
2.5358639
2.5080540
2.4802442
2.4524341
2.4246242
2.4091544
2.3936844
2.3782144
2.3627446
2.3745232
2.3863018
2.3980803
2.4098589
2.4339933
2.4581280
2.4822626
2.5063970
2.5305033
2.5546093
2.5787153
2.6028216
2.6246426
2.6464639
2.6682849
2.6901059
2.7124362
2.7347665
2.7570965
2.7794268
2.8058577
2.8322883
2.8587191
2.8851500
2.9090171
2.9328842
2.9567511
2.9806182
3.0095429
3.0384674
3.0673919
3.0963166
3.1326542
3.1689916
3.2053292
3.2416668
3.2929776
3.3442883
3.3955991
3.4469099
3.4995980
3.5522861
3.6049745
3.6576626
3.7258356
3.7940087
3.8621817
3.9303546
3.9931076
4.0558605
4.1186132
4.1813664
4.2565842
4.3318014
4.4070191
4.4822369
4.5548649
4.6274929
4.7001209
4.7727489
4.8344369
4.8961248
4.9578128
5.0195007
5.0797443
5.1399879
5.2002316
5.2604752
5.3071804
5.3538861
5.4005919
5.4472971
5.4787822
5.5102673
5.5417528
5.5732379
5.5925584
5.6118789
5.6311994
5.6505198
5.6581950
5.6658697
5.6735449
5.6812201
5.6780081
5.6747956
5.6715832
5.6683712
4.5010252
4.3737292
4.2464337
4.1191382
3.9771600
3.8634343
3.7497082
3.6359825
3.5097289
3.4237537
3.3377786
3.2518029
3.1458893
3.0878637
3.0298378
2.9718120
2.8986917
2.8680530
2.8374143
2.8067756
2.7627730
2.7403102
2.7178473
2.6953845
2.6773052
2.6537859
2.6302669
2.6067479
2.5863571
2.5630417
2.5397265
2.5164111
2.4955096
2.4677000
2.4398899
2.4120798
2.3911898
2.3757200
2.3602500
2.3447800
2.3388631
2.3506417
2.3624203
2.3741989
2.3965816
2.4207160
2.4448507
2.4689853
2.4847412
2.5088477
2.5329537
2.5570598
2.5881321
2.6099532
2.6317744
2.6535954
2.6731343
2.6954646
2.7177949
2.7401247
2.7641885
2.7906194
2.8170500
2.8434808
2.8657138
2.8895810
2.9134481
2.9373150
2.9684582
2.9973829
3.0263073
3.0552318
3.0957134
3.1320510
3.1683884
3.2047260
3.2587395
3.3100502
3.3613610
3.4126718
3.4720464
3.5247345
3.5774226
3.6301110
3.7014179
3.7695909
3.8377643
3.9059372
3.9737577
4.0365109
4.0992637
4.1620164
4.2401905
4.3154078
4.3906250
4.4658432
4.5361176
4.6087456
4.6813736
4.7540016
4.8281727
4.8898611
4.9515486
5.0132370
5.0783749
5.1386185
5.1988621
5.2591057
5.3118134
5.3585186
5.4052248
5.4519300
5.4947162
5.5262012
5.5576863
5.5891719
5.6184402
5.6377606
5.6570811
5.6764016
5.6923814
5.7000566
5.7077312
5.7154064
5.7193909
5.7161789
5.7129669
5.7097540
5.7033648
4.5263519
4.3990564
4.2717609
4.1297827
3.9878047
3.8740790
3.7603531
3.6340992
3.5078456
3.4218705
3.3358953
3.2299814
3.1240675
3.0660419
3.0080161
2.9348955
2.8617752
2.8311365
2.8004978
2.7564952
2.7124929
2.6900301
2.6675673
2.6494880
2.6314082
2.6078892
2.5843701
2.5639796
2.5435891
2.5202737
2.4969583
2.4760568
2.4551556
2.4273458
2.3995359
2.3786454
2.3577552
2.3422856
2.3268156
2.3208985
2.3149819
2.3267603
2.3385391
2.3609219
2.3833046
2.4074388
2.4315734
2.4473295
2.4630857
2.4871919
2.5112979
2.5423703
2.5734425
2.5952635
2.6170850
2.6366236
2.6561625
2.6784928
2.7008231
2.7248869
2.7489505
2.7753811
2.8018117
2.8240447
2.8462777
2.8701448
2.8940120
2.9251549
2.9562981
2.9852228
3.0141473
3.0546288
3.0951104
3.1314478
3.1677852
3.2217989
3.2758121
3.3271232
3.3784337
3.4378083
3.4971828
3.5498710
3.6025591
3.6738663
3.7451735
3.8133464
3.8815196
3.9493401
4.0171614
4.0799141
4.1426668
4.2208405
4.2990141
4.3742318
4.4494491
4.5197239
4.5899982
4.6626263
4.7352543
4.8094254
4.8835969
4.9452848
5.0069728
5.0721107
5.1372485
5.1974921
5.2577357
5.3104439
5.3631520
5.4098573
5.4565630
5.4993491
5.5421352
5.5736203
5.6051054
5.6343746
5.6636429
5.6829634
5.7022839
5.7182631
5.7342429
5.7419181
5.7495928
5.7535777
5.7575622
5.7543502
5.7511377
5.7447481
5.7383585
4.5516791
4.4243832
4.2824054
4.1404276
3.9984493
3.8847237
3.7584701
3.6322160
3.5059624
3.4199872
3.3140733
3.2081597
3.1022458
3.0442202
2.9710996
2.8979790
2.8248587
2.7942200
2.7502174
2.7062149
2.6622128
2.6397500
2.6216705
2.6035910
2.5855114
2.5619922
2.5416019
2.5212114
2.5008209
2.4775054
2.4566040
2.4357028
2.4148016
2.3869915
2.3661013
2.3452110
2.3243208
2.3088510
2.3029342
2.2970173
2.2911005
2.3028791
2.3252618
2.3476446
2.3700273
2.3941617
2.4099178
2.4256740
2.4414301
2.4655361
2.4966083
2.5276806
2.5587530
2.5805740
2.6001129
2.6196518
2.6391907
2.6615210
2.6855848
2.7096486
2.7337122
2.7601430
2.7823758
2.8046086
2.8268416
2.8507087
2.8818519
2.9129949
2.9441381
2.9730628
3.0135441
3.0540257
3.0945072
3.1308448
3.1848583
3.2388716
3.2928851
3.3441958
3.4035702
3.4629447
3.5223193
3.5750074
3.6463146
3.7176218
3.7889290
3.8571019
3.9249229
3.9927435
4.0605645
4.1233172
4.2014914
4.2796640
4.3578377
4.4330559
4.5033298
4.5736041
4.6438785
4.7165065
4.7906780
4.8648491
4.9390211
5.0007086
5.0658464
5.1309843
5.1961222
5.2563658
5.3090744
5.3617821
5.4144907
5.4611959
5.5039821
5.5467682
5.5895543
5.6210394
5.6503081
5.6795769
5.7088451
5.7281656
5.7441454
5.7601247
5.7761045
5.7837796
5.7877645
5.7917490
5.7957335
5.7925215
5.7861314
5.7797413
5.7733517
4.5770063
4.4350281
4.2930503
4.1510725
4.0090942
3.8828406
3.7565868
3.6303329
3.5040793
3.3981655
3.2922516
3.1863379
3.0804241
3.0073037
2.9341831
2.8610625
2.7879422
2.7439399
2.6999373
2.6559348
2.6119325
2.5938530
2.5757737
2.5576942
2.5396147
2.5192242
2.4988337
2.4784431
2.4580526
2.4371514
2.4162500
2.3953485
2.3744473
2.3535571
2.3326669
2.3117766
2.2908864
2.2849696
2.2790527
2.2731359
2.2672191
2.2896018
2.3119845
2.3343673
2.3567500
2.3725061
2.3882623
2.4040182
2.4197743
2.4508467
2.4819188
2.5129912
2.5440636
2.5636024
2.5831413
2.6026802
2.6222191
2.6462827
2.6703465
2.6944103
2.7184739
2.7407069
2.7629397
2.7851725
2.8074055
2.8385487
2.8696918
2.9008348
2.9319780
2.9724596
3.0129409
3.0534225
3.0939040
3.1479175
3.2019310
3.2559443
3.3099577
3.3693323
3.4287066
3.4880812
3.5474558
3.6187630
3.6900702
3.7613771
3.8326843
3.9005051
3.9683261
4.0361466
4.1039677
4.1821413
4.2603149
4.3384881
4.4166617
4.4869361
4.5572104
4.6274848
4.6977592
4.7719307
4.8461018
4.9202733
4.9944448
5.0595827
5.1247206
5.1898584
5.2549963
5.3077044
5.3604126
5.4131207
5.4658289
5.5086150
5.5514011
5.5941873
5.6369734
5.6662416
5.6955104
5.7247791
5.7540474
5.7700272
5.7860069
5.8019862
5.8179660
5.8219504
5.8259354
5.8299198
5.8339043
5.8275146
5.8211250
5.8147349
5.8083453
4.6118364
4.4698582
4.3278809
4.1859026
4.0285726
3.9023190
3.7760651
3.6498113
3.5085716
3.4026575
3.2967439
3.1908302
3.0719802
2.9988599
2.9257393
2.8526187
2.7600651
2.7160630
2.6720605
2.6280580
2.5710168
2.5529373
2.5348580
2.5167785
2.4901459
2.4697554
2.4493649
2.4289744
2.4159601
2.3950589
2.3741574
2.3532560
2.3366995
2.3158092
2.2949190
2.2740288
2.2585590
2.2526422
2.2467253
2.2408085
2.2493620
2.2717447
2.2941275
2.3165102
2.3430967
2.3588529
2.3746090
2.3903646
2.4047971
2.4358697
2.4669418
2.4980140
2.5272388
2.5467777
2.5663166
2.5858555
2.6056454
2.6297090
2.6537728
2.6778367
2.7001691
2.7224021
2.7446346
2.7668676
2.8006694
2.8318126
2.8629558
2.8940988
2.9385109
2.9789925
3.0194738
3.0599554
3.1164675
3.1704807
3.2244945
3.2785077
3.3423500
3.4017246
3.4610989
3.5204735
3.5932012
3.6645083
3.7358155
3.8071227
3.8857892
3.9536099
4.0214310
4.0892515
4.1703472
4.2485209
4.3266945
4.4048681
4.4813943
4.5516686
4.6219430
4.6922174
4.7695546
4.8437262
4.9178972
4.9920688
5.0595155
5.1246533
5.1897912
5.2549291
5.3170567
5.3697648
5.4224730
5.4751811
5.5238466
5.5666332
5.6094189
5.6522055
5.6874313
5.7166996
5.7459679
5.7752371
5.7996321
5.8156118
5.8315916
5.8475709
5.8594322
5.8634167
5.8674016
5.8713861
5.8705864
5.8641968
5.8578072
5.8514171
5.8403025
4.6466670
4.5046887
4.3627110
4.2053809
4.0480509
3.9217973
3.7955434
3.6543036
3.5130637
3.4071498
3.3012359
3.1823859
3.0635362
2.9904160
2.9172955
2.8247418
2.7321882
2.6881859
2.6441834
2.5871420
2.5301008
2.5120215
2.4939423
2.4673095
2.4406772
2.4202867
2.3998961
2.3868818
2.3738675
2.3529663
2.3320649
2.3155084
2.2989519
2.2780616
2.2571714
2.2417016
2.2262316
2.2203147
2.2143979
2.2229514
2.2315049
2.2538877
2.2762704
2.3028567
2.3294432
2.3451993
2.3609555
2.3753877
2.3898201
2.4208925
2.4519646
2.4811895
2.5104144
2.5299532
2.5494921
2.5692821
2.5890718
2.6131353
2.6371989
2.6595316
2.6818640
2.7040970
2.7263298
2.7601314
2.7939334
2.8250766
2.8562198
2.9006319
2.9450440
2.9855256
3.0260067
3.0825188
3.1390307
3.1930442
3.2470577
3.3109002
3.3747425
3.4341168
3.4934912
3.5662191
3.6389468
3.7102540
3.7815611
3.8602276
3.9388943
4.0067148
4.0745358
4.1556315
4.2367272
4.3149009
4.3930745
4.4696007
4.5461264
4.6164007
4.6866751
4.7640133
4.8413506
4.9155216
4.9896927
5.0571394
5.1245861
5.1897240
5.2548618
5.3169894
5.3791170
5.4318252
5.4845333
5.5331988
5.5818648
5.6246510
5.6674371
5.7026629
5.7378888
5.7671571
5.7964258
5.8208218
5.8452168
5.8611965
5.8771763
5.8890371
5.9008989
5.9048834
5.9088678
5.9080677
5.9072685
5.9008789
5.8944893
5.8833747
5.8722601
4.6814976
4.5395193
4.3821893
4.2248592
4.0675292
3.9412756
3.8000355
3.6587958
3.5175557
3.4116421
3.2927921
3.1739421
3.0550923
2.9819720
2.8894181
2.7968650
2.7043114
2.6603088
2.6032674
2.5462263
2.4891851
2.4711056
2.4444730
2.4178407
2.3912082
2.3708177
2.3578036
2.3447893
2.3317750
2.3108737
2.2943172
2.2777605
2.2612042
2.2403140
2.2248440
2.2093742
2.1939042
2.1879873
2.1965408
2.2050941
2.2136476
2.2360303
2.2626166
2.2892032
2.3157897
2.3315458
2.3459783
2.3604107
2.3748431
2.4059153
2.4351401
2.4643650
2.4935899
2.5131288
2.5329182
2.5527081
2.5724978
2.5965614
2.6188941
2.6412268
2.6635590
2.6857920
2.7195938
2.7533953
2.7871971
2.8183403
2.8627527
2.9071648
2.9515769
2.9920585
3.0485702
3.1050820
3.1615939
3.2156076
3.2794499
3.3432925
3.4071348
3.4665093
3.5392370
3.6119647
3.6846924
3.7559996
3.8346660
3.9133325
3.9919991
4.0598197
4.1409159
4.2220116
4.3031073
4.3812809
4.4578066
4.5343328
4.6108589
4.6811333
4.7584710
4.8358088
4.9131460
4.9873176
5.0547643
5.1222105
5.1896572
5.2547951
5.3169222
5.3790498
5.4411774
5.4938855
5.5425510
5.5912170
5.6398830
5.6826687
5.7178946
5.7531204
5.7883463
5.8176146
5.8420105
5.8664064
5.8908019
5.9067817
5.9186425
5.9305038
5.9423652
5.9463496
5.9455500
5.9447498
5.9439502
5.9375606
5.9264460
5.9153318
5.9042177
4.7163277
4.5589976
4.4016676
4.2443376
4.0870075
3.9457676
3.8045278
3.6632879
3.5220480
3.4031982
3.2843482
3.1654983
3.0466485
2.9540949
2.8615413
2.7689879
2.6764343
2.6193931
2.5623517
2.5053105
2.4482694
2.4216368
2.3950043
2.3683720
2.3417394
2.3287251
2.3157110
2.3026967
2.2896824
2.2731259
2.2565694
2.2400129
2.2234564
2.2079864
2.1925166
2.1770468
2.1615767
2.1701303
2.1786838
2.1872370
2.1957905
2.2223771
2.2489634
2.2755499
2.3021364
2.3165689
2.3310013
2.3454335
2.3598659
2.3890908
2.4183154
2.4475403
2.4767652
2.4965549
2.5163445
2.5361345
2.5559242
2.5782566
2.6005893
2.6229217
2.6452541
2.6790559
2.7128577
2.7466593
2.7804611
2.8248732
2.8692856
2.9136977
2.9581099
3.0146217
3.0711336
3.1276455
3.1841574
3.2479997
3.3118422
3.3756847
3.4395270
3.5122547
3.5849824
3.6577101
3.7304378
3.8091044
3.8877709
3.9664373
4.0451040
4.1261997
4.2072954
4.2883911
4.3694868
4.4460130
4.5225391
4.5990653
4.6755915
4.7529287
4.8302665
4.9076042
4.9849415
5.0523882
5.1198349
5.1872811
5.2547278
5.3168554
5.3789825
5.4411101
5.5032377
5.5519037
5.6005692
5.6492348
5.6979008
5.7331266
5.7683525
5.8035784
5.8388042
5.8631997
5.8875952
5.9119911
5.9363866
5.9482479
5.9601088
5.9719701
5.9838314
5.9830317
5.9822321
5.9814320
5.9806323
5.9695177
5.9584036
5.9472895
5.9361749
4.7559042
4.5985746
4.4412441
4.2839146
4.1190534
3.9778135
3.8365736
3.6953337
3.5391412
3.4202914
3.3014414
3.1825914
3.0497589
2.9572053
2.8646517
2.7720983
2.6668265
2.6097853
2.5527439
2.4957027
2.4206283
2.3939958
2.3673632
2.3407309
2.3017263
2.2887120
2.2756979
2.2626836
2.2482738
2.2317173
2.2151608
2.1986043
2.1873794
2.1719093
2.1564398
2.1409698
2.1336992
2.1422527
2.1508062
2.1593595
2.1760855
2.2026720
2.2292583
2.2558448
2.2801077
2.2945402
2.3089726
2.3234048
2.3451171
2.3743420
2.4035666
2.4327915
2.4511271
2.4709167
2.4907064
2.5104964
2.5369158
2.5592480
2.5815806
2.6039133
2.6403728
2.6741748
2.7079763
2.7417779
2.7896845
2.8340967
2.8785090
2.9229212
2.9817276
3.0382395
3.0947514
3.1512632
3.2206140
3.2844563
3.3482985
3.4121413
3.4862776
3.5590053
3.6317329
3.7044606
3.7896929
3.8683596
3.9470263
4.0256925
4.1085825
4.1896782
4.2707739
4.3518696
4.4436808
4.5202069
4.5967331
4.6732593
4.7541680
4.8315053
4.9088430
4.9861808
5.0616770
5.1291237
5.1965704
5.2640162
5.3310180
5.3931456
5.4552727
5.5174003
5.5717669
5.6204329
5.6690989
5.7177639
5.7609324
5.7961583
5.8313842
5.8666101
5.8964438
5.9208393
5.9452348
5.9696307
5.9866195
5.9984808
6.0103416
6.0222030
6.0274186
6.0266190
6.0258193
6.0250192
6.0185566
6.0074420
5.9963279
5.9852138
5.9692345
4.7954812
4.6381512
4.4808211
4.3159599
4.1510992
4.0098591
3.8686194
3.7124267
3.5562344
3.4373846
3.3185344
3.1857018
3.0528693
2.9603157
2.8677621
2.7624903
2.6572185
2.6001773
2.5431361
2.4680614
2.3929873
2.3663545
2.3397222
2.3007178
2.2617130
2.2486987
2.2356849
2.2212749
2.2068653
2.1903086
2.1737523
2.1625273
2.1513026
2.1358325
2.1203628
2.1130922
2.1058216
2.1143751
2.1229286
2.1396544
2.1563804
2.1829669
2.2095532
2.2338161
2.2580791
2.2725115
2.2869439
2.3086557
2.3303680
2.3595929
2.3888178
2.4071536
2.4254889
2.4452786
2.4650683
2.4914877
2.5179071
2.5402396
2.5625722
2.5990319
2.6354916
2.6692934
2.7030952
2.7510014
2.7989078
2.8433199
2.8877325
2.9465389
3.0053453
3.0618572
3.1183691
3.1877196
3.2570703
3.3209126
3.3847551
3.4588914
3.5330281
3.6057558
3.6784835
3.7637157
3.8489482
3.9276149
4.0062814
4.0891714
4.1720610
4.2531567
4.3342524
4.4260635
4.5178747
4.5944004
4.6709270
4.7518358
4.8327446
4.9100819
4.9874201
5.0629158
5.1384120
5.2058587
5.2733054
5.3403063
5.4073076
5.4694357
5.5315628
5.5859294
5.6402965
5.6889625
5.7376280
5.7807961
5.8239641
5.8591900
5.8944159
5.9242496
5.9540834
5.9784789
6.0028744
6.0198631
6.0368519
6.0487137
6.0605745
6.0657902
6.0710058
6.0702066
6.0694065
6.0629435
6.0564814
6.0453663
6.0342522
6.0182734
6.0022936
4.8350582
4.6777277
4.5128670
4.3480058
4.1831450
4.0419054
3.8857126
3.7295198
3.5733273
3.4544775
3.3216448
3.1888123
3.0559797
2.9634261
2.8581543
2.7528825
2.6476107
2.5905695
2.5154951
2.4404204
2.3653460
2.3387134
2.2997091
2.2607045
2.2217000
2.2086856
2.1942759
2.1798663
2.1654565
2.1489000
2.1376753
2.1264505
2.1152258
2.0997558
2.0924852
2.0852146
2.0779440
2.0864975
2.1032236
2.1199493
2.1366754
2.1632619
2.1875246
2.2117875
2.2360504
2.2504828
2.2721949
2.2939069
2.3156192
2.3448441
2.3631797
2.3815155
2.3998511
2.4196408
2.4460602
2.4724793
2.4988985
2.5212312
2.5576911
2.5941505
2.6306105
2.6644120
2.7123184
2.7602248
2.8081312
2.8525434
2.9113500
2.9701567
3.0289631
3.0854750
3.1548257
3.2241759
3.2935266
3.3573689
3.4315057
3.5056419
3.5797784
3.6525061
3.7377386
3.8229709
3.9082036
3.9868703
4.0697594
4.1526494
4.2355390
4.3166347
4.4084458
4.5002570
4.5920682
4.6685944
4.7495036
4.8304124
4.9113216
4.9886589
5.0641546
5.1396513
5.2151470
5.2825937
5.3495951
5.4165964
5.4835978
5.5457253
5.6000919
5.6544590
5.7088261
5.7574921
5.8006597
5.8438282
5.8869963
5.9222221
5.9520555
5.9818892
6.0117230
6.0361185
6.0531073
6.0700960
6.0870848
6.0989461
6.1041617
6.1093779
6.1145935
6.1137938
6.1073308
6.1008682
6.0944057
6.0832911
6.0673118
6.0513325
6.0353532
4.8746347
4.7097740
4.5449128
4.3800516
4.2151909
4.0589981
3.9028058
3.7466130
3.5904205
3.4575880
3.3247552
3.1919227
3.0590901
2.9538183
2.8485465
2.7432747
2.6380029
2.5629284
2.4878540
2.4127793
2.3377049
2.2987003
2.2596960
2.2206914
2.1816869
2.1672771
2.1528673
2.1384578
2.1240480
2.1128232
2.1015983
2.0903735
2.0791488
2.0718782
2.0646076
2.0573370
2.0500665
2.0667925
2.0835185
2.1002443
2.1169703
2.1412332
2.1654959
2.1897588
2.2140217
2.2357340
2.2574461
2.2791581
2.3008704
2.3192060
2.3375416
2.3558774
2.3742130
2.4006324
2.4270515
2.4534707
2.4798901
2.5163498
2.5528097
2.5892694
2.6257291
2.6736355
2.7215419
2.7694483
2.8173547
2.8761611
2.9349678
2.9937744
3.0525808
3.1219316
3.1912820
3.2606325
3.3299832
3.4041197
3.4782562
3.5523925
3.6265290
3.7117615
3.7969937
3.8822262
3.9674587
4.0503483
4.1332378
4.2161279
4.2990174
4.3908286
4.4826398
4.5744510
4.6662621
4.7471714
4.8280802
4.9089890
4.9898982
5.0653944
5.1408901
5.2163863
5.2918825
5.3588839
5.4258852
5.4928865
5.5598879
5.6142550
5.6686215
5.7229881
5.7773552
5.8205233
5.8636913
5.9068599
5.9500279
5.9798617
6.0096951
6.0395288
6.0693626
6.0863514
6.1033401
6.1203289
6.1373177
6.1425333
6.1477489
6.1529651
6.1581807
6.1517181
6.1452551
6.1387925
6.1323299
6.1163507
6.1003714
6.0843921
6.0684128
4.9218855
4.7570248
4.5921636
4.4273024
4.2548418
4.0986490
3.9424567
3.7862639
3.6234422
3.4906096
3.3577769
3.2249444
3.0785866
2.9733148
2.8680429
2.7627711
2.6452460
2.5701714
2.4950972
2.4200225
2.3333576
2.2943530
2.2553487
2.2163441
2.1625423
2.1481326
2.1337228
2.1193132
2.1009159
2.0896912
2.0784659
2.0672412
2.0599661
2.0526953
2.0454249
2.0381541
2.0301676
2.0468936
2.0636196
2.0803454
2.0788720
2.1031349
2.1273975
2.1516604
2.1624956
2.1842079
2.2059202
2.2276320
2.2478075
2.2661433
2.2844787
2.3028145
2.3393340
2.3657537
2.3921728
2.4185920
2.4613829
2.4978426
2.5343025
2.5707622
2.6246696
2.6725760
2.7204823
2.7683887
2.8326187
2.8914251
2.9502316
3.0090384
3.0843065
3.1536572
3.2230077
3.2923582
3.3739848
3.4481213
3.5222578
3.5963941
3.6860104
3.7712429
3.8564751
3.9417076
4.0323792
4.1152687
4.1981583
4.2810483
4.3757873
4.4675984
4.5594096
4.6512208
4.7417507
4.8226604
4.9035692
4.9844780
5.0763330
5.1518292
5.2273250
5.3028212
5.3744755
5.4414768
5.5084782
5.5754795
5.6393380
5.6937051
5.7480717
5.8024383
5.8529844
5.8961525
5.9393206
5.9824896
6.0191426
6.0489764
6.0788097
6.1086435
6.1319165
6.1489053
6.1658940
6.1828828
6.1925941
6.1978097
6.2030253
6.2082415
6.2050896
6.1986270
6.1921639
6.1857014
6.1716719
6.1556931
6.1397133
6.1237345
6.1069026
4.9691362
4.8042755
4.6394143
4.4669533
4.2944927
4.1382999
3.9821076
3.8192854
3.6564636
3.5236311
3.3907986
3.2444408
3.0980833
2.9928114
2.8875396
2.7700143
2.6524889
2.5774145
2.5023401
2.4156752
2.3290100
2.2900057
2.2510014
2.1971993
2.1433978
2.1289880
2.1145782
2.0961809
2.0777836
2.0665588
2.0553339
2.0480585
2.0407832
2.0335126
2.0262420
2.0182552
2.0102687
2.0269947
2.0437207
2.0422473
2.0407739
2.0650368
2.0892992
2.1001346
2.1109698
2.1326821
2.1543941
2.1745694
2.1947448
2.2130804
2.2314160
2.2679358
2.3044553
2.3308747
2.3572938
2.4000850
2.4428759
2.4793353
2.5157952
2.5697026
2.6236100
2.6715164
2.7194228
2.7836525
2.8478825
2.9066889
2.9654956
3.0407639
3.1160321
3.1853828
3.2547331
3.3363595
3.4179864
3.4921227
3.5662594
3.6558754
3.7454917
3.8307242
3.9159565
4.0066280
4.0972996
4.1801891
4.2630787
4.3578181
4.4525571
4.5443683
4.6361794
4.7267098
4.8172398
4.8981490
4.9790578
5.0709124
5.1627674
5.2382641
5.3137598
5.3854141
5.4570684
5.5240698
5.5910711
5.6549296
5.7187881
5.7731552
5.8275218
5.8780680
5.9286141
5.9717822
6.0149503
6.0516033
6.0882568
6.1180906
6.1479244
6.1711974
6.1944704
6.2114592
6.2284479
6.2381592
6.2478704
6.2530861
6.2583017
6.2551503
6.2519984
6.2455359
6.2390728
6.2250438
6.2110143
6.1950350
6.1790557
6.1622238
6.1453924
5.0163870
4.8515263
4.6790652
4.5066042
4.3341436
4.1779509
4.0151296
3.8523071
3.6894853
3.5566528
3.4102950
3.2639375
3.1175799
3.0123081
2.8947825
2.7772574
2.6597319
2.5846577
2.4979925
2.4113276
2.3246627
2.2856581
2.2318566
2.1780548
2.1242533
2.1098435
2.0914464
2.0730486
2.0546513
2.0434265
2.0361509
2.0288758
2.0216002
2.0143299
2.0063431
1.9983563
1.9903696
2.0070956
2.0056221
2.0041490
2.0026755
2.0269384
2.0377736
2.0486088
2.0594440
2.0811563
2.1013312
2.1215067
2.1416821
2.1600175
2.1965370
2.2330570
2.2695765
2.2959957
2.3387868
2.3815777
2.4243686
2.4608283
2.5147357
2.5686429
2.6225502
2.6704566
2.7346864
2.7989163
2.8631463
2.9219527
2.9972212
3.0724893
3.1477575
3.2171082
3.2987347
3.3803611
3.4619877
3.5361242
3.6257405
3.7153568
3.8049731
3.8902056
3.9808769
4.0715485
4.1622200
4.2451096
4.3398485
4.4345880
4.5293269
4.6211381
4.7116680
4.8021984
4.8927288
4.9736376
5.0654922
5.1573472
5.2492023
5.3246984
5.3963528
5.4680076
5.5396619
5.6066632
5.6705213
5.7343798
5.7982383
5.8526053
5.9031515
5.9536972
6.0042439
6.0474119
6.0840650
6.1207180
6.1573715
6.1872053
6.2104783
6.2337513
6.2570243
6.2740130
6.2837243
6.2934361
6.3031473
6.3083630
6.3052111
6.3020592
6.2989073
6.2924447
6.2784157
6.2643862
6.2503567
6.2343769
6.2175450
6.2007136
6.1838818
5.0636377
4.8911772
4.7187161
4.5462551
4.3737946
4.2109728
4.0481510
3.8853288
3.7225070
3.5761495
3.4297917
3.2834339
3.1370764
3.0195510
2.9020257
2.7845004
2.6669750
2.5803101
2.4936452
2.4069803
2.3203154
2.2665138
2.2127120
2.1589103
2.1051087
2.0867114
2.0683141
2.0499165
2.0315192
2.0242438
2.0169683
2.0096929
2.0024176
1.9944308
1.9864441
1.9784575
1.9704707
1.9689972
1.9675239
1.9660506
1.9645772
1.9754124
1.9862475
1.9970827
2.0079179
2.0280933
2.0482686
2.0684438
2.0886192
2.1251388
2.1616583
2.1981781
2.2346976
2.2774885
2.3202796
2.3630705
2.4058614
2.4597688
2.5136762
2.5675833
2.6214907
2.6857207
2.7499504
2.8141804
2.8784103
2.9536786
3.0289469
3.1042149
3.1794832
3.2611098
3.3427362
3.4243627
3.5059893
3.5956056
3.6852219
3.7748382
3.8644545
3.9551260
4.0457973
4.1364689
4.2271404
4.3218794
4.4166183
4.5113578
4.6060967
4.6966267
4.7871571
4.8776875
4.9682174
5.0600724
5.1519270
5.2437820
5.3356371
5.4072914
5.4789457
5.5506005
5.6222548
5.6861134
5.7499714
5.8138299
5.8776884
5.9282346
5.9787807
6.0293269
6.0798731
6.1165266
6.1531796
6.1898327
6.2264862
6.2497592
6.2730322
6.2963052
6.3195782
6.3292894
6.3390007
6.3487124
6.3584237
6.3552718
6.3521199
6.3489680
6.3458161
6.3317866
6.3177576
6.3037281
6.2896986
6.2728667
6.2560349
6.2392035
6.2223716
5.1174603
4.9449997
4.7725391
4.6000776
4.4226322
4.2598104
4.0969887
3.9341664
3.7645206
3.6181631
3.4718056
3.3254476
3.1728876
3.0553622
2.9378369
2.8203115
2.6902437
2.6035788
2.5169139
2.4302490
2.3321002
2.2782986
2.2244968
2.1706951
2.1049302
2.0865328
2.0681355
2.0497379
2.0176902
2.0104151
2.0031395
1.9958640
1.9861646
1.9781778
1.9701912
1.9622045
1.9470093
1.9455359
1.9440626
1.9425893
1.9262422
1.9370774
1.9479126
1.9587477
1.9523015
1.9724770
1.9926522
2.0128274
2.0158012
2.0523207
2.0888402
2.1253600
2.1448255
2.1876163
2.2304075
2.2731984
2.3264565
2.3803639
2.4342713
2.4881783
2.5585907
2.6228206
2.6870503
2.7512803
2.8492017
2.9244699
2.9997382
3.0750060
3.1888835
3.2705102
3.3521366
3.4337630
3.5529201
3.6425364
3.7321527
3.8217690
3.9217575
4.0124288
4.1031003
4.1937718
4.2953730
4.3901119
4.4848509
4.5795898
4.6790223
4.7695522
4.8600826
4.9506130
5.0462584
5.1381135
5.2299681
5.3218231
5.4121256
5.4837799
5.5554342
5.6270885
5.7084384
5.7722969
5.8361549
5.9000134
5.9576817
6.0082278
6.0587740
6.1093202
6.1567836
6.1934371
6.2300901
6.2667432
6.2990322
6.3223057
6.3455782
6.3688517
6.3851309
6.3948421
6.4045534
6.4142647
6.4151134
6.4119616
6.4088097
6.4056578
6.3931026
6.3790731
6.3650446
6.3510151
6.3325529
6.3157210
6.2988892
6.2820578
6.2665524
5.1712832
4.9988227
4.8263617
4.6489158
4.4714699
4.3086481
4.1458263
3.9761803
3.8065345
3.6601770
3.5138192
3.3612590
3.2086987
3.0911734
2.9736481
2.8435802
2.7135124
2.6268475
2.5401826
2.4420338
2.3438849
2.2900834
2.2362814
2.1705165
2.1047516
2.0863543
2.0679569
2.0359089
2.0038614
1.9965861
1.9893105
1.9796112
1.9699117
1.9619249
1.9539382
1.9387431
1.9235480
1.9220746
1.9206011
1.9042542
1.8879073
1.8987424
1.9095776
1.9031312
1.8966851
1.9168606
1.9370358
1.9400095
1.9429833
1.9795028
2.0160222
2.0354881
2.0549536
2.0977445
2.1405354
2.1937935
2.2470515
2.3009589
2.3548663
2.4252787
2.4956908
2.5599208
2.6241503
2.7220716
2.8199928
2.8952610
2.9705293
3.0844066
3.1982839
3.2799106
3.3615370
3.4806938
3.5998507
3.6894670
3.7790833
3.8790717
3.9790602
4.0697317
4.1604033
4.2620044
4.3636050
4.4583440
4.5530829
4.6525154
4.7519474
4.8424778
4.9330082
5.0286531
5.1242990
5.2161541
5.3080091
5.3983111
5.4886136
5.5602679
5.6319222
5.7132721
5.7946224
5.8584805
5.9223385
5.9800072
6.0376749
6.0882206
6.1387672
6.1862307
6.2336941
6.2703476
6.3070006
6.3392897
6.3715787
6.3948517
6.4181247
6.4344039
6.4506831
6.4603944
6.4701056
6.4709544
6.4718027
6.4686508
6.4654989
6.4529443
6.4403896
6.4263601
6.4123311
6.3938684
6.3754072
6.3585749
6.3417435
6.3262386
6.3107328
5.2251062
5.0526457
4.8751993
4.6977534
4.5203075
4.3574858
4.1878400
4.0181942
3.8485484
3.7021909
3.5496304
3.3970702
3.2445099
3.1269846
2.9969168
2.8668489
2.7367811
2.6501162
2.5519674
2.4538183
2.3556695
2.3018680
2.2361028
2.1703379
2.1045728
2.0861754
2.0541277
2.0220799
1.9900326
1.9827572
1.9730577
1.9633582
1.9536588
1.9456720
1.9304769
1.9152817
1.9000865
1.8986131
1.8822662
1.8659192
1.8495722
1.8604074
1.8539611
1.8475149
1.8410686
1.8612441
1.8642178
1.8671916
1.8701653
1.9066849
1.9261503
1.9456160
1.9650815
2.0078723
2.0611305
2.1143885
2.1676464
2.2215538
2.2919662
2.3623786
2.4327908
2.4970207
2.5949416
2.6928630
2.7907839
2.8660522
2.9799294
3.0938070
3.2076843
3.2893109
3.4084678
3.5276246
3.6467814
3.7363977
3.8363862
3.9363747
4.0363631
4.1270347
4.2286358
4.3302364
4.4318371
4.5265760
4.6260085
4.7254410
4.8248730
4.9154029
5.0110488
5.1066942
5.2023401
5.2941952
5.3844976
5.4747992
5.5651016
5.6367559
5.7181063
5.7994561
5.8808060
5.9446645
6.0023317
6.0599999
6.1176677
6.1682138
6.2156777
6.2631412
6.3106046
6.3472581
6.3795471
6.4118357
6.4441252
6.4673977
6.4836769
6.4999561
6.5162354
6.5259466
6.5267954
6.5276442
6.5284920
6.5253401
6.5127859
6.5002308
6.4876766
6.4736471
6.4551849
6.4367228
6.4182611
6.4014292
6.3859243
6.3704190
6.3549137
5.2789288
5.1014829
4.9240370
4.7465911
4.5691452
4.3994994
4.2298536
4.0602078
3.8905621
3.7380018
3.5854416
3.4328814
3.2803211
3.1502533
3.0201855
2.8901176
2.7600498
2.6619010
2.5637522
2.4656031
2.3674543
2.3016891
2.2359242
2.1701593
2.1043942
2.0723467
2.0402989
2.0082512
1.9762037
1.9665042
1.9568048
1.9471053
1.9374058
1.9222107
1.9070156
1.8918203
1.8766252
1.8602781
1.8439312
1.8275843
1.8112372
1.8047910
1.7983447
1.7918985
1.7854522
1.7884260
1.7913997
1.7943735
1.7973473
1.8168128
1.8362783
1.8557439
1.8752093
1.9284674
1.9817255
2.0349836
2.0882416
2.1586537
2.2290661
2.2994785
2.3698907
2.4678118
2.5657330
2.6636541
2.7615752
2.8754525
2.9893298
3.1032073
3.2170846
3.3362415
3.4553986
3.5745554
3.6937122
3.7937007
3.8936892
3.9936776
4.0936661
4.1952667
4.2968678
4.3984690
4.5000696
4.5995016
4.6989341
4.7983665
4.8977985
4.9934444
5.0890899
5.1847353
5.2803812
5.3706837
5.4609857
5.5512877
5.6415901
5.7229400
5.8042898
5.8856397
5.9669895
6.0246572
6.0823250
6.1399932
6.1976609
6.2451243
6.2925882
6.3400517
6.3875151
6.4198041
6.4520931
6.4843822
6.5166712
6.5329504
6.5492296
6.5655088
6.5817881
6.5826364
6.5834846
6.5843334
6.5851817
6.5726271
6.5600724
6.5475178
6.5349631
6.5165014
6.4980392
6.4795771
6.4611154
6.4456100
6.4301052
6.4145999
6.3990946
5.3344531
5.1570072
4.9795613
4.8021154
4.6249771
4.4553308
4.2856855
4.1160393
3.9408185
3.7882583
3.6356981
3.4831378
3.3234255
3.1933577
3.0632899
2.9332221
2.7957709
2.6976221
2.5994732
2.5013242
2.3917775
2.3260124
2.2602475
2.1944826
2.1144547
2.0824072
2.0503595
2.0183117
1.9676303
1.9579308
1.9482313
1.9385319
1.9152632
1.9000680
1.8848729
1.8696778
1.8494765
1.8331294
1.8167825
1.8004355
1.7799324
1.7734861
1.7670399
1.7605937
1.7474850
1.7504588
1.7534325
1.7564063
1.7491028
1.7685683
1.7880338
1.8074994
1.8059565
1.8592145
1.9124726
1.9657308
1.9906626
2.0610747
2.1314871
2.2018995
2.2587655
2.3566866
2.4546077
2.5525289
2.6363935
2.7502708
2.8641481
2.9780257
3.0843263
3.2034831
3.3226402
3.4417970
3.5636849
3.6636734
3.7636619
3.8636503
3.9904718
4.0920725
4.1936736
4.2952747
4.4310474
4.5304794
4.6299119
4.7293444
4.8621597
4.9578056
5.0534511
5.1490965
5.2714214
5.3617239
5.4520259
5.5423279
5.6514382
5.7327881
5.8141379
5.8954878
5.9905171
6.0481849
6.1058526
6.1635208
6.2434702
6.2909336
6.3383975
6.3858609
6.4477940
6.4800835
6.5123720
6.5446615
6.5844569
6.6007361
6.6170154
6.6332946
6.6461244
6.6469727
6.6478209
6.6486697
6.6404786
6.6279240
6.6153693
6.6028147
6.5829730
6.5645113
6.5460491
6.5275869
6.5097389
6.4942336
6.4787288
6.4632235
6.4488297
5.3899775
5.2125320
5.0350857
4.8579473
4.6808085
4.5111628
4.3415170
4.1662960
3.9910750
3.8385148
3.6859546
3.5262423
3.3665299
3.2364621
3.1063943
2.9689431
2.8314919
2.7333431
2.6351943
2.5256474
2.4161007
2.3503356
2.2845707
2.2045431
2.1245153
2.0924678
2.0604200
2.0097384
1.9590569
1.9493575
1.9396579
1.9163893
1.8931206
1.8779255
1.8627304
1.8425291
1.8223279
1.8059807
1.7896338
1.7691307
1.7486277
1.7421813
1.7357352
1.7226264
1.7095180
1.7124918
1.7154653
1.7081618
1.7008584
1.7203238
1.7397894
1.7382464
1.7367036
1.7899616
1.8432198
1.8681517
1.8930836
1.9634957
2.0339081
2.0907741
2.1476402
2.2455614
2.3434825
2.4273472
2.5112119
2.6250892
2.7389665
2.8452673
2.9515676
3.0707245
3.1898818
3.3117697
3.4336579
3.5336463
3.6336348
3.7604563
3.8872778
3.9888785
4.0904799
4.2262526
4.3620253
4.4614573
4.5608892
4.6937046
4.8265209
4.9221668
5.0178118
5.1401367
5.2624617
5.3527641
5.4430661
5.5521765
5.6612864
5.7426367
5.8239861
5.9190149
6.0140448
6.0717125
6.1293802
6.2093296
6.2892790
6.3367424
6.3842068
6.4461398
6.5080733
6.5403624
6.5726514
6.6124468
6.6522427
6.6685219
6.6848011
6.6976309
6.7104607
6.7113085
6.7121572
6.7039661
6.6957755
6.6832209
6.6706662
6.6508245
6.6309824
6.6125212
6.5940590
6.5762110
6.5583630
6.5428572
6.5273523
6.5129585
6.4985647
5.4455023
5.2680564
5.0909176
4.9137793
4.7366400
4.5669947
4.3917732
4.2165527
4.0413313
3.8887713
3.7290590
3.5693469
3.4096346
3.2795668
3.1421154
3.0046642
2.8672128
2.7690639
2.6595173
2.5499706
2.4404240
2.3746588
2.2946312
2.2146037
2.1345758
2.1025283
2.0518465
2.0011652
1.9504836
1.9407841
1.9175155
1.8942468
1.8709781
1.8557830
1.8355817
1.8153803
1.7951791
1.7788321
1.7583290
1.7378259
1.7173228
1.7108766
1.6977680
1.6846594
1.6715508
1.6745245
1.6672210
1.6599174
1.6526139
1.6720793
1.6705364
1.6689936
1.6674507
1.7207087
1.7456408
1.7705727
1.7955047
1.8659168
1.9227829
1.9796489
2.0365150
2.1344361
2.2183008
2.3021655
2.3860302
2.4999075
2.6062081
2.7125087
2.8188093
2.9379661
3.0598545
3.1817427
3.3036308
3.4036193
3.5304408
3.6572623
3.7840838
3.8856845
4.0214572
4.1572299
4.2930026
4.3924346
4.5252504
4.6580658
4.7908816
4.8865275
5.0088520
5.1311769
5.2535019
5.3438044
5.4529147
5.5620246
5.6711349
5.7524848
5.8475137
5.9425426
6.0375719
6.0952396
6.1751895
6.2551389
6.3350883
6.3825517
6.4444857
6.5064192
6.5683527
6.6006413
6.6404366
6.6802325
6.7200279
6.7363071
6.7491369
6.7619667
6.7747965
6.7756448
6.7674541
6.7592630
6.7510724
6.7385178
6.7186756
6.6988339
6.6789923
6.6605306
6.6426826
6.6248345
6.6069865
6.5914812
6.5770874
6.5626936
6.5482998
5.5010266
5.3238878
5.1467495
4.9696107
4.7924719
4.6172509
4.4420300
4.2668090
4.0915880
3.9318757
3.7721634
3.6124513
3.4527390
3.3152876
3.1778364
3.0403852
2.9029338
2.7933872
2.6838405
2.5742939
2.4647472
2.3847194
2.3046918
2.2246642
2.1446364
2.0939548
2.0432732
1.9925917
1.9419101
1.9186414
1.8953729
1.8721042
1.8488355
1.8286343
1.8084329
1.7882316
1.7680304
1.7475274
1.7270242
1.7065210
1.6860180
1.6729094
1.6598008
1.6466922
1.6335835
1.6262801
1.6189765
1.6116729
1.6043694
1.6028265
1.6012836
1.5997407
1.5981978
1.6231298
1.6480618
1.6729937
1.6979257
1.7547917
1.8116577
1.8685237
1.9253898
2.0092545
2.0931191
2.1769838
2.2608485
2.3671491
2.4734497
2.5797503
2.6860509
2.8079391
2.9298272
3.0517154
3.1736035
3.3004251
3.4272466
3.5540681
3.6808896
3.8166623
3.9524350
4.0882077
4.2239804
4.3567963
4.4896116
4.6224270
4.7552428
4.8775678
4.9998922
5.1222172
5.2445421
5.3536525
5.4627628
5.5718727
5.6809831
5.7760124
5.8710413
5.9660702
6.0610995
6.1410489
6.2209988
6.3009481
6.3808975
6.4428310
6.5047646
6.5666981
6.6286316
6.6684270
6.7082224
6.7480183
6.7878137
6.8006434
6.8134732
6.8263030
6.8391328
6.8309422
6.8227510
6.8145599
6.8063693
6.7865276
6.7666855
6.7468438
6.7270021
6.7091541
6.6913061
6.6734581
6.6556101
6.6412163
6.6268225
6.6124287
6.5980349
5.5571899
5.3800511
5.2029128
5.0257740
4.8489871
4.6737661
4.4985452
4.3233242
4.1478553
3.9881430
3.8284307
3.6687186
3.5045092
3.3670578
3.2296066
3.0921555
2.9466271
2.8370805
2.7275338
2.6179872
2.4961493
2.4161215
2.3360939
2.2560663
2.1621475
2.1114659
2.0607843
2.0101030
1.9404119
1.9171432
1.8938746
1.8706059
1.8253837
1.8051825
1.7849811
1.7647798
1.7410740
1.7205709
1.7000678
1.6795646
1.6605653
1.6474566
1.6343480
1.6212394
1.6067309
1.5994275
1.5921239
1.5848203
1.5727708
1.5712280
1.5696850
1.5681422
1.5590882
1.5840203
1.6089522
1.6338841
1.6329706
1.6898366
1.7467026
1.8035686
1.8311436
1.9150083
1.9988730
2.0827377
2.1388392
2.2451398
2.3514404
2.4577410
2.5404656
2.6623538
2.7842419
2.9061301
3.0140529
3.1408744
3.2676959
3.3945174
3.5201273
3.6559000
3.7916727
3.9274454
4.0631981
4.1960139
4.3288293
4.4616446
4.6024790
4.7248039
4.8471279
4.9694529
5.1086016
5.2177119
5.3268223
5.4359322
5.5670490
5.6620784
5.7571073
5.8521361
5.9728889
6.0528383
6.1327882
6.2127376
6.3134642
6.3753977
6.4373312
6.4992647
6.5813847
6.6211796
6.6609755
6.7007713
6.7674437
6.7802734
6.7931032
6.8059330
6.8523197
6.8441286
6.8359375
6.8277464
6.8515234
6.8316817
6.8118396
6.7919979
6.7809572
6.7631092
6.7452612
6.7274132
6.7100935
6.6956997
6.6813059
6.6669121
6.6531887
5.6133528
5.4362144
5.2590761
5.0822887
4.9055023
4.7302814
4.5550604
4.3795915
4.2041225
4.0444102
3.8846979
3.7204890
3.5562797
3.4188280
3.2813768
3.1358490
2.9903207
2.8807740
2.7712274
2.6493893
2.5275517
2.4475236
2.3674960
2.2735775
2.1796589
2.1289773
2.0782957
2.0086048
1.9389138
1.9156451
1.8923764
1.8471541
1.8019319
1.7817307
1.7615292
1.7378235
1.7141175
1.6936145
1.6731114
1.6541120
1.6351125
1.6220039
1.6088953
1.5943868
1.5798783
1.5725749
1.5652711
1.5532218
1.5411724
1.5396295
1.5380865
1.5290327
1.5199788
1.5449107
1.5698426
1.5689292
1.5680156
1.6248815
1.6817474
1.7093225
1.7368973
1.8207620
1.9046267
1.9607283
2.0168300
2.1231303
2.2294312
2.3121557
2.3948803
2.5167685
2.6386566
2.7465796
2.8545024
2.9813240
3.1081455
3.2337551
3.3593647
3.4951375
3.6309102
3.7666628
3.9024155
4.0352316
4.1680470
4.3088808
4.4497147
4.5720396
4.6943641
4.8335128
4.9726610
5.0817714
5.1908817
5.3219981
5.4531150
5.5481443
5.6431732
5.7639256
5.8846788
5.9646282
6.0445776
6.1453042
6.2460313
6.3079648
6.3698983
6.4520178
6.5341372
6.5739326
6.6137280
6.6804008
6.7470732
6.7599030
6.7727327
6.8191195
6.8655062
6.8573155
6.8491244
6.8729010
6.8966770
6.8768358
6.8569937
6.8459535
6.8349128
6.8170648
6.7992167
6.7818966
6.7645764
6.7501826
6.7357888
6.7220659
6.7083426
5.6695161
5.4923773
5.3155909
5.1388040
4.9620175
4.7867966
4.6113276
4.4358587
4.2603898
4.1006775
3.9364684
3.7722592
3.6080499
3.4705985
3.3250704
3.1795423
3.0340140
2.9244673
2.8026295
2.6807916
2.5589538
2.4789259
2.3850074
2.2910886
2.1971703
2.1464887
2.0767975
2.0071065
1.9374156
1.9141469
1.8689246
1.8237022
1.7784799
1.7582787
1.7345729
1.7108670
1.6871612
1.6666582
1.6476587
1.6286592
1.6096598
1.5965512
1.5820427
1.5675341
1.5530256
1.5457221
1.5336728
1.5216234
1.5095739
1.5080309
1.4989771
1.4899231
1.4808692
1.5058012
1.5048876
1.5039741
1.5030605
1.5599265
1.5875013
1.6150763
1.6426511
1.7265158
1.7826173
1.8387189
1.8948205
2.0011210
2.0838459
2.1665704
2.2492952
2.3711834
2.4791064
2.5870290
2.6949520
2.8217735
2.9473829
3.0729928
3.1986022
3.3343749
3.4701276
3.6058803
3.7416329
3.8744488
4.0152826
4.1561165
4.2969503
4.4192753
4.5584240
4.6975722
4.8367205
4.9458308
5.0769477
5.2080641
5.3391809
5.4342103
5.5549626
5.6757154
5.7964683
5.8764176
5.9771442
6.0778713
6.1785984
6.2405319
6.3226509
6.4047709
6.4868898
6.5266857
6.5933580
6.6600308
6.7267032
6.7395329
6.7859201
6.8323059
6.8786926
6.8705025
6.8942780
6.9180546
6.9418311
6.9219894
6.9109488
6.8999090
6.8888683
6.8710203
6.8536997
6.8363800
6.8190594
6.8046656
6.7909431
6.7772198
6.7634969
5.7256794
5.5488930
5.3721061
5.1953192
5.0185328
4.8430638
4.6675949
4.4921260
4.3166571
4.1524477
3.9882386
3.8240294
3.6598201
3.5142918
3.3687637
3.2232356
3.0777073
2.9558694
2.8340316
2.7121937
2.5903559
2.4964373
2.4025187
2.3085999
2.2146814
2.1449904
2.0752993
2.0056083
1.9359174
1.8906951
1.8454728
1.8002504
1.7550281
1.7313223
1.7076164
1.6839106
1.6602048
1.6412053
1.6222060
1.6032065
1.5842071
1.5696986
1.5551901
1.5406815
1.5261730
1.5141236
1.5020742
1.4900248
1.4779754
1.4689214
1.4598675
1.4508135
1.4417596
1.4408460
1.4399325
1.4390190
1.4381053
1.4656802
1.4932551
1.5208300
1.5484049
1.6045065
1.6606081
1.7167096
1.7728112
1.8555359
1.9382606
2.0209851
2.1037099
2.2116327
2.3195558
2.4274786
2.5354013
2.6610110
2.7866206
2.9122303
3.0378399
3.1735926
3.3093452
3.4450979
3.5808506
3.7216845
3.8625185
4.0033526
4.1441865
4.2833347
4.4224834
4.5616317
4.7007799
4.8318968
4.9630136
5.0941300
5.2252469
5.3459997
5.4667521
5.5875049
5.7082577
5.8089848
5.9097114
6.0104380
6.1111650
6.1932845
6.2754040
6.3575234
6.4396429
6.5063152
6.5729880
6.6396608
6.7063332
6.7527199
6.7991066
6.8454928
6.8918796
6.9156561
6.9394321
6.9632087
6.9869852
6.9759445
6.9649043
6.9538641
6.9428234
6.9255033
6.9081831
6.8908629
6.8735428
6.8598199
6.8460970
6.8323736
6.8186507
5.7811289
5.6043425
5.4275556
5.2507687
5.0771418
4.9016733
4.7262039
4.5507355
4.3758864
4.2116771
4.0474677
3.8832588
3.7154589
3.5699306
3.4244025
3.2788744
3.1277294
3.0058916
2.8840537
2.7622159
2.6297023
2.5357838
2.4418652
2.3479464
2.2364922
2.1668010
2.0971098
2.0274191
1.9382120
1.8929898
1.8477675
1.8025451
1.7388823
1.7151765
1.6914706
1.6677648
1.6345186
1.6155192
1.5965198
1.5775204
1.5585608
1.5440524
1.5295439
1.5150353
1.4960022
1.4839528
1.4719034
1.4598540
1.4478012
1.4387473
1.4296933
1.4206394
1.4135733
1.4126596
1.4117460
1.4108326
1.4006747
1.4282496
1.4558245
1.4833994
1.4860821
1.5421836
1.5982852
1.6543868
1.6819186
1.7646433
1.8473680
1.9300926
1.9837313
2.0916541
2.1995771
2.3074999
2.3903122
2.5159218
2.6415315
2.7671411
2.8756666
3.0114193
3.1471720
3.2829247
3.4083855
3.5492194
3.6900535
3.8308876
3.9706135
4.1097617
4.2489104
4.3880587
4.5348396
4.6659565
4.7970734
4.9281893
5.0752797
5.1960325
5.3167849
5.4375377
5.5796051
5.6803322
5.7810588
5.8817854
6.0151167
6.0972362
6.1793556
6.2614751
6.3764672
6.4431396
6.5098124
6.5764852
6.6703911
6.7167778
6.7631645
6.8095503
6.8890581
6.9128346
6.9366107
6.9603872
7.0127659
7.0017252
6.9906850
6.9796448
6.9975390
6.9802189
6.9628987
6.9455786
6.9322662
6.9185433
6.9048204
6.8910971
6.8775034
5.8365784
5.6597919
5.4830050
5.3093781
5.1357512
4.9602823
4.7848134
4.6099644
4.4351158
4.2709064
4.1066971
3.9388971
3.7710977
3.6255693
3.4800410
3.3288965
3.1777515
3.0559139
2.9340758
2.8015623
2.6690488
2.5751302
2.4812117
2.3697572
2.2583027
2.1886117
2.1189206
2.0297136
1.9405067
1.8952844
1.8500621
1.7863994
1.7227366
1.6990306
1.6753249
1.6420786
1.6088325
1.5898330
1.5708337
1.5518742
1.5329146
1.5184062
1.5038977
1.4848645
1.4658313
1.4537818
1.4417326
1.4296799
1.4176271
1.4085732
1.3995192
1.3924531
1.3853868
1.3844732
1.3835597
1.3734019
1.3632441
1.3908191
1.4183939
1.4210765
1.4237591
1.4798607
1.5359622
1.5634942
1.5910261
1.6737509
1.7564754
1.8101141
1.8637527
1.9716755
2.0795984
2.1624107
2.2452230
2.3708327
2.4964423
2.6049681
2.7134933
2.8492460
2.9849987
3.1104593
3.2359204
3.3767543
3.5175881
3.6573143
3.7970405
3.9361887
4.0753374
4.2221184
4.3688989
4.5000157
4.6311326
4.7782226
4.9253125
5.0460653
5.1668177
5.3088856
5.4509525
5.5516796
5.6524067
5.7857370
5.9190683
6.0011873
6.0833073
6.1982994
6.3132915
6.3799639
6.4466372
6.5405426
6.6344485
6.6808352
6.7272220
6.8067293
6.8862367
6.9100132
6.9337893
6.9861679
7.0385466
7.0275059
7.0164652
7.0343599
7.0522547
7.0349350
7.0176144
7.0043020
6.9909897
6.9772668
6.9635439
6.9499493
6.9363556
5.8920279
5.7152414
5.5416145
5.3679876
5.1943607
5.0188913
4.8440423
4.6691937
4.4943447
4.3301353
4.1623359
3.9945359
3.8267362
3.6812079
3.5300634
3.3789186
3.2277739
3.1059361
2.9734223
2.8409088
2.7083952
2.6144767
2.5030222
2.3915677
2.2801132
2.2104225
2.1212153
2.0320082
1.9428014
1.8975791
1.8339163
1.7702535
1.7065908
1.6828849
1.6496388
1.6163925
1.5831463
1.5641469
1.5451875
1.5262280
1.5072685
1.4927601
1.4737269
1.4546937
1.4356605
1.4236110
1.4115585
1.3995057
1.3874531
1.3783991
1.3713329
1.3642666
1.3572004
1.3562868
1.3461291
1.3359714
1.3258135
1.3533884
1.3560710
1.3587537
1.3614361
1.4175377
1.4450698
1.4726017
1.5001336
1.5828583
1.6364970
1.6901355
1.7437742
1.8516970
1.9345093
2.0173216
2.1001339
2.2257435
2.3342693
2.4427948
2.5513203
2.6870730
2.8125336
2.9379942
3.0634551
3.2042890
3.3440154
3.4837415
3.6234677
3.7626159
3.9093969
4.0561776
4.2029581
4.3340750
4.4811649
4.6282554
4.7753453
4.8960981
5.0381656
5.1802330
5.3223004
5.4230275
5.5563579
5.6896887
5.8230195
5.9051390
6.0201316
6.1351237
6.2501163
6.3167887
6.4106941
6.5046005
6.5985060
6.6448927
6.7244000
6.8039079
6.8834152
6.9071918
6.9595699
7.0119486
7.0643268
7.0532861
7.0711813
7.0890760
7.1069708
7.0896506
7.0763378
7.0630255
7.0497131
7.0359902
7.0223961
7.0088019
6.9952083
5.9474773
5.7738504
5.6002235
5.4265966
5.2529697
5.0781207
4.9032717
4.7284231
4.5535741
4.3857741
4.2179747
4.0501747
3.8823750
3.7312303
3.5800855
3.4289408
3.2777960
3.1452825
3.0127687
2.8802552
2.7477417
2.6362872
2.5248327
2.4133785
2.3019240
2.2127171
2.1235099
2.0343029
1.9450960
1.8814332
1.8177705
1.7541077
1.6904449
1.6571988
1.6239526
1.5907063
1.5574602
1.5385008
1.5195413
1.5005817
1.4816223
1.4625891
1.4435561
1.4245229
1.4054897
1.3934370
1.3813844
1.3693316
1.3572789
1.3502127
1.3431466
1.3360803
1.3290141
1.3188562
1.3086984
1.2985407
1.2883829
1.2910655
1.2937481
1.2964307
1.2991133
1.3266453
1.3541772
1.3817091
1.4092411
1.4628797
1.5165184
1.5701569
1.6237955
1.7066078
1.7894201
1.8722326
1.9550449
2.0635705
2.1720960
2.2806215
2.3891470
2.5146079
2.6400685
2.7655292
2.8909900
3.0307162
3.1704423
3.3101685
3.4498947
3.5966754
3.7434564
3.8902371
4.0370178
4.1841078
4.3311977
4.4782882
4.6253781
4.7674456
4.9095130
5.0515804
5.1936479
5.3269787
5.4603095
5.5936403
5.7269711
5.8419638
5.9569559
6.0719481
6.1869407
6.2808466
6.3747520
6.4686580
6.5625639
6.6420712
6.7215786
6.8010864
6.8805938
6.9329720
6.9853506
7.0377293
7.0901074
7.1080022
7.1258969
7.1437917
7.1616864
7.1483741
7.1350613
7.1217489
7.1084366
7.0948429
7.0812488
7.0676546
7.0540609
6.0028954
5.8292685
5.6556416
5.4820147
5.3104744
5.1356254
4.9607763
4.7859278
4.6141801
4.4463801
4.2785807
4.1107807
3.9421473
3.7910025
3.6398578
3.4887130
3.3301172
3.1976037
3.0650899
2.9325764
2.7864633
2.6750088
2.5635543
2.4521000
2.3204451
2.2312381
2.1420310
2.0528240
1.9452190
1.8815563
1.8178935
1.7542307
1.6768540
1.6436079
1.6103617
1.5771154
1.5326961
1.5137367
1.4947772
1.4758177
1.4576025
1.4385693
1.4195362
1.4005030
1.3855748
1.3735220
1.3614695
1.3494167
1.3371555
1.3300892
1.3230231
1.3159568
1.3049148
1.2947570
1.2845992
1.2744415
1.2642860
1.2669686
1.2696513
1.2723339
1.2604586
1.2879906
1.3155226
1.3430544
1.3480461
1.4016848
1.4553235
1.5089619
1.5348127
1.6176250
1.7004373
1.7832497
1.8350054
1.9435310
2.0520566
2.1605821
2.2490673
2.3745282
2.4999888
2.6254494
2.7356954
2.8754215
3.0151477
3.1548738
3.2834175
3.4301982
3.5769792
3.7237599
3.8669341
4.0140238
4.1611137
4.3082042
4.4630461
4.6051135
4.7471809
4.8892484
5.0458937
5.1792250
5.3125553
5.4458866
5.6015787
5.7165713
5.8315635
5.9465556
6.0955014
6.1894073
6.2833128
6.3772187
6.5156636
6.5951710
6.6746783
6.7541862
6.8637590
6.9161372
6.9685159
7.0208945
7.0972724
7.1151671
7.1330619
7.1509566
7.1966887
7.1833763
7.1700635
7.1567512
7.1676598
7.1540661
7.1404719
7.1268778
7.1137362
6.0583134
5.8846865
5.7110596
5.5395193
5.3679790
5.1931305
5.0182810
4.8465338
4.6747856
4.5069857
4.3391867
4.1705527
4.0019193
3.8507748
3.6996298
3.5410342
3.3824387
3.2499251
3.1174111
2.9712982
2.8251848
2.7137303
2.6022758
2.4706211
2.3389659
2.2497592
2.1605520
2.0529470
1.9453419
1.8816792
1.8180164
1.7406397
1.6632631
1.6300168
1.5967708
1.5523514
1.5079321
1.4889727
1.4700131
1.4517980
1.4335828
1.4145496
1.3955164
1.3805882
1.3656598
1.3536072
1.3415545
1.3292933
1.3170320
1.3099657
1.3028996
1.2918575
1.2808156
1.2706578
1.2605000
1.2503445
1.2401893
1.2428718
1.2455544
1.2336793
1.2218039
1.2493360
1.2768679
1.2818595
1.2868512
1.3404897
1.3941284
1.4199791
1.4458299
1.5286422
1.6114545
1.6632104
1.7149661
1.8234916
1.9320171
2.0205021
2.1089873
2.2344484
2.3599091
2.4701548
2.5804007
2.7201269
2.8598530
2.9883966
3.1169405
3.2637210
3.4105020
3.5536761
3.6968503
3.8439403
3.9910302
4.1458721
4.3007135
4.4427814
4.5848484
4.7414942
4.8981400
5.0314708
5.1648016
5.3204937
5.4761863
5.5911789
5.7061710
5.8551168
6.0040617
6.0979681
6.1918736
6.3303185
6.4687634
6.5482707
6.6277781
6.7373514
6.8469248
6.8993025
6.9516811
7.0280590
7.1044369
7.1223316
7.1402264
7.1859589
7.2316909
7.2183785
7.2050657
7.2159739
7.2268829
7.2132893
7.1996946
7.1865530
7.1734114
6.1137309
5.9401040
5.7685642
5.5970240
5.4254842
5.2506351
5.0788870
4.9071393
4.7353916
4.5675917
4.3989587
4.2303252
4.0616918
3.9105468
3.7519512
3.5933554
3.4347599
3.3022463
3.1561329
3.0100198
2.8639064
2.7524519
2.6207969
2.4891419
2.3574870
2.2682800
2.1606750
2.0530698
1.9454648
1.8818021
1.8044254
1.7270488
1.6496720
1.6164259
1.5720066
1.5275873
1.4831680
1.4642086
1.4459933
1.4277781
1.4095629
1.3905298
1.3756015
1.3606732
1.3457448
1.3336923
1.3214309
1.3091698
1.2969085
1.2898422
1.2788002
1.2677583
1.2567163
1.2465584
1.2364031
1.2262478
1.2160925
1.2187750
1.2068998
1.1950246
1.1831493
1.2106813
1.2156730
1.2206645
1.2256563
1.2792947
1.3051455
1.3309963
1.3568470
1.4396594
1.4914151
1.5431709
1.5949266
1.7034522
1.7919374
1.8804224
1.9689076
2.0943685
2.2046144
2.3148601
2.4251060
2.5648322
2.6933761
2.8219197
2.9504633
3.0972440
3.2404182
3.3835921
3.5267663
3.6738563
3.8286982
3.9835401
4.1383815
4.2804489
4.4370947
4.5937405
4.7503862
4.8837166
5.0394092
5.1951013
5.3507938
5.4657865
5.6147318
5.7636771
5.9126225
6.0065284
6.1449733
6.2834182
6.4218631
6.5013704
6.6109438
6.7205167
6.8300900
6.8824682
6.9588461
7.0352240
7.1116018
7.1294966
7.1752286
7.2209611
7.2666931
7.2533808
7.2642889
7.2751970
7.2861056
7.2725120
7.2593703
7.2462287
7.2330871
6.1691489
5.9976091
5.8260689
5.6545286
5.4829888
5.3112411
5.1394930
4.9677453
4.7959976
4.6273642
4.4587307
4.2900972
4.1214638
3.9628682
3.8042724
3.6456766
3.4870811
3.3409677
3.1948545
3.0487413
2.9026279
2.7709730
2.6393180
2.5076630
2.3760080
2.2684031
2.1607981
2.0531929
1.9455879
1.8682112
1.7908344
1.7134578
1.6360811
1.5916618
1.5472425
1.5028232
1.4584039
1.4401888
1.4219735
1.4037583
1.3855431
1.3706148
1.3556865
1.3407583
1.3258300
1.3135687
1.3013074
1.2890463
1.2767850
1.2657430
1.2547010
1.2436590
1.2326170
1.2224617
1.2123063
1.2021509
1.1919956
1.1801203
1.1682451
1.1563699
1.1444947
1.1494863
1.1544780
1.1594696
1.1644613
1.1903120
1.2161627
1.2420135
1.2678642
1.3196199
1.3713757
1.4231315
1.4748871
1.5633724
1.6518575
1.7403426
1.8288279
1.9390738
2.0493197
2.1595654
2.2698114
2.3983550
2.5268989
2.6554425
2.7839861
2.9271603
3.0703344
3.2135084
3.3566825
3.5115242
3.6663661
3.8212078
3.9760494
4.1326952
4.2893410
4.4459863
4.6026320
4.7583246
4.9140167
5.0697088
5.2254014
5.3743467
5.5232925
5.6722379
5.8211832
5.9596281
6.0980730
6.2365179
6.3749628
6.4845362
6.5941091
6.7036819
6.8132553
6.8896332
6.9660110
7.0423889
7.1187668
7.1644988
7.2102308
7.2559633
7.3016953
7.3126040
7.3235121
7.3344202
7.3453288
7.3321872
7.3190455
7.3059039
7.2927623
6.2254944
6.0539551
5.8824148
5.7108746
5.5411625
5.3694148
5.1976666
5.0259190
4.8550296
4.6863961
4.5177627
4.3491292
4.1795025
4.0209074
3.8623114
3.7037156
3.5325117
3.3863983
3.2402854
3.0941720
2.9291961
2.7975411
2.6658862
2.5342312
2.3843465
2.2767415
2.1691365
2.0615311
1.9396143
1.8622376
1.7848608
1.7074842
1.6213609
1.5769416
1.5325223
1.4881030
1.4364861
1.4182709
1.4000556
1.3818405
1.3609958
1.3460674
1.3311392
1.3162110
1.3031056
1.2908444
1.2785830
1.2663219
1.2462951
1.2352531
1.2242111
1.2131691
1.2026002
1.1924450
1.1822896
1.1721342
1.1693783
1.1575030
1.1456277
1.1337526
1.1210341
1.1260258
1.1310174
1.1360091
1.1237762
1.1496270
1.1754777
1.2013285
1.2072976
1.2590532
1.3108089
1.3625648
1.3877589
1.4762441
1.5647292
1.6532143
1.7116185
1.8218645
1.9321104
2.0423560
2.1347558
2.2632995
2.3918433
2.5203869
2.6364799
2.7796540
2.9228282
3.0660021
3.2003884
3.3552303
3.5100722
3.6649137
3.8158526
3.9724984
4.1291442
4.2857895
4.4481473
4.6038399
4.7595320
4.9152241
5.0865865
5.2355318
5.3844776
5.5334229
5.7078304
5.8462753
5.9847202
6.1231651
6.2906165
6.4001899
6.5097628
6.6193357
6.7659454
6.8423233
6.9187012
6.9950790
7.1076913
7.1534233
7.1991553
7.2448878
7.3174009
7.3283095
7.3392177
7.3501258
7.3894644
7.3763227
7.3631811
7.3500395
7.3525333
6.2818403
6.1103005
5.9387603
5.7690487
5.5993366
5.4275885
5.2558403
5.0849514
4.9140615
4.7454281
4.5767946
4.4071679
4.2375417
4.0789461
3.9203503
3.7491465
3.5779426
3.4318292
3.2857161
3.1207399
2.9557643
2.8241091
2.6924543
2.5425694
2.3926847
2.2850797
2.1774747
2.0555575
1.9336407
1.8562639
1.7788873
1.6927640
1.6066408
1.5622215
1.5178022
1.4661853
1.4145684
1.3963532
1.3781378
1.3572931
1.3364484
1.3215201
1.3065920
1.2934866
1.2803813
1.2681201
1.2558588
1.2358320
1.2158051
1.2047632
1.1937211
1.1831523
1.1725836
1.1624283
1.1522728
1.1495171
1.1467609
1.1348858
1.1230104
1.1102922
1.0975738
1.1025653
1.1075571
1.0953242
1.0830913
1.1089420
1.1347927
1.1407617
1.1467308
1.1984864
1.2502422
1.2754364
1.3006306
1.3891158
1.4776011
1.5360051
1.5944092
1.7046552
1.8149011
1.9073007
1.9997003
2.1282439
2.2567878
2.3728807
2.4889736
2.6321478
2.7753220
2.9097083
3.0440946
3.1989362
3.3537781
3.5047169
3.6556559
3.8123016
3.9689474
4.1313047
4.2936630
4.4493556
4.6050477
4.7764101
4.9477720
5.0967169
5.2456627
5.4200706
5.5944777
5.7329226
5.8713675
6.0388188
6.2062702
6.3158436
6.4254165
6.5720263
6.7186356
6.7950134
6.8713913
6.9840040
7.0966158
7.1423483
7.1880798
7.2605934
7.3331065
7.3440151
7.3549232
7.3942614
7.4336004
7.4204588
7.4073172
7.4098110
7.4123049
6.3381863
6.1666460
5.9969344
5.8272223
5.6575103
5.4857626
5.3148727
5.1439834
4.9730935
4.8044600
4.6348333
4.4652071
4.2955809
4.1369848
3.9657812
3.7945771
3.6233735
3.4772601
3.3122842
3.1473081
2.9823322
2.8506773
2.7007923
2.5509076
2.4010229
2.2934179
2.1715009
2.0495839
1.9276670
1.8502903
1.7641671
1.6780438
1.5919206
1.5475013
1.4958844
1.4442675
1.3926506
1.3744354
1.3535907
1.3327459
1.3119012
1.2969729
1.2838676
1.2707622
1.2576571
1.2453957
1.2253689
1.2053421
1.1853151
1.1742731
1.1637044
1.1531355
1.1425669
1.1324115
1.1296556
1.1268997
1.1241437
1.1122684
1.0995501
1.0868317
1.0741132
1.0791049
1.0668719
1.0546391
1.0424063
1.0682571
1.0742259
1.0801950
1.0861640
1.1379197
1.1631140
1.1883082
1.2135024
1.3019876
1.3603917
1.4187958
1.4771999
1.5874459
1.6798453
1.7722450
1.8646446
1.9931883
2.1092813
2.2253745
2.3414674
2.4846416
2.6190276
2.7534142
2.8878007
3.0426421
3.1935811
3.3445201
3.4954588
3.6521046
3.8144624
3.9768202
4.1391783
4.2948709
4.4662328
4.6375952
4.8089571
4.9579024
5.1323099
5.3067179
5.4811254
5.6195703
5.7870212
5.9544725
6.1219239
6.2314973
6.3781061
6.5247159
6.6713252
6.7477031
6.8603158
6.9729285
7.0855408
7.1312728
7.2037859
7.2762990
7.3488121
7.3597207
7.3990588
7.4383974
7.4777360
7.4645944
7.4670882
7.4695821
7.4720759
6.3945317
6.2248197
6.0551081
5.8853960
5.7156839
5.5447941
5.3739047
5.2030153
5.0321255
4.8624992
4.6928725
4.5232458
4.3536196
4.1824160
4.0112119
3.8400080
3.6688042
3.5038283
3.3388524
3.1738763
3.0089004
2.8590157
2.7091308
2.5592461
2.4093614
2.2874444
2.1655273
2.0436103
1.9216934
1.8355702
1.7494469
1.6633236
1.5772004
1.5255835
1.4739666
1.4223497
1.3707328
1.3498881
1.3290434
1.3081986
1.2873539
1.2742486
1.2611432
1.2480379
1.2349327
1.2149057
1.1948789
1.1748521
1.1548252
1.1442565
1.1336877
1.1231189
1.1125501
1.1097941
1.1070383
1.1042824
1.1015264
1.0888079
1.0760896
1.0633712
1.0506527
1.0384198
1.0261869
1.0139542
1.0017213
1.0076903
1.0136592
1.0196283
1.0255973
1.0507915
1.0759857
1.1011800
1.1263741
1.1847782
1.2431824
1.3015865
1.3599906
1.4523902
1.5447898
1.6371895
1.7295891
1.8456821
1.9617751
2.0778682
2.1939611
2.3283474
2.4627337
2.5971203
2.7315066
2.8824453
3.0333843
3.1843233
3.3352621
3.4976201
3.6599779
3.8223357
3.9846938
4.1560559
4.3274179
4.4987803
4.6701422
4.8445497
5.0189571
5.1933651
5.3677726
5.5352240
5.7026749
5.8701262
6.0375776
6.1841869
6.3307962
6.4774060
6.6240153
6.7366276
6.8492403
6.9618530
7.0744653
7.1469784
7.2194915
7.2920046
7.3645177
7.4038563
7.4431944
7.4825330
7.5218716
7.5243654
7.5268593
7.5293531
7.5318470
6.4512172
6.2815051
6.1117935
5.9420815
5.7728043
5.6019144
5.4310246
5.2601357
5.0886717
4.9190454
4.7494183
4.5797920
4.3967166
4.2255130
4.0543089
3.8831053
3.6959257
3.5309496
3.3659739
3.2009978
3.0218263
2.8719416
2.7220566
2.5721719
2.4097035
2.2877865
2.1658695
2.0439525
1.9078145
1.8216913
1.7355679
1.6494447
1.5567771
1.5051602
1.4535433
1.4019264
1.3481016
1.3272569
1.3064122
1.2855674
1.2611699
1.2480646
1.2349592
1.2218540
1.2134110
1.1933841
1.1733572
1.1533304
1.1413291
1.1307603
1.1201916
1.1096227
1.0986570
1.0959010
1.0931451
1.0903893
1.0797623
1.0670439
1.0543256
1.0416071
1.0320717
1.0198388
1.0076059
0.9953731
0.9770511
0.9830202
0.9889891
0.9949582
0.9847617
1.0099559
1.0351501
1.0603443
1.0649055
1.1233096
1.1817138
1.2401179
1.2703533
1.3627529
1.4551525
1.5475522
1.6188028
1.7348958
1.8509887
1.9670819
2.0651217
2.1995080
2.3338943
2.4682808
2.5890326
2.7399712
2.8909101
3.0418491
3.1863809
3.3487389
3.5110967
3.6734545
3.8352165
4.0065789
4.1779408
4.3493032
4.5247517
4.6991591
4.8735666
5.0479746
5.2339950
5.4014463
5.5688972
5.7363486
5.9240456
6.0706549
6.2172642
6.3638735
6.5420623
6.6546745
6.7672873
6.8799000
7.0326290
7.1051421
7.1776552
7.2501683
7.3626165
7.4019551
7.4412932
7.4806318
7.5457749
7.5482688
7.5507627
7.5532565
7.5834241
6.5079021
6.3381901
6.1684790
5.9992013
5.8299241
5.6590343
5.4881449
5.3166814
5.1452174
4.9755912
4.8059645
4.6228895
4.4398136
4.2686100
4.0974064
3.9102266
3.7230470
3.5580711
3.3930953
3.2139237
3.0347521
2.8848674
2.7349825
2.5725141
2.4100456
2.2881289
2.1662116
2.0300736
1.8939354
1.8078122
1.7216890
1.6290214
1.5363538
1.4847369
1.4331200
1.3792951
1.3254704
1.3046257
1.2837811
1.2593834
1.2349859
1.2218807
1.2087753
1.2003324
1.1918893
1.1718624
1.1518357
1.1398342
1.1278329
1.1172640
1.1066954
1.0957296
1.0847640
1.0820079
1.0792520
1.0686252
1.0579982
1.0452797
1.0325615
1.0230261
1.0134907
1.0012578
0.9890249
0.9707030
0.9523810
0.9583501
0.9643190
0.9541225
0.9439260
0.9691202
0.9943144
0.9988757
1.0034368
1.0618410
1.1202452
1.1504805
1.1807160
1.2731156
1.3655152
1.4367659
1.5080166
1.6241095
1.7402024
1.8382425
1.9362824
2.0706687
2.2050550
2.3258069
2.4465585
2.5974972
2.7484362
2.8929679
3.0374997
3.1998577
3.3622155
3.5239773
3.6857395
3.8571014
4.0284634
4.2039123
4.3793612
4.5537686
4.7281761
4.9141970
5.1002178
5.2676687
5.4351196
5.6228166
5.8105130
5.9571223
6.1037316
6.2819204
6.4601088
6.5727215
6.6853342
6.8380632
6.9907923
7.0633059
7.1358185
7.2482672
7.3607149
7.4000540
7.4393921
7.5045357
7.5696783
7.5721722
7.5746660
7.6048336
7.6350012
6.5645876
6.3948755
6.2255983
6.0563211
5.8870440
5.7161541
5.5446911
5.3732271
5.2017632
5.0321369
4.8490615
4.6659865
4.4829111
4.3117075
4.1245275
3.9373479
3.7501683
3.5851927
3.4060209
3.2268496
3.0476780
2.8977933
2.7353249
2.5728564
2.4103880
2.2884710
2.1523330
2.0161948
1.8800565
1.7939333
1.7012657
1.6085981
1.5159305
1.4643136
1.4104888
1.3566639
1.3028392
1.2819945
1.2575970
1.2331995
1.2088020
1.1956967
1.1872537
1.1788107
1.1703677
1.1503408
1.1383394
1.1263380
1.1143366
1.1037679
1.0928023
1.0818366
1.0708709
1.0681149
1.0574880
1.0468611
1.0362341
1.0235157
1.0139804
1.0044451
0.9949097
0.9826768
0.9643548
0.9460328
0.9277108
0.9336799
0.9234834
0.9132869
0.9030904
0.9282845
0.9328458
0.9374070
0.9419682
1.0003723
1.0306078
1.0608432
1.0910788
1.1834784
1.2547290
1.3259796
1.3972303
1.5133233
1.6113631
1.7094030
1.8074429
1.9418292
2.0625811
2.1833329
2.3040843
2.4550233
2.5995550
2.7440867
2.8886185
3.0509765
3.2127383
3.3745003
3.5362623
3.7076244
3.8830731
4.0585217
4.2339706
4.4083781
4.5943990
4.7804193
4.9664402
5.1338916
5.3215876
5.5092840
5.6969805
5.8435898
6.0217786
6.1999674
6.3781557
6.4907680
6.6434975
6.7962270
6.9489560
7.0214691
7.1339173
7.2463655
7.3588138
7.3981524
7.4632955
7.5284390
7.5935822
7.5960760
7.6262431
7.6564107
7.6865778
6.6212730
6.4519958
6.2827187
6.1134415
5.9441643
5.7727003
5.6012368
5.4297733
5.2583094
5.0752339
4.8921585
4.7090836
4.5260081
4.3388286
4.1516490
3.9644694
3.7772899
3.5981183
3.4189467
3.2397754
3.0606039
2.8981354
2.7356670
2.5731986
2.4107301
2.2745919
2.1384540
2.0023158
1.8661776
1.7735100
1.6808424
1.5881748
1.4955072
1.4416825
1.3878577
1.3340328
1.2802080
1.2558105
1.2314130
1.2070155
1.1826180
1.1741750
1.1657320
1.1572890
1.1488460
1.1368446
1.1248432
1.1128418
1.1008404
1.0898747
1.0789092
1.0679435
1.0569777
1.0463508
1.0357239
1.0250970
1.0144701
1.0049348
0.9953994
0.9858640
0.9763287
0.9580067
0.9396847
0.9213627
0.9030407
0.8928442
0.8826478
0.8724512
0.8622547
0.8668159
0.8713772
0.8759384
0.8804996
0.9107351
0.9409705
0.9712060
1.0014415
1.0726922
1.1439427
1.2151933
1.2864439
1.3844838
1.4825237
1.5805637
1.6786035
1.7993553
1.9201069
2.0408587
2.1616104
2.3061421
2.4506738
2.5952055
2.7397373
2.9014993
3.0632610
3.2250230
3.3867850
3.5622339
3.7376826
3.9131312
4.0885801
4.2746010
4.4606214
4.6466417
4.8326626
5.0203590
5.2080555
5.3957520
5.5834484
5.7616367
5.9398255
6.1180143
6.2962027
6.4489317
6.6016612
6.7543907
6.9071198
7.0195680
7.1320162
7.2444644
7.3569126
7.4220557
7.4871988
7.5523424
7.6174855
7.6476526
7.6778202
7.7079878
7.7381549
6.6772342
6.5079570
6.3386798
6.1694026
6.0003524
5.8288884
5.6574249
5.4859614
5.2989945
5.1159191
4.9328437
4.7497687
4.5492449
4.3620653
4.1748857
3.9877059
3.7868237
3.6076522
3.4284806
3.2493093
3.0595918
2.8971233
2.7346549
2.5721865
2.4011738
2.2650356
2.1288977
1.9927595
1.8472005
1.7545329
1.6618654
1.5691978
1.4683940
1.4145693
1.3607445
1.3069196
1.2532980
1.2289006
1.2045031
1.1801056
1.1557597
1.1473167
1.1388737
1.1304307
1.1259840
1.1139826
1.1019812
1.0899798
1.0808570
1.0698913
1.0589257
1.0479600
1.0277122
1.0170853
1.0064584
0.9958315
0.9856482
0.9761128
0.9665774
0.9570421
0.9550917
0.9367697
0.9184477
0.9001257
0.8864285
0.8762320
0.8660355
0.8558390
0.8370543
0.8416154
0.8461766
0.8507379
0.8419059
0.8721414
0.9023768
0.9326123
0.9386728
1.0099235
1.0811740
1.1524246
1.1937292
1.2917690
1.3898089
1.4878489
1.5708146
1.6915663
1.8123180
1.9330698
2.0389400
2.1834717
2.3280034
2.4725351
2.6031051
2.7648671
2.9266288
3.0883908
3.2424273
3.4178762
3.5933249
3.7687736
3.9442601
4.1302810
4.3163013
4.5023217
4.6925421
4.8802385
5.0679350
5.2556314
5.4546404
5.6328287
5.8110175
5.9892063
6.1875505
6.3402796
6.4930096
6.6457386
6.8293591
6.9418073
7.0542555
7.1667037
7.3211384
7.3862810
7.4514246
7.5165682
7.6246700
7.6548371
7.6850047
7.7151723
7.7712007
6.7331953
6.5639181
6.3946409
6.2255907
6.0565405
5.8850765
5.7136126
5.5266466
5.3396797
5.1566048
4.9735289
4.7730050
4.5724812
4.3853016
4.1981220
3.9972396
3.7963576
3.6171861
3.4380145
3.2482972
3.0585797
2.8961112
2.7336428
2.5626302
2.3916178
2.2554793
2.1193414
1.9737825
1.8282235
1.7355559
1.6428883
1.5420846
1.4412808
1.3874561
1.3336313
1.2800096
1.2263881
1.2019906
1.1775931
1.1532474
1.1289015
1.1204584
1.1120155
1.1075686
1.1031219
1.0911205
1.0791191
1.0699964
1.0608736
1.0499079
1.0389423
1.0186945
0.9984467
0.9878198
0.9771929
0.9670095
0.9568262
0.9472909
0.9377555
0.9358051
0.9338548
0.9155328
0.8972108
0.8835135
0.8698162
0.8596197
0.8494233
0.8306385
0.8118537
0.8164149
0.8209761
0.8121442
0.8033122
0.8335476
0.8637831
0.8698436
0.8759041
0.9471548
1.0184053
1.0597099
1.1010145
1.1990544
1.2970942
1.3800600
1.4630257
1.5837774
1.7045290
1.8103993
1.9162693
2.0608010
2.2053328
2.3359029
2.4664729
2.6282349
2.7899966
2.9440331
3.0980697
3.2735186
3.4489670
3.6244535
3.7999401
3.9859610
4.1719813
4.3622017
4.5524220
4.7401185
4.9278150
5.1268234
5.3258324
5.5040207
5.6822095
5.8805542
6.0788989
6.2316279
6.3843575
6.5679779
6.7515984
6.8640471
6.9764948
7.1309295
7.2853637
7.3505068
7.4156499
7.5237522
7.6318545
7.6620216
7.6921892
7.7482176
7.8042469
6.7891564
6.6198792
6.4508290
6.2817783
6.1127281
5.9412642
5.7542982
5.5673318
5.3803654
5.1972899
4.9967661
4.7962418
4.5957174
4.4085379
4.2076559
4.0067735
3.8058913
3.6267197
3.4370024
3.2472851
3.0575676
2.8950992
2.7240868
2.5530741
2.3820615
2.2459233
2.1003642
1.9548055
1.8092465
1.7165790
1.6157751
1.5149714
1.4141676
1.3603429
1.3067213
1.2530997
1.1994781
1.1750807
1.1507349
1.1263890
1.1020432
1.0936002
1.0891534
1.0847065
1.0802598
1.0682584
1.0591357
1.0500129
1.0408902
1.0299245
1.0096768
0.9894290
0.9691812
0.9585543
0.9483709
0.9381876
0.9280043
0.9184690
0.9165185
0.9145682
0.9126178
0.8942958
0.8805985
0.8669013
0.8532040
0.8430075
0.8242227
0.8054379
0.7866532
0.7912143
0.7823824
0.7735504
0.7647184
0.7949539
0.8010144
0.8070749
0.8131354
0.8843861
0.9256906
0.9669952
1.0082997
1.1063396
1.1893053
1.2722710
1.3552368
1.4759885
1.5818586
1.6877288
1.7935989
1.9381306
2.0687006
2.1992707
2.3298407
2.4916027
2.6456389
2.7996755
2.9537117
3.1291606
3.3046470
3.4801335
3.6556199
3.8416407
4.0318613
4.2220812
4.4123020
4.5999985
4.7990069
4.9980154
5.1970243
5.3752127
5.5735579
5.7719021
5.9702473
6.1229763
6.3065968
6.4902177
6.6738381
6.7862864
6.9407206
7.0951548
7.2495890
7.3147326
7.4228349
7.5309367
7.6390390
7.6692061
7.7252350
7.7812638
7.8372927
6.8451176
6.6760674
6.5070171
6.3379664
6.1689162
5.9819498
5.7949834
5.6080170
5.4210505
5.2205267
5.0200024
4.8194780
4.6189542
4.4180717
4.2171898
4.0163074
3.8154252
3.6257076
3.4359903
3.2462730
3.0565555
2.8855429
2.7145305
2.5435178
2.3725052
2.2269464
2.0813873
1.9358284
1.7902695
1.6894658
1.5886619
1.4878582
1.3870544
1.3334329
1.2798114
1.2261897
1.1725682
1.1482223
1.1238766
1.0995307
1.0751848
1.0707381
1.0662913
1.0618445
1.0573977
1.0482750
1.0391523
1.0300295
1.0209068
1.0006590
0.9804113
0.9601635
0.9399157
0.9297324
0.9195490
0.9093657
0.8991823
0.8972319
0.8952816
0.8933312
0.8913808
0.8776836
0.8639863
0.8502890
0.8365918
0.8178070
0.7990222
0.7802374
0.7614527
0.7526207
0.7437887
0.7349567
0.7261247
0.7321852
0.7382457
0.7443062
0.7503667
0.7916713
0.8329759
0.8742805
0.9155850
0.9985507
1.0815164
1.1644821
1.2474478
1.3533180
1.4591881
1.5650582
1.6709284
1.8014984
1.9320683
2.0626385
2.1932085
2.3472447
2.5012813
2.6553178
2.8093541
2.9848404
3.1603270
3.3358135
3.5112998
3.7015202
3.8917408
4.0819612
4.2721815
4.4711905
4.6701989
4.8692074
5.0682163
5.2665610
5.4649057
5.6632504
5.8615952
6.0452156
6.2288361
6.4124570
6.5960774
6.7505116
6.9049463
7.0593805
7.2138147
7.3219171
7.4300194
7.5381212
7.6462235
7.7022524
7.7582808
7.8143096
7.8703384
6.8991184
6.7300682
6.5610180
6.3919668
6.2097511
6.0227842
5.8358183
5.6488514
5.4423246
5.2418008
5.0412765
4.8407521
4.6253614
4.4244795
4.2235975
4.0227146
3.8103666
3.6206489
3.4309316
3.2412143
3.0430312
2.8720186
2.7010062
2.5299935
2.3542297
2.2086709
2.0631118
1.9175529
1.7693582
1.6685543
1.5677505
1.4669468
1.3537548
1.3001332
1.2465117
1.1928899
1.1385092
1.1141633
1.0898175
1.0654716
1.0457251
1.0412784
1.0368316
1.0323848
1.0283751
1.0192525
1.0101297
1.0010071
1.0011965
0.9809487
0.9607010
0.9404532
0.9289508
0.9187675
0.9085841
0.8984008
0.8872241
0.8852738
0.8833234
0.8813730
0.8712407
0.8575435
0.8438462
0.8301489
0.8204368
0.8016521
0.7828673
0.7640826
0.7434167
0.7345847
0.7257527
0.7169207
0.7013745
0.7074351
0.7134956
0.7195560
0.7119122
0.7532167
0.7945213
0.8358259
0.8482580
0.9312237
1.0141894
1.0971551
1.1569937
1.2628639
1.3687340
1.4746041
1.5636103
1.6941805
1.8247504
1.9553206
2.0727236
2.2267599
2.3807964
2.5348330
2.6782398
2.8537261
3.0292127
3.2046993
3.3726878
3.5629082
3.7531290
3.9433494
4.1308632
4.3298721
4.5288806
4.7278891
4.9311380
5.1294827
5.3278275
5.5261722
5.7382808
5.9219012
6.1055217
6.2891426
6.4979157
6.6523499
6.8067846
6.9612188
7.1496119
7.2577143
7.3658166
7.4739184
7.6242151
7.6802440
7.7362723
7.7923012
7.8864903
6.9531188
6.7840686
6.6150184
6.4328017
6.2505856
6.0636191
5.8766527
5.6701260
5.4635983
5.2630749
5.0625505
4.8471599
4.6317692
4.4308867
4.2300048
4.0176563
3.8053079
3.6155903
3.4258730
3.2276902
3.0295072
2.8584943
2.6874819
2.5117180
2.3359542
2.1903954
2.0448363
1.8966415
1.7484467
1.6476430
1.5468391
1.4336470
1.3204550
1.2668334
1.2132119
1.1588309
1.1044500
1.0801041
1.0557585
1.0360118
1.0162653
1.0118185
1.0073718
1.0033622
0.9993527
0.9902300
0.9811072
0.9812968
0.9814862
0.9612384
0.9409907
0.9294883
0.9179860
0.9078026
0.8976192
0.8864427
0.8752660
0.8733156
0.8713652
0.8612329
0.8511007
0.8374034
0.8237062
0.8139941
0.8042819
0.7854972
0.7667124
0.7460465
0.7253807
0.7165487
0.7077167
0.6921705
0.6766243
0.6826849
0.6887454
0.6811016
0.6734577
0.7147622
0.7560668
0.7684989
0.7809310
0.8638967
0.9468623
1.0067010
1.0665396
1.1724098
1.2782799
1.3672862
1.4562924
1.5868624
1.7174324
1.8348358
1.9522390
2.1062753
2.2603118
2.4037185
2.5471253
2.7226119
2.8980985
3.0660872
3.2340760
3.4242964
3.6145170
3.8020308
3.9895446
4.1885538
4.3875618
4.5908108
4.7940598
4.9924045
5.1907492
5.4028578
5.6149664
5.7985868
5.9822073
6.1909809
6.3997540
6.5541883
6.7086229
6.8970165
7.0854092
7.1935120
7.3016138
7.4519100
7.6022062
7.6582355
7.7142639
7.8084531
7.9026423
7.0071192
6.8380690
6.6558533
6.4736366
6.2914200
6.1044540
5.8979268
5.6913996
5.4848723
5.2843485
5.0689573
4.8535671
4.6381769
4.4372940
4.2249460
4.0125976
3.8002491
3.6105318
3.4123490
3.2141659
3.0159829
2.8449702
2.6692064
2.4934425
2.3176787
2.1721199
2.0239251
1.8757300
1.7275352
1.6267316
1.5135393
1.4003472
1.2871552
1.2335336
1.1791527
1.1247718
1.0703909
1.0460451
1.0262985
1.0065521
0.9868056
0.9823588
0.9783493
0.9743397
0.9703302
0.9612074
0.9613969
0.9615865
0.9617760
0.9415281
0.9300258
0.9185234
0.9070211
0.8968378
0.8856611
0.8744845
0.8633078
0.8613575
0.8512251
0.8410928
0.8309606
0.8172634
0.8075513
0.7978392
0.7881271
0.7693423
0.7486764
0.7280105
0.7073447
0.6985127
0.6829665
0.6674203
0.6518741
0.6579347
0.6502908
0.6426470
0.6350032
0.6763077
0.6887398
0.7011719
0.7136040
0.7965697
0.8564084
0.9162470
0.9760856
1.0819557
1.1709619
1.2599683
1.3489745
1.4795444
1.5969477
1.7143509
1.8317542
1.9857905
2.1291974
2.2726042
2.4160111
2.5914974
2.7594862
2.9274755
3.0954642
3.2856846
3.4731984
3.6607122
3.8482261
4.0472350
4.2504835
4.4537325
4.6569815
4.8553262
5.0674348
5.2795429
5.4916515
5.6752720
5.8840456
6.0928192
6.3015924
6.4560266
6.6444201
6.8328137
7.0212069
7.1293092
7.2796054
7.4299016
7.5801978
7.6362267
7.7304158
7.8246050
7.9187942
7.0611200
6.8789039
6.6966877
6.5144711
6.3322549
6.1257277
5.9192009
5.7126737
5.5061464
5.2907557
5.0753651
4.8599749
4.6445842
4.4322357
4.2198873
4.0075388
3.7951906
3.5970075
3.3988247
3.2006416
3.0024586
2.8266947
2.6509309
2.4751670
2.2994032
2.1512084
2.0030136
1.8548187
1.7066239
1.5934318
1.4802396
1.3670475
1.2538555
1.1994746
1.1450937
1.0907128
1.0363319
1.0165854
0.9968388
0.9770923
0.9573458
0.9533362
0.9493268
0.9453172
0.9413077
0.9414971
0.9416866
0.9418762
0.9420657
0.9305633
0.9190609
0.9075586
0.8960562
0.8848796
0.8737029
0.8625263
0.8513497
0.8412174
0.8310851
0.8209528
0.8108205
0.8011084
0.7913963
0.7816842
0.7719721
0.7513062
0.7306404
0.7099745
0.6893086
0.6737624
0.6582163
0.6426702
0.6271240
0.6194801
0.6118363
0.6041925
0.5965487
0.6089808
0.6214128
0.6338449
0.6462770
0.7061156
0.7659543
0.8257928
0.8856315
0.9746377
1.0636439
1.1526501
1.2416564
1.3590597
1.4764630
1.5938662
1.7112695
1.8546764
1.9980831
2.1414900
2.2848969
2.4528856
2.6208744
2.7888634
2.9568522
3.1443660
3.3318801
3.5193939
3.7069077
3.9101567
4.1134052
4.3166542
4.5199032
4.7320118
4.9441204
5.1562285
5.3683372
5.5771103
5.7858839
5.9946575
6.2034307
6.3918238
6.5802174
6.7686110
6.9570041
7.1073003
7.2575970
7.4078932
7.5581894
7.6523786
7.7465677
7.8407569
7.9349461
